999894617
999977404
999435266
999608513
999984799
999984799
999982270
999939248
998074896
698564480
698564480
698410280
1471334045
999050108
698519849
1543084574
1471334045
552460295
1543084574
1219392966
1543084574
862753342
1543084574
1543084574
1312551961
1649246219
1778555109
2054323821
2065978329
783948166
2120837738
2082936802
1811484838
2101698826
2111033389
2007400102
1912672667
1861190054
1964559105
1968611060
2111896676
1941728890
1941728890
2057374775
1941728890
2094209919
2088080213
2088080213
1835937775
1566351649
764042607
2109618292
1458657960
2142775760
2142775760
1754786119
2112669168
2011555392
2001209291
2098546696
1666180370
1760525641
2049731646
2049731646
2049731646
2049731646
1554669363
1078684396
2010519150
1993999658
2046284449
1458385219
2088013749
1996174488
2116207472
1955669924
1996174488
1896552737
2123865475
2134973594
1634854515
2134973594
1677086166
2132776646
2095297856
2132776646
2132776646
2144508010
1397027703
2118633147
1945634218
1955770180
1877945209
2078025787
2063487907
1503995111
2078025787
2131561206
2063487907
2063487907
2063487907
2063487907
2044559247
2078025787
2039137370
2078025787
1975035565
2078025787
2021666803
1767637545
2078025787
1682583909
1643848809
1992966077
1602181350
730943817
730943817
1815060771
1213554994
2100731546
2102257158
2102257158
2102257158
2102257158
1894807132
2102257158
1545908830
2027482845
1677263396
2099415571
1799709321
1907027265
1901858933
2108809546
2142235267
2142235267
2144647302
2099415571
2128598761
1791655798
2071977946
1924191144
1950930273
1798690290
1765234688
1809018520
1917576670
2102444941
1682349274
2138482137
1777754888
2071783372
1296746320
2093346384
1963573846
2071783372
2079372618
2071783372
2079372618
2079372618
2071783372
2119643138
2064004787
1876989586
1944206043
2064363913
1626661637
2064363913
1535049335
1927969940
2030863827
2138464677
2138464677
-938643170
2138464677
1927969940
2030863827
2093010767
1109831771
1271733927
2073692712
1942615164
1964967674
2100333624
2093010767
2145429232
2088534304
2071996373
1794996997
2013299623
1713269248
2028195915
2126218457
2035680109
1810631097
2047685328
1916830134
1810631097
1771477672
2117615574
2142973642
2130541251
2130541251
1586616080
2130541251
1810631097
2130541251
1769285919
1794664527
2023692866
639643062
1885162414
1817633064
2141196554
2117317681
2117317681
2117317681
2117317681
2117317681
2086172929
2117317681
2141196554
2130763319
2141196554
2056094742
2040524914
1528783562
2137131409
2125894305
2076619474
1843334245
2106217665
1994954651
2100659438
2100659438
2072283089
1954860091
1916162815
2108193720
2125867749
2142495269
2100659438
1985906395
2100659438
1953567373
-492413931
2115924360
2123846819
2123846819
2013398175
2091857867
2126968311
1850773259
2017187269
2017187269
1923702535
1194827292
2067715162
1851698027
1510857806
2058242999
2123846819
2128354349
1842134344
2016032506
2091140508
2128354349
2128354349
2137712782
1338957978
2126187656
2136560233
2119261468
1900747266
-268629180
1447343323
2101446936
1041150486
2038423235
1811058580
1777745829
1873156920
1809811647
1809811647
1809811647
1578843121
1825601691
1932884614
184137709
2028424492
1904885641
2113246706
2039507590
2027723990
2067419260
2133906503
1295192217
1823157437
2129167947
2019007978
2136921013
2096999290
2050188808
2078699696
1904130145
1963821863
2095609948
2095609948
2049173665
1825635912
2147343984
2147343984
1378494325
1747059178
2112132328
2147343984
1881075528
2126793117
1987293212
2001931601
2099731434
2071804380
2121389602
2049211770
2049211770
2033388998
2049211770
2111956050
2127190645
1998746475
1538323230
1749067981
-29554970
1998746475
1998746475
2033581559
2043704143
2105294943
2105294943
2043704143
2141013688
2093558876
2141013688
1343114838
2023696674
1675913245
2129448413
2004182457
1905292835
2129398434
2099330972
2120410026
2135138388
2069264142
1818544766
2048720572
1945071335
1951987561
2077564416
1941174786
1993673262
2112596449
2097480723
1911375929
1911375929
1953088988
2097480723
1992250284
1992250284
1911321794
2144452622
2132283709
2143888830
1714640381
2068163544
2142728508
2068934016
1488037205
1747585366
2112596449
1349716145
967247195
2006895915
2006895915
2091671147
2108131196
2108131196
1871930194
2091978176
2091978176
1852664942
2004727123
2141331873
1873677359
1963406798
1411937599
1493120314
1975321004
1468232717
1938403591
2133779219
2133779219
2063096719
2133463519
2004274753
2098297415
1962403853
1957260159
2138063113
1663598027
1728318172
2080727795
1728318172
2092964965
2092964965
2123591039
1862806932
2092964965
2101097341
2136034047
2136034047
2037165293
2136034047
1896040016
2037488483
1289690151
2041077031
1901931063
1995123449
2048994936
2097438372
2138676327
2138676327
1859049163
2139610319
1983743201
2089944118
1971414227
1867853036
2127189770
1971414227
1036896018
2089944118
1996294717
1996294717
2091934229
2085780048
1331570577
2109620039
2120059709
2034941038
1997740426
1969644215
1996533516
2102929166
1732980080
2049436539
1982144914
1996878231
2048232706
2131701003
1895796558
610542330
2110931425
2140108760
1756599191
2142965952
2142965952
2066525185
2093305584
2093305584
2093305584
2065316992
2104900094
2032204880
2032204880
2050315322
2124236867
977821540
2051154234
2097014605
2050315322
1086323694
1922116488
2125731265
2129639071
2068041407
2068041407
2112106728
2068041407
2132131504
1873325064
1903521295
1630542125
2101246654
2076338624
1250082495
1945361916
1945361916
2032345558
1967844052
1696920841
1561704896
1821635805
2052121689
2022621106
1821635805
2125180382
2072047964
2078242367
2125180382
2078242367
2125180382
2106752451
2125180382
2121222390
2125180382
2125180382
1518366684
2125180382
2039174127
2039174127
2139006369
2039174127
2044919586
2054285465
1798385691
1827735011
1480346141
2097682643
2120414055
2120414055
2032581988
2120414055
1952955716
2094276000
1980779885
2128737848
2128737848
2128737848
1679332790
1787761454
2032581988
2136691896
1845800807
1606650603
2017536105
1841262858
1904896069
1805337760
2019048386
1981320002
1889825635
2062687757
2129841309
2143465955
2105931317
2103612373
2031713266
2099596792
1630643884
2137553432
2031713266
2087077601
1634001790
2130632332
1563075318
1375664395
740464968
1824706906
2031713266
2117206219
1531337607
1748047500
1748047500
680235065
2136178884
2008355901
2136178884
2008355901
2053762200
2040873690
2136178884
1967278939
1547881138
2087287326
2139803642
1930341299
2087287326
2023948531
1559329958
2139803642
2139803642
1619921403
2114625694
1347494513
1864761506
2140137371
2140137371
2144987391
2140137371
2140137371
713491207
902393014
1953278476
2140137371
1960247615
2140137371
2130537166
2140137371
2140137371
2140137371
1522084788
2130537166
2053621670
2056584376
2140137371
2118063614
1937033373
849350561
2116415675
2086091686
2095640209
2086091686
683062571
1478365535
2094519840
2139306021
2094519840
2139306021
2095640209
1897608151
1966519283
2064146872
1772149473
1727321314
2121378689
1979527510
2064238319
2121378689
2045042664
2082148469
2141769876
2139306021
2141769876
1895657532
2119502768
2141769876
2141769876
2102128810
2141769876
2141769876
2141769876
2012024212
2119152574
2119135922
2119152574
1601347260
1941492498
2102661701
2037550430
2142224187
885350422
1354041878
1567025081
2091435824
2139306021
2142371397
1960033269
1484995397
2139306021
1502163624
1852176181
1705075357
1896588694
1691287968
2069803346
2041152550
2041931695
2051462913
2085179178
2085179178
2134683501
1884977082
2120788984
1468401267
2009209820
2094900345
1193466638
2142132081
1942467600
2106655411
1869504326
688003877
2057255987
2134488624
2138229237
2133350870
2144339250
2016900819
2073800413
1907590699
1755535009
1721002316
1901698706
2074735728
1940253217
2141512718
2093468374
2056872724
2079042330
2058482600
1978751748
2067345860
2067345860
2045127247
2138449663
775027713
2147385219
1344309165
2147385219
2038173019
2094630509
2122381510
2122381510
1941018959
1931054048
2066874355
2132711942
2122381510
2122553221
2066874355
2132711942
2026493881
1416916762
2095429343
2063543259
2120007793
1899470759
1719074772
2001103689
1777650791
2098867763
1800684102
2142781791
1253100956
2133978336
2139198812
181476999
2039821404
2008111564
1980288808
1980288808
2134371155
2142781791
1859860001
2060276423
2103398806
2100782260
2106162693
2105298135
2142781791
1648661952
1999187797
2129805935
2129805935
2090560101
2103398806
1282230329
1958806620
2055835293
1982380396
1759826863
2144500972
1236539903
2144500972
2144500972
2142975171
1955140960
2144500972
2115074747
2115074747
2055827199
2118799980
2016914965
2036774457
2036774457
2036774457
1950183834
2060983250
2097406137
2100031174
1779268655
2127049400
2134399127
1846274740
2017958826
1947468478
2076679273
1893089345
2100031174
2022938807
1952336733
1952336733
1708976188
1689574185
1963415702
1876621526
2140229169
1986647056
2097726240
1984442955
1979992427
2130345881
2097726240
1840356523
2104576605
2113558886
2146474073
2146474073
2123093263
1924741940
1756136143
2001855998
2083524454
2031208937
1980003957
1655296469
1703667731
2081511722
1856551900
1730283083
2132344444
2103040485
2067241414
1568614414
2128158461
1591479901
2128158461
1904704553
2102028818
1991260384
1055738910
1911859385
1705464834
2139784444
2071622865
2076465415
-276653259
2062604599
2076465415
1899173196
2104172155
1826406352
2044523345
2104172155
1756758485
1782338147
1319208320
2093740926
2037846018
2136282138
1929122239
1929122239
2093740926
1929122239
1720164542
1918451815
2145982390
1996601927
1861835326
2066108880
2057229442
1423271502
1975792431
1841631524
1805089683
2075816244
2001403173
2001403173
2035803564
2143331029
2127073944
1535369847
1687284505
2128220538
2038256610
1509713288
1654182896
2124085111
2013942653
2133883571
1748689555
1976432192
2094587513
1939081657
2143171449
2027296884
2143171449
1949794700
2027291151
2054853157
2143171449
2077924884
1762485890
2020775512
2138042248
2130084423
2116847747
2086164676
1852158706
2116847747
2093438917
2146660191
2016077018
1953731612
2104431480
2138547984
2104431480
2104431480
2138547984
2022396319
2113128743
2138547984
2138547984
2104431480
1398188131
2146719777
2098381666
2112453538
2098381666
2103990461
2021708402
1957535859
1736060159
2093381256
2070937376
1854931720
1793176791
1996601771
1995340290
2047146392
130532264
1667166285
1390551279
2087273751
2129015857
1892398666
1398455543
1435629273
1929869328
2005666471
2139649842
2040731560
2106489450
2126044716
1673643727
2024419213
1444452206
2145055455
2145055455
1235439388
2145055455
1172137765
1767769286
2079410687
2084471683
2071995950
2091233327
2137332898
2091233327
2049536222
2091233327
2118951094
1970349160
1979487930
1773317237
1983723274
2075260104
1805830976
2065970658
2131440956
2125934129
2110703960
2125934129
1896553698
2125934129
2125934129
2065970658
2145910117
2145910117
1954708080
1546439362
2077427496
1877002866
2126033766
1696787524
2128327425
2128327425
1026210226
2085599197
2021796055
2085599197
2090541004
1377482124
2062534077
1859766440
1778532338
1865594657
1897519406
1682120482
2111706949
2111706949
1636291151
1729236811
2050969716
2047621076
2052766589
2037429964
2134507908
2146103923
1779743550
2015633086
1985899999
1411686944
2090098768
1886086276
715247883
1824716099
1979344212
-643433734
2132992592
2130268669
2100000520
2115443002
1483747317
2007698970
20764997
1626760013
356930306
2131135086
2050413379
2090963449
1951457987
2145464954
2145630633
1639920461
423680949
2122070354
948549060
1831762376
2012123411
2024112592
2144569807
2043215346
2114031231
1917886393
1982754710
1172177077
1959765800
2080409718
1917886393
1962881123
1938757354
2132992592
1980036204
1840932176
2065520429
1625651492
2145273700
2067127588
2067127588
2140973303
2135532481
2084235508
2140973303
661473237
2110562399
2140973303
1883093696
2146080733
2114699014
1975409329
2114699014
1840952448
2003322903
2117321025
2073147607
2100563134
2131120712
2131120712
2110314807
2062019177
1783302580
1832980320
2112924817
2094082837
2070217066
2108467044
2108467044
1895046536
1650412880
1519233624
2127881850
2073792428
2073792428
2014538232
1728016275
2032012059
2135863227
2096279601
2059721501
2047147991
2085449590
2017417332
614109277
2117823588
2134264436
2115736433
2055155345
2117823588
2117823588
2117823588
1900018841
1955895521
2121228946
2096454179
2121228946
2096454179
2121228946
2096454179
2087664817
2087664817
2139923480
2041453996
2114844039
1810759955
1941915221
2041058349
1561909092
1399776671
2108690757
2071864415
1674287104
2019704981
2030396024
1895729716
1895729716
1570438500
2145026439
2084191102
2084191102
2084191102
2084191102
2084191102
2084191102
2035716681
1929252041
1994254053
2007611263
1838883597
2106300032
2114558633
2106300032
2035716681
2050844259
2114558633
2106300032
2124052835
2130597000
2124052835
2124052835
418729421
1847996479
2114558633
2140101292
1579529595
2094628121
2104948577
1336327813
2085718768
2087134808
2087134808
2132278832
2008447021
1997756803
2008447021
1649599138
2130065901
2146885293
2146242775
1559156525
2078700936
2098912873
2014100812
2098980619
2141872573
2139133577
2139133577
2139133577
2139133577
2136102641
2139133577
2131645117
1529279935
2097259160
1976425260
2124500393
2011494885
2145713798
2145713798
1759617545
2023644416
2123339133
2126240654
2059167635
2057983052
2057676774
1564085668
1976656536
2145713798
1924736096
2041496766
2041928553
1551765313
1928765840
2146557627
2146557627
2145713798
2146557627
2117271517
2146331263
2097660158
2121956892
2146557627
1997442555
2085829954
1879016929
1544199633
1953975192
1929620061
1898848677
1956234922
2094320214
1894896846
2094320214
2094320214
2094320214
2145713798
1918542924
1929620061
1915595466
1530002267
2095675306
1772894028
1546011617
2119770663
2083460301
2119770663
2119770663
1481481945
2119770663
1677253634
2078051394
2078051394
2073020513
2135717369
2137070258
2137070258
2136286935
2135717369
1843149403
2112270816
2046350124
2145713798
1965126937
2045122553
933506741
1929598249
1430946777
1955430990
2083319855
2026763818
1914863717
1066578140
1292505568
2088561607
2109601425
2120966120
2120966120
2120966120
2120966120
1592130009
1948414914
1507745062
2116934304
1911086861
1911086861
1920398311
1933245470
1933245470
1933245470
1938492842
2101376210
1889378272
1931967608
2123766324
2004870636
1995168943
1809892173
2075647848
1853037492
2006972649
2044353826
2123637702
2124851177
2122072615
1995402475
2096660378
2028863086
2135009612
1945628950
2081961206
2034120121
2096660378
2059856916
2059856916
2096660378
2096660378
1621871711
2092684295
2095690130
1181275689
1809173563
1766750813
2051709094
2146151313
2095690130
2117005434
2142078230
2009376561
2004324437
2083686026
2083686026
1812231373
2058097744
2141605267
2083686026
2083686026
2004340378
1837722218
2058097744
2039576257
1872461618
2067816094
1365801114
2096276038
2096276038
1829331565
2096276038
2137451396
2068438136
2136130900
2111752346
2137451396
2094012802
2112017283
1960900486
2075699748
2071463833
2071463833
2071463833
2067133527
2067133527
2080317846
2034697175
2095601478
1800916279
1989811763
2126839086
2126839086
1973930546
2129892082
2026395770
2076969024
2094675240
2135321316
2082291189
1848651547
1994099676
2104294970
2104294970
2070171856
2117992232
2119307158
2119307158
484764598
2119307158
1996257127
2034744110
1696473401
2140260308
1933461223
1876603733
1056449465
2128973545
2091749361
2121287582
2065568132
2118673443
2106570176
1672430553
2052325410
2060514630
2035352015
2035352015
2117070686
169174363
2062276097
1983882281
2118607931
2118607931
2118607931
2076138576
2091232608
2067646932
2067646932
2078550026
1806672230
2052325410
2082923206
2052325410
2055547883
2082923206
2082923206
946419227
1986498183
2146042114
2083690328
1641434760
2093766551
2117446295
2082923206
2085892734
2082923206
2118935999
2118935999
2059244220
2118935999
1955911137
1946690841
1595588878
1595588878
631042964
1976730825
1595588878
1958246576
2134341025
2005343775
2005343775
2138006822
2107056251
2134341025
2134341025
2107056251
2067055367
1977191744
2098554980
2007352363
1977725262
1005508145
2082052721
2007352363
1809796931
2138719587
1737736788
2011771648
2003522882
2003522882
2121886203
2003522882
2119856101
2077421476
1394332666
2062820280
730293067
1917884752
2025932543
2093294371
2093294371
1614166994
1859585816
2124617183
2119000599
2144723448
1406813541
2079428631
2086685651
2079428631
2118460861
2144854629
1999939527
1174922913
1926012313
2147459478
1800758474
1976759399
1465469203
1929142333
2033048289
2147476105
1744794530
1808248992
1701901852
2147476105
2062564600
1862336940
2090075054
1840889360
1937402472
1654644240
1879406279
2118537081
2118537081
1824247762
2105308032
1919018576
2112694980
2123442071
1627241364
2122053345
2122053345
2140894369
2127186635
2074089130
1853584254
2106046985
2144289314
1930058481
1930058481
2106046985
2144289314
1890172249
2119456691
2137322452
2071841384
1902585917
2119456691
2117664940
2097705661
1734144920
1878402519
2078964533
2078964533
2072511770
2072511770
1156531478
2072511770
1989042130
1888213291
1989042130
1989042130
2016919943
2144217968
2120621637
2074937511
2014253754
2044820192
2119066135
2123942036
2061241043
2142703091
2141064348
2140288300
1420866926
2142703091
2026556061
1442076126
1482517748
2018245546
2009010916
2109223843
1908580194
2065385273
1330223392
2034817815
2024554317
2114026679
2070325905
2053045781
2142960691
1876251685
1987900373
2037648283
2019826712
1940342038
1827336500
1272007835
1716741612
2121935630
2063867454
2014535112
2107184741
1809874086
2079137971
1659351651
2079137971
2147089776
1996345703
1883229254
1786680310
1022940493
1932964789
2114767938
2056259541
1589205977
2002726907
1913626351
2139132257
2141463858
1893013972
2107317477
1574782802
2073756244
2141463858
2024272007
1830200327
1695661051
2135682793
2098805532
1767679403
2137864220
1595538599
1876343827
1941812039
2068134030
2142062836
1834128738
2070124638
2142062836
1941812039
2072293633
2072293633
1923675575
2069902601
2049459820
1586416658
2110743867
2110743867
2085437115
2072211394
1755217457
2055070902
2055070902
1985522730
2114164199
2085437115
2114164199
2141122935
2125987828
2129606205
2129606205
1885443103
2129606205
1866722923
2129606205
2122687754
1472071992
1344284958
1383962228
1982594967
2142863294
2006285719
2126933268
1992247182
2140505091
2140505091
2140505091
2140505091
2140505091
2042228484
1380799788
2116496002
1877237118
647039150
2104237769
2007343209
2132692017
2132692017
2132692017
2017940347
1832729380
2100902373
1879351120
2134280030
2134280030
2134280030
1958653043
2147106189
2135691835
2054984013
2056741058
2054984013
1990676678
2141259715
1965167922
1985238166
1816758379
1990676678
1990676678
1692122837
1867214012
1104014122
2075635740
2140131685
2066144560
1870671329
2043025226
2043025226
2115679375
2115679375
2047234267
1942527566
2115679375
2043025226
875032695
1889028957
1691589530
1709082277
2084778742
1926988545
1862180354
2138924397
2021769754
2147129650
2140858836
1957872834
2052373340
2147129650
2014877154
1556594595
2147129650
2034942878
2106983512
2048787217
2081415764
2098710968
1963578879
2100554180
2116766630
1967772177
2080133227
2080133227
2068414828
1967772177
1979974566
1967772177
1536294363
2012428689
2092782728
2092782728
2092782728
1992228051
1780974711
2146995278
2000964940
1971681583
2106147240
2135239608
2135239608
1971681583
2082490444
2082490444
2041089947
1907577420
2082490444
2128757525
2068156200
849333625
1943983181
2055771004
2055771004
1837243043
1790295796
1173080703
1660551717
1964704409
1686001180
1828970457
2055771004
1837243043
2033991275
2061831865
2086062269
2088309202
2140924444
1957537934
1583653489
1973651969
2005371971
2073774106
2142591402
2046187132
2034713254
1939109016
2118346046
2067232599
1916791245
1834700497
1767119573
1993086846
1915019595
1379670324
2099600704
1915865109
2103805611
1978791403
2016174173
2016174173
2016174173
2123314033
2123314033
2133849230
2146022778
1926308827
1929685416
1601376225
1857555580
2010160479
2074897964
2074897964
1300422454
2074897964
2074897964
2074897964
1738034596
2118500080
2123325119
2118500080
1883370788
2084813120
2006025668
2139763647
2140122422
2140122422
1635511197
2113531547
2084512775
2091410009
2091410009
2119543719
2116253112
2145737277
2145737277
2119543719
1673842088
2136105902
2119543719
2006115987
1965877853
2103869876
1673842088
912693717
2097578558
2112403131
2063377394
2063377394
2128771050
2084994674
2128771050
2128771050
1905554915
2033263354
2117893990
2055543473
2055543473
1980765087
1974994521
1980765087
1362550087
2139245336
2130015382
1897916193
1771289288
1897916193
1330830150
1742495337
2089953662
2005125919
1893682087
1355993983
1921049809
1956052452
2139689737
1998722587
1580270978
2142725847
2086021532
2086021532
1663686176
2061367460
1961654840
2040156213
2135349268
1976796816
1997575770
2115766664
1838846182
2139910257
1784052338
2090604690
2090604690
2090604690
2139910257
2119990797
2139910257
2021752275
1576550469
2033948927
1601748603
1843803312
1775064026
2107629031
2141151166
2131774961
1830082659
2137871090
2137871090
1152664471
2137871090
2137871090
2137871090
1682746782
2137871090
2071432608
2146577999
2036428549
2069427626
2137989856
1499474317
2052613779
2137871090
2052613779
2052613779
2137871090
2010477747
2133334310
1910650516
2128110019
2116739465
2097426686
2039536891
1931420030
2109224247
2116739465
1966581867
1835968804
1871239942
1711705189
1694847360
2095962175
1874705642
2083955624
2109455552
1929132776
1867961960
1687054672
1813651245
1972703858
2107787766
2107787766
1813651245
2052996511
2043249498
1801765621
1392015554
2138098207
2010522051
2097875929
2139310929
1439429775
2138098207
2097875929
2138098207
1920061376
2097875929
2097875929
2053115310
2049166497
1706668569
2011590708
1977657234
1817305694
1817305694
1943637153
2109722483
2132707871
2121319116
1817305694
2136514502
2139814498
2062889510
2027278055
1633933799
2078414640
2102827233
2136514502
2054977401
2075012636
1980887880
2072636839
1868805070
2015372633
2132776615
2107780097
2056609102
1894255180
1504366320
1894255180
1894255180
2102827233
2077461587
2016508289
2019347218
1975200387
1887450606
1599997139
1799172969
1665009414
2032926781
1964821745
2047830019
2047830019
2101690738
1976330047
1757417978
2074405213
2039768332
2104926323
2089418545
2089418545
2110807233
2089418545
2143295588
2089418545
2089418545
2089418545
2045205633
2115872830
1559823799
2110297068
2110297068
2110297068
2097727457
2111251100
2110949034
2082464739
2058788029
2097727457
2097727457
2058788029
1415656209
2058788029
1992344155
2072147106
2124136419
2124136419
2015707454
2134511361
2071506551
2133468691
2071506551
2106711276
1090163389
2104287620
2095452176
2035358194
2147056668
2035358194
1964246608
1877768620
1979208806
1528328197
1943799089
2136449202
1798925928
1994996376
1892489223
1601163054
1601163054
1427074331
2095699286
2095699286
2095699286
2034638492
1487493607
2024934265
2095699286
2095699286
2037573908
1383521007
2141943464
1976838156
1506616358
2014792577
2109844833
2111251100
2126738998
2037573908
2124097785
1522124374
1961180340
1760863073
2111251100
1792258295
2080588994
2098697203
2079515756
2144156333
2144156333
2062403708
1375457526
1638170918
2116631263
2062403708
1979235414
1795030161
2009270777
1650373701
320375993
2062403708
1652604564
1920523635
1628439213
1978659477
1930153143
1930153143
2116899162
1520401025
2143000754
2063573545
2143000754
1258537386
1698956319
2126247351
1009474748
1806800618
2126247351
2126247351
2090091545
2010703658
2056631724
2063573545
1927596571
1927596571
1761235876
2009749004
1868835156
2143674768
1991370094
1991370094
1970724348
1959333247
2143674768
1525229078
2061182324
1991370094
2063908195
1970421348
2117504312
2138810505
884517774
1929001435
1601384938
1904281526
2002419965
1699464452
1677893690
2086039034
2092333082
2065860255
2029708994
2029708994
2032415992
2002419965
2113137169
1936668204
1840797888
1970870223
2140356839
2072468121
2138740200
2138740200
2040415372
2072468121
2146631775
1939867965
2047655183
2113216261
2113216261
2047655183
1937192804
1937192804
2118813475
2107569124
2107569124
2095197482
2134924610
840515170
2078165544
2058381425
2093807937
2100644205
2020820026
2110747774
1973973887
2072174502
2110747774
2110747774
2107454072
2130911836
2107761698
2107454072
2110747774
2107454072
1785085429
1493295925
2046901342
1870795481
2115295775
1716872944
2125495813
1947264117
1841356241
2134668980
2078665928
2101701454
1811894180
2073963581
1999368920
2141599602
2125495813
2084424513
2116969919
2118123517
1999368920
1808661822
1983243371
2072605680
2120619951
2101073990
2047456437
2110797150
1964949992
1848912496
2094164237
2104264341
1961755182
1727542836
1972586544
2008903436
1564657502
2124217152
1907504540
2100519031
2063204489
1324587265
1472950032
2014855667
2123500355
1711427290
1332269995
533978358
1805587084
1720638013
2006548126
2048632449
1606726478
1811030466
2042953003
1999461429
1999461429
2137918551
2137918551
2137918551
1988565810
2026522025
1940638360
2137918551
1858412081
2091514101
2129581319
1993328112
1666982513
2129581319
2029727337
2129365039
2102466626
2002655512
2086158892
1192943396
2032456097
2056952872
2143835469
2143835469
2143835469
2019463229
2016259794
1792817849
2017733425
2105871413
2102333757
2111647397
1967044652
2110175439
2110175439
2132996472
2142310112
2089041271
2017459248
2105871413
1903311780
1770186395
2080274053
2066672725
2136023949
2096736799
2053788995
2139142452
2066758222
2130486021
1986368577
920094467
1949876172
2114360463
2130486021
2110455413
1889998368
1949876172
2130486021
2088379098
1949876172
1968299086
1949876172
2082741131
2114360463
2114360463
1555234281
1760044714
1785471259
2130348032
2130348032
2114360463
2108815237
2147091616
2095065381
2078126042
2144890208
2138642256
2078126042
2139555721
1750322267
1894221981
2078126042
1967681401
2123022996
1745777834
2123022996
2096038562
2035044628
2118406459
2111062857
2141133663
2141133663
1617124255
2105267554
2019372157
2073902901
1879228046
1609916932
2117292167
1799714604
1931638712
2117858889
2121279287
2064615714
2064615714
1871805769
-25554357
2130777082
1655512193
2064615714
2064615714
2131619140
2087547415
1820172294
2134427627
1794611813
1820172294
2134427627
1833556385
2003174496
2075184608
2037391218
2127265304
2100257522
1957980299
2127265304
1950027851
1656240712
2018821466
2025716019
736802016
1278863704
2052797278
2037196807
1865799778
1257886853
1879381210
1880090529
2102725747
2071363945
2120240085
2120240085
2145531522
2145531522
2091596475
2145531522
2145531522
1265369832
2120240085
2137171055
2120240085
1781018603
2132776034
2087351677
2087351677
2087351677
2087351677
2053406822
2053406822
2053406822
1857783796
2141569904
1878020339
2105631037
2105631037
2058976285
2124051573
1899891386
2078511536
1968681460
2000819611
1438814484
2138428740
2114567205
2104586475
2114567205
2138428740
2014395701
2145016870
2114567205
1814171746
2049530835
2048865305
2044089781
2085925901
1867490569
2044089781
1951000116
1518065032
1989339841
2145404128
1990101319
1518065032
1876325430
1790371891
1992589435
1655988598
2066866930
1946282053
2118177399
1848597010
1846606454
2007798030
2127807769
2144925358
2144925358
1920366399
1252773030
1832464815
1629256837
2049163281
2139939454
2056905898
2011133193
2115884543
1801953131
2037272718
2015742952
2037272718
1644626806
2037272718
2077884179
1998111252
1318205738
2020266144
2139646920
2009062954
1613096325
2105900581
2128244713
1860280091
2090901220
2126573651
2126573651
1366973336
2102669987
2102669987
2112968680
2102669987
2142271343
2112968680
2112968680
2019679148
2092636693
2134877549
2134877549
2134877549
2134877549
2068386044
2116585505
2104030242
1831840411
2103228389
2103228389
2103228389
2104030242
1402321486
2116585505
2103228389
2103228389
1572982958
2128806437
1983640129
2036937707
2071544015
1529952227
2095516951
2095516951
2133107221
2133107221
2133107221
2121029821
1860688375
2114273926
2084829801
2084829801
2084829801
2046855237
2114273926
1791604271
2066305955
2121029821
2061869183
2121029821
1513380534
2114273926
2114273926
2092971005
2092971005
2114273926
1995468280
1949008739
1909665749
1885810028
1874445630
1799962064
2078620209
2137925360
2130774608
2137925360
2143443611
1136352126
1808398358
2003650570
2144256422
1999535583
2039733498
1993936469
2122787061
1901413459
2009646832
2009646832
2039642576
2006888493
2013075556
2136947306
1984740889
1843532945
2088444272
2018412378
2138557752
1883286706
2029726840
1918127689
2130717984
2078293362
2107570287
2009646832
2018412378
2107570287
2107570287
2093866233
2093866233
2030114920
1968406239
2037558530
1943719717
2126987080
2126987080
2049496103
1493203257
1823484553
2093841744
1923663256
1891933777
1839705993
1922739716
1957459634
1579456061
1396238048
2098474274
2089553419
1983064667
1835584114
-65810008
2071059991
2044202952
2123098417
2123098417
2124313521
2115183438
1863232032
1784962763
1971757944
1725669401
2062579023
1873527534
1737377404
1908417349
2138926936
1966327640
2116335183
2038467004
2079773274
2142815548
2142815548
1651283819
1894972512
1989981521
1795803513
2025874699
1795803513
1795803513
1999173939
1949487330
2116003189
1695627573
2083619585
1979414221
2104403029
2025425976
2103157320
1647681660
2034498934
2034498934
2070356595
1899626596
1155975703
1879013190
1986345861
2090179188
1899626596
2130842571
1797214131
1768637846
2141111128
2141111128
2141111128
2141111128
1988399108
1988399108
1083487304
2145228841
387485328
2117263052
2067446748
2038554346
1910250362
2056234258
2058018491
1744666266
1695052000
2013768848
1680730187
1467061558
2041053840
2124728066
2131981593
1993833142
1993833142
2131981593
2131981593
2103119236
2103119236
1879331437
2004511094
2119118836
2119118836
2119118836
2005034145
1554788936
1729492761
2110369818
1497060099
1899682797
2125141760
1688510218
2109643453
2061528333
1921435098
2077049039
2138320653
1460584236
1640365851
1658668665
1993100633
1520592289
2057339193
2053933025
2099200688
1958844162
1918804460
2099200688
1964718800
2099200688
2146144330
1945360687
2019075989
2019075989
2080180611
2133721287
1948152813
2016180830
1956922709
1419729437
2016180830
2068514838
2139422296
854327641
2123793912
2012807696
2046477495
1861799056
2116896695
2116896695
2116896695
2012807696
1818679057
2012807696
2116896695
1977475094
2012807696
1977475094
1924606983
1977475094
1840704399
2112688046
2042307399
2106309471
2012807696
2074083264
2074083264
1853451155
2132347402
2122691787
2122691787
1581115489
1971622665
2012803084
2024467070
2141648695
1896944579
2133881389
1782229492
2023920888
2112048849
2023920888
1997173121
2056198661
2101524655
2101524655
2007937557
2048844284
2096270035
2117397529
2076385651
2140002396
2089009568
2113414146
2113414146
2113414146
1488036409
2113414146
1816423375
2094811836
2049353606
1910582198
1594671534
2017254323
2138512800
2138512800
2138512800
2000186188
2134452330
2080418947
1954197433
1640956625
2116251953
1958338954
1966217235
2056317544
2007050152
1829434596
2098519463
2120519182
2098519463
1704902816
1645330506
2098519463
2145279907
2066920490
2145279907
1837915345
1752257231
-1255769958
2048708253
2048708253
2066920490
1944752905
2096175151
2066920490
2066920490
2048083289
2099934480
1823713786
1628750623
2117701170
1841907149
1953813025
1848935204
2026519309
1658977865
2129405924
2103744181
2036159055
1781139382
1360136424
2088490699
2090152566
2114433637
2109152593
1833926271
2005078303
1951879869
1920484255
1961325920
2133137911
1977738755
1231191027
2106337177
2106166156
2145121015
2145121015
2139302527
2031334928
2132977677
2065900754
2092567457
1443329740
2132977677
1509977882
2110057879
2110057879
2133322898
1901318307
1664762044
1901318307
1907356216
2054393819
1907356216
2050653794
2075807744
2091766574
2131950068
1852849427
2131950068
2143050016
2031437951
2120071713
2137148708
2137148708
2143345894
1966659575
2009488687
1666686964
2049177632
2023638183
2080816381
1487511660
2004511304
1884198627
2022196722
1859672911
2103245281
1974016711
1677096805
2046576865
1848358707
2103245281
2103245281
1217870091
2065476786
2141898869
1975004645
2072447403
2004883951
2142549919
2129017913
2072115988
1889296599
2140273997
2124394688
2100259405
2124394688
2060488434
2109911068
2043067942
1992824235
1893475399
2016804999
2101843607
2118744756
2118744756
1951958111
2094847240
2064332774
1076256604
2111334915
1423477705
2101009563
2101009563
1933645235
2004118778
2146368097
2026118164
1781349536
1789172251
1998909497
1781349536
1998909497
2032916757
1253285176
2124616603
1941260813
2134263405
2134263405
2116889786
2116889786
2116889786
2104277011
2136705210
1926974785
2049164783
2111920991
2111920991
2006997710
1999231763
1827349490
2003306009
2076670290
1974404858
2013639079
2102765296
1974404858
1627516943
1627516943
2076053044
1963354889
2000060279
1963354889
1866937516
2129098753
2109197931
2096814850
1767291487
1616645741
1440666595
1440666595
1680022957
1318142602
2085476026
2051014187
2029834439
1961393624
2140985138
2113590444
2078725126
2078960378
2113590444
2140985138
1601918696
2142535618
2140985138
2140985138
2140985138
2057090854
2005904419
2078725126
2025726439
2108105128
2072792772
2027486749
2089893437
2078725126
2119815832
2089893437
2112399840
2112929595
1861971563
2131987622
1961393624
2124127855
1961393624
2131691782
2079967335
2079967335
2105467558
802248795
2136790890
810791790
2136790890
2127737504
2136790890
2063590691
2136790890
2059914373
1895461408
2096103101
2096103101
2096103101
1942098244
2105467558
2092603559
1598601469
2106776718
2137382554
2137324786
1941855079
2089365472
2089365472
2022235958
1990069193
2131284149
2131284149
2008242182
2135474613
1895402364
2055868908
1906624407
2060682643
2048368203
2101737154
2073776648
2055868908
2073776648
2101737154
1892812176
2131695358
2131695358
1126200407
2093893284
1555026862
1858421141
2042364782
2135200397
1392486239
2136615010
-442061333
1353777925
2146432167
1943542787
2099504755
2011605987
2011605987
2084181927
2120195751
1832331549
1857286035
2142074530
2075185259
2007175411
2120640911
2145266109
2145266109
2009149350
2123592414
976491731
2123592414
2123592414
2147252566
2147252566
2112274086
2096302984
2133703000
1633141242
1890973428
1987912606
2092375406
2084337379
1930196971
2084337379
2103759735
1690365836
1496108733
2005942433
2138835817
1939017746
1948675380
1863028788
1855580014
2022016256
1547869286
1956699234
2070520118
2023681845
2134403882
2054996303
1636350646
1847159497
-95458338
2092028802
1934527252
2092028802
2092028802
2092028802
1855861504
2067774315
2072880840
2102607039
2045928491
2129679943
2145665862
2147223049
2097540216
2147223049
2027970737
1796055394
2108654357
2034585070
2108654357
2093338338
2108654357
2091803504
2043755455
2034585070
2034585070
2034585070
2107103371
1880848106
2071338205
1965173928
2097761652
2103362951
2103362951
1997377927
1851881038
2082047224
2047273592
2001326604
2022400921
2006949759
1875997276
1937098053
1981670870
2098612769
1834803033
2125030351
1638010607
1802673181
1449917483
1856167678
2116742041
1585461075
2089929586
2089929586
1688049885
1925545260
1560607904
1836255272
1706894907
1818755517
2037920761
2139113780
1986385269
1911210696
1970123809
1804600876
1783851423
2057553837
2066132213
2146724510
-104079068
1936998608
2092899373
1630089748
1972621141
2083745647
2033644331
1883045577
2082046377
1910150882
2141805184
1948712213
1910150882
1975483197
1274753100
1298032586
1987487864
2131330329
2131330329
2137480573
1549016370
1828613032
2045781996
1963758706
1749805367
1587053021
1998210721
2144808079
2140283911
2094590150
2053793058
2053793058
2032260799
1310027798
2070483767
2027062038
1743597295
1742849207
2117023501
1521969785
1723565639
1842795008
2121396991
1814371519
2111511536
1765867601
1966819329
1966819329
2068511783
2078690743
2030702495
1928626328
2063201893
2132185554
1874333988
2135893192
2071484115
1977363252
1869065891
1869065891
1705933241
2137905429
2137905429
2137905429
1869065891
1956558383
2120881374
2138026142
2081507830
2117115318
2146640966
2117115318
2136813696
2117115318
2136813696
1727153696
2136813696
2141212568
2118352673
2118352673
2144365531
1819774912
2084199975
2083242005
1957172333
1820615800
2136057738
2060141963
2118301242
2118301242
2118301242
2136057738
1939379161
2136057738
1880560755
1328195255
2145993928
2145993928
2102397694
2145993928
1982111488
2145993928
2145993928
2091909838
1908115444
2032994061
2023365653
2138241369
2018362650
2130392226
1985825091
2119973315
2147167358
1830433332
1960095691
1215062891
1823847624
2147204544
2134908118
479491710
1954770423
2080221948
2067210068
2095640478
1993454060
2117439890
1560754968
1839153332
2066225455
2023819759
1962932366
2005948852
2081665428
2081665428
2008174722
2008174722
1978310358
1682518465
2050951146
1591620359
2050208881
1837192166
2050208881
2075326817
1878335955
1810307567
2050208881
1893389527
2062287898
1673994763
2114877240
2114877240
2114877240
2013513118
2092896222
2092975167
2102746086
2092975167
2092975167
2092975167
2092975167
2092896222
1952246881
1979066381
1930695802
2119773979
1256249682
1401378458
2027062038
2019564164
2019564164
1693997290
2112050181
1461648002
1759424536
1677011175
2131344262
2005975402
2067505750
2045041181
1921647098
1968630994
1750825318
2056385430
2078653072
2066474056
1867122436
2024881976
1878283005
1900222444
1431090185
1977637839
798108155
2031399137
2125960779
2143407404
2125082428
2021925051
2134649323
1981072119
1812525728
2082061412
1987833727
2079264115
2144786087
2133606809
1898656295
2133606809
1308996019
2054455539
2054455539
2081289959
2080618986
2122134404
2024183149
2024183149
1818543915
2137747808
1925243540
2128923149
2125391405
1861502292
2130419876
2114580243
2083832475
2138803263
2092483192
2095636393
2114580243
2100430742
1881590716
1935679321
2014698697
1718007211
1919448168
1972273985
2104394900
2079266912
2079266912
882897916
1852758716
2047526245
2126360700
2076643613
2117566232
1245855616
2022276357
1951685991
2127967405
2049785915
-224773575
2094213970
2049785915
2123765852
1931199087
1632134296
2123765852
2076643613
1947577716
2113685265
2133901334
2095825028
1897590742
2090616762
2088204746
2116456151
2144778291
1940150216
2048778730
2048351062
2048351062
2048351062
1971515155
1990506469
2147455395
1920969539
2047955159
2130084491
1892246111
1961406096
2006378127
1909377654
1381674340
1908327352
1966336305
1943318077
2069931984
2069931984
1992002896
2069931984
1903574570
1812833895
956766262
1885264120
2098913468
2072539339
2072539339
2132691840
2118138800
2072539339
2030637366
2030637366
2118707038
1934674627
2143210028
2036619760
1947112053
2143656837
2089767802
2138933691
1748238556
1880204707
2138933691
1983130375
1407964406
2138933691
2143210028
2138933691
2143210028
2115903726
2120423557
1776185053
2120423557
2117308290
2104153621
2104153621
1371452098
1964874182
2076526298
2027029011
1401783368
2104153621
2104153621
2146990020
2138814290
1666822227
1466308410
2129402044
1987575874
1448114740
2014998846
2129402044
1600159960
2138285771
2139379149
664692641
2090726528
1310637607
2132547516
1582395055
1718116075
2090726528
2090726528
2112142575
2117242441
2078117943
1855694614
2104186876
2117242441
1883409023
2138705122
2117242441
2138705122
2145740794
2138705122
2138705122
1709974166
2117031063
1896691736
2122316446
2088737976
2120064934
2120064934
1740446334
2120064934
2120064934
1969448729
2135685817
1989128732
1693356015
2146542991
2106658737
1845038935
2135685817
1933843784
1458629339
2135685817
2089889444
2089889444
2117481074
2142287157
2103099917
1994620936
2043332397
2025138433
2125785905
2078131138
2114541037
2125441679
2005485996
2076887907
1989048373
1989048373
1969112436
2005485996
1864647227
1955045138
2123730667
2145980868
2135740836
2101799476
1638222478
2145222328
2132929400
2123099212
1919644716
1980275469
2134813402
1618943760
1841267256
2078649802
2133852870
2096795352
2044284754
1393538476
2073627887
2133852870
2133852870
2044284754
2028371369
989222892
2030667554
2028371369
1441618824
2115004212
1264436828
2005433310
2028371369
2127617649
2127617649
2140257398
2110725674
1919382580
411167516
1293559924
2058960502
2110725674
1994938559
2066107770
2039852753
755932291
2109830455
2024386788
2126600713
1968894393
1593597284
2133567340
2133567340
2071170562
1902549361
2133342299
2057473766
1662354057
2074713485
2111564217
2147116559
2007045801
1962831156
2123986834
2126430555
2007045801
2007045801
2007045801
2091309737
1947903122
1987525857
1180564562
1884432381
1785058114
2028869987
2091838532
1898904101
2008478262
1898904101
2137316674
2110611136
1907920505
1570568640
2080761973
1198236562
1843351453
2080761973
2080761973
1944172712
1572995729
1735747912
2140250769
2107667472
2077160635
2107667472
1657932430
2098350678
2090345348
2086680296
2100775685
1879397819
1937326657
1930031636
1886040206
2135525484
1703426815
1766981679
2145030184
2145030184
1472333944
2038699533
2145030184
1927021838
2087179577
2062761332
1306353839
2035551241
1984617427
1592458039
2137835677
1266450788
2137835677
2137401678
2137401678
1719943084
2137835677
2137835677
2137835677
2137401678
1005808130
2048625946
2137835677
2017018168
2076435718
2005552712
1149006000
2069733013
1732781862
614723989
839869112
1871369152
1307942950
1320801585
2141471668
2136342078
2104159387
2104159387
1997044640
2097536484
2000775560
2072005432
2130545522
2126401355
2125034831
2107390917
2125034831
1792647145
1415578699
1792647145
2124388414
2032197013
2125034831
1906359424
1887464812
1898884269
1971799204
2144109229
2083637375
2097769838
2097769838
1575434022
2090590388
2121087223
2064014069
2090590388
2119325967
2138469000
2112409825
2004962901
2070588705
2137680896
1437341492
2122003416
2138469000
2138469000
2138469000
1906348158
1926804190
1969441585
2119223408
2106371966
2014497361
2135357717
2014497361
2014497361
1827590326
2037542453
1978423265
1422421585
1990991025
1990991025
1466093877
1813707902
2133532552
2128959341
1706627095
2127086905
1709782383
2034271869
2009504917
2127231892
1922635707
1383203638
1900204566
1510486673
2127086905
2104130866
2127086905
1997899156
1398394735
1997161258
2127086905
2031737242
2073531136
2090633971
2114551636
1716369649
1692373821
2128959341
1716369649
2101587785
2101587785
2101587785
1789600399
2118627742
2018311003
1729652712
2118627742
1716369649
2036205623
2084188926
2113023217
2113023217
2128959341
1692848639
2127886620
1971407316
2017422776
2119326542
2132000523
2117948156
2117948156
2113023217
1117222699
2145346644
2101023030
1856515337
1960741069
2120290467
2101049938
2145346644
2104575820
2145346644
2022170207
1968695265
2038025212
1899256853
2031857770
1824566228
2059958502
2059958502
2045707853
2064007512
1933257761
2059958502
2059958502
2145346644
2120974078
2120974078
2069228975
1914117310
2022918678
1991396130
1857749411
2100333938
2026689953
2145346644
2145346644
2145346644
2066601539
1896056395
1777547380
1731780301
2146716217
1918057336
2074647942
2097126176
2107558876
2097126176
2097126176
1962775736
2107558876
2138126173
1425078046
2109773401
1772441031
2058380451
2117215477
2004259032
819827922
2017927491
2121414322
1450458810
2072791687
2050488712
2121414322
2050488712
2050488712
1695765119
1661354606
2124294616
1541343259
1868511918
2100872597
1940751790
2122720152
2067277501
2013063702
1980506360
2080489468
1980506360
2043584182
1768433912
1980506360
2135627062
1991072262
2106043137
2106144050
1443489145
2031626846
1822481974
2135286830
2114309067
1640327820
1658036351
2102703840
1624304143
2123050252
2135457280
2071965785
1623664105
1899249125
1917015546
1915511448
2052188905
2133797076
2145339023
2002574072
2085584586
1279873288
2123517927
2108838530
2076122278
1794236204
1850328686
2028152882
2116659163
1999039689
1691068390
2123517927
2082778521
2082778521
2036485025
2106599760
1984970853
2085845967
2070996595
1973225926
2100681431
1856312589
2079502349
2001101475
1992024335
2094651697
2094651697
2132386688
1629201051
1772377221
2119295510
1181159913
2092173517
346060768
2110593701
2111494548
2146120150
2146120150
2146120150
2146812870
2146812870
2070794107
2034167456
2076699958
2139068436
2139068436
2087662248
1826084583
1561277222
2114020303
1855976773
2048947658
2043737194
981614313
2024006737
2145116714
2113120854
2101439003
2135886528
2142896889
2135186962
2142896889
2112758517
2132737962
2038743060
2135886528
2098344049
2054952708
1917340070
1586066095
2135315261
2135315261
2135315261
2135315261
2127584655
2072143200
1878014590
2142532767
1435881742
840618980
2124299484
1911338519
2144367109
2141817167
1859657790
2125258029
1860167832
2057173094
2092865172
2097054892
2118384314
2132703629
1988680303
1988680303
1603966483
2132703629
1768568657
2084158569
2113514087
2001291947
2113514087
2113514087
1980639539
1980138276
2058001322
2121916727
2044631202
1604221911
2091469610
1848549474
2044782722
2103734426
1895413999
2087566888
2139173376
2006469679
2107010458
920811765
2114787264
2061900195
2121483577
1984296234
2121483577
2121483577
2121483577
1819573028
583270507
2117269051
1368077788
1646553276
1977353114
1977353114
2007801488
1920848194
1700370018
1639251749
2075035169
1887135553
2077332476
1887135553
2131399958
2075035169
2102883614
2068051133
1973312497
2124052011
1409471740
2078183046
1959205040
2009391214
1637577713
1809611713
2141742927
1974555280
2139804094
2075608810
1919087950
2075608810
1943743481
2092823146
2092823146
1992781793
2081003626
1901657009
1998085616
2137194940
2099613261
2099613261
2140462980
2099613261
2099613261
2007028538
2067560815
1881706648
2081003626
2002726808
2002726808
2099810357
1106330751
1840952756
2036383287
1992781793
2116134855
2003263119
2003263119
2050686517
1258987310
2103225031
2112314001
1992781793
1258987310
2087181777
1853332479
1822520989
2067568700
2067568700
2067568700
2067568700
2123207584
2081003626
2067054387
2076076689
2044110147
1900772576
1953458269
2117763242
2015109015
2072352176
2069796962
1800692260
2004869422
2120482469
1959420024
1877368508
2048883887
1959901174
1990556008
2120482469
2120482469
2120482469
2120482469
2122268385
2124003282
1678717944
2131324819
1936259410
2143711644
2143711644
2143711644
2100075260
2044591219
1740009690
1969367000
2018005393
942562014
1890401508
2087902023
2128625513
1609530056
1826957375
1785564023
1815346558
1372280481
1694254450
2024365071
1870068182
1752718911
1782260454
2087335566
2100075260
2033708919
2055881347
2003307498
2128783587
2139964987
1921426797
1943343806
1845994537
1123948539
2067897333
2036204462
1713324835
2031314570
2067688809
2118957556
2043524362
1955242929
1955242929
1565253610
1724880126
2009481169
1953012817
2122760023
2122760023
1748058734
2055557181
2055557181
2140715315
2140715315
2140715315
1914420804
1925151394
2110697042
2115431369
2009047510
2061401739
166815195
1968819172
1909737927
2116396222
2038311016
2084543677
2057213438
2143399682
2143399682
2143399682
2022245364
2043683532
2085060073
1959380945
2126572771
2126572771
1834423368
1834423368
1985765706
2085060073
2066143585
1490678081
2066143585
2116251888
2112722445
2037938985
2107080297
2113884968
2113884968
1719063905
1881947960
2124263468
2124263468
1827574579
1530826598
2089442895
2120924506
2094330315
1727346132
2109963877
2109963877
2147427169
1980024829
2032863999
2100169833
1955194863
2067700929
1946338750
1799039675
2103107356
1770661852
2060357508
2119342670
2120848605
1925930034
2077510935
1845793088
2143577052
2092761538
1931445433
2092761538
1955268358
2147004379
2138218072
2059323615
1965761399
2076686055
2145323829
2134954349
2089460079
2135834128
2100279909
2134954349
2056938260
1961044327
2134954349
1620898216
2079216366
2111190202
2079216366
1966509121
1527902742
1934096047
1649097025
1933591334
2013760118
2145832733
2046008078
2097852399
2037946000
2097116276
2074590852
1886559051
2125060719
2059340028
2059340028
2059340028
2064579680
2059340028
2059340028
2049101277
2049101277
1538720452
1940806300
2134873852
2053359299
2021100663
950745671
2124145321
1909087597
2029715527
1763577090
2029715527
2146778027
2147212578
2141231782
2147212578
2147212578
2147212578
1932034060
2147212578
1941534816
2140612734
2143413331
2140612734
2140612734
2037831182
2106601262
2143101615
2140612734
1546272463
1487441769
2043667023
1928733662
2046801410
2046801410
2099253111
2069772970
2009474529
2084024382
1902188879
2140973987
2057054504
1787106993
1774713937
2140973987
2140973987
944069920
2125839179
2140973987
2125839179
2140973987
1987846631
2044100033
2140118961
1510026745
1644308868
2098004986
2041725566
1860795370
1918688779
2116063987
1899276065
2113101585
1824682963
2094129493
1990691167
2133902963
2094129493
2128125940
2023918932
2094129493
1930993957
2054084370
1975846910
2041862281
2113825895
1524581559
2113825895
2020495765
2144868855
2129328551
1929160005
2106313869
2142021359
2072452639
922980132
1797719032
2039255982
2039255982
2097633664
1859764331
2047535056
2131724480
1979529019
2092556962
1868194267
2087548612
1932792144
1855636626
1795029703
2047535056
2085715161
1974004552
1974004552
2093978898
1264781020
2093978898
2140951585
2111319162
2142032015
2090367693
2142032015
2142032015
2111319162
2142032015
2111319162
2134557537
-120947081
2142032015
2111319162
1100567996
1976124264
2027110007
2093978898
2093978898
2062159560
2022140570
2096054351
2105415000
2130078733
2105415000
2022140570
1745212938
2046308074
2140982328
1935102311
1906176812
2132245741
2130390565
2119973638
2105415000
1796912505
2128210062
2025665754
2128210062
2051608808
1635702351
2140412880
1465349598
2140412880
2109581872
2040293630
2060562044
1556939695
2062007984
2062007984
2059423298
2059423298
2028021196
2121812633
2114047069
2059423298
2049139421
1573640149
2016673550
2130147475
2081919757
2076386557
2126262455
1850781021
2101004353
1696316815
2076968474
2101004353
2065911717
2068419892
1391362263
2100200851
1975647908
2093798728
1969702509
2134939019
1592755145
2119851867
2119851867
2119851867
2119851867
1560583840
2119851867
2130389671
2119851867
2119851867
2009646467
2119851867
1826183289
1845283602
2009646467
2075443262
2075443262
1845719036
2058850336
1408050131
2124963175
2124963175
1887582785
1382436946
2009646467
1887582785
1841138018
2106147496
1841138018
2092382052
1830386439
1619090680
1619090680
2016530102
2035121248
2091466542
2079917092
1673030463
1902487977
1994539050
2044428414
2115597969
2053355463
2077745548
1878845760
2077745548
2031502922
2008725146
2108293135
1552664036
2087533090
2140342355
1508936717
2083667784
2073773280
1134426549
2064446732
2105746857
2125747751
2126541191
2129129000
2077745548
2034125698
1995851990
2108960872
2118285827
1822088356
1839520904
2035987156
1128741446
1872336553
1832785528
2010692530
2079398065
2079398065
2079398065
1920032215
2079398065
2092476043
2074899562
2126065954
1524596344
2094621661
-220960185
2133781025
1706404969
2131346144
1792548816
1819846716
1935227815
2097843288
2141182634
1775582440
2092012227
2092012227
2092012227
2136403855
2088483851
1862960413
1741093157
2123633254
2072576634
1956376923
2108201155
2018078295
2072576634
2123633254
1789207034
2116852670
2123633254
1938699504
2131975006
2112086078
2131975006
2008392338
1382119817
2114367651
1779950279
1996470843
2066857072
1886670923
2107317424
2107317424
2104727987
1918492931
2104727987
2006973251
1918492931
1909158857
2144482424
1982518950
2047537585
2144305057
2093554077
2093554077
1766036000
1804146980
1919358219
2118037411
1995411695
2101582164
1976609629
2144083947
1684394588
2036710870
1988388527
2137018164
2036710870
1862725802
1848095083
2040835041
2039564276
2040749377
1989585311
2040749377
2040749377
2033884391
2061249912
1765730883
1882978235
2132972037
1970558760
2086730393
2055578409
2111467652
2091378600
1958096115
1407319452
1974806232
2082410192
1520979030
2053396095
1975860905
2136899053
2137730309
2029457675
2137730309
2137730309
2071269272
2071269272
2133671803
2121078725
2133671803
2126887146
1821164713
2133671803
1809763566
2136899053
2126887146
2133671803
2096574809
2096574809
1907959046
2133671803
2011064225
1893448469
1720511564
1900108184
1720511564
2133671803
2043970977
1404721923
1261138366
1792376945
2137850467
1871518658
2096126460
2096126460
1975095831
2096126460
1313071449
2094149515
2094149515
2023567456
2078528831
2078528831
2133671803
2026458671
741470418
1987912780
1977456649
2081768060
1358372230
1882886855
1970836169
2035955115
2108340405
2108340405
1938161061
2089996279
1728421044
2121729297
2134431325
1982045515
2122758427
1795619313
2122758427
2113135023
2136010604
2111642812
1988139112
2125966171
2135196122
1787007477
1952670245
2097980872
2039849311
1933941312
2084177090
1933941312
2101250085
1970854513
2077306802
2136265836
2129670409
2125966171
2114228189
1953210868
2141209173
1487006035
1861794432
2110750556
2059209970
1905357336
2145064072
2083165304
1930693341
2050292120
2104272832
1866415531
2107692170
1724717547
1824709101
2134786339
1431363755
2134786339
2075305857
2115427219
2072268935
2005842231
2072268935
2122236009
2072268935
1579969867
1967227763
2023990033
2038021222
2087727583
664201480
2025341092
1722680957
2115427219
1806300213
1990072536
2084589120
2040234203
2046594956
2130525816
1975587500
2096878461
2139387751
2127883460
2113826325
1990072536
1574154992
1784786113
2066689530
2115427219
2077536563
1900397132
1801363570
2110745533
2070077341
2096878461
1877643287
1622675025
1750722695
1984875861
2110745533
2110745533
2018024223
2050744925
2018024223
2087211331
2018024223
1914961750
1565134897
2007435166
2042626742
2007435166
2133494804
1998641036
2096216577
2115427219
1788841430
2070606686
1595324485
2118445015
2118445015
2076151617
2122665143
2118445015
1553381706
1892329546
2129600271
981705947
1951840155
2056122210
1633331539
1742502548
2074980144
1623968594
2019808523
1903654445
2115427219
2084615341
2102902294
2037794400
1693195348
2138495406
1693195348
2106619597
2106619597
2106270503
2106619597
2062509083
2102121759
2062509083
1941206260
1957874931
2076578027
1811656899
2032730093
2106619597
2076578027
2138146650
2142871980
1941206260
2097349458
2106809506
2106809506
2106809506
1788832206
1960379876
1663471970
2132145820
1787214750
2145523440
1942705022
2145523440
2102947052
2108299340
1995180331
1935095907
2147453015
1960379876
1960379876
1786984306
2145523440
2111391104
2111391104
2145664759
1647150733
1939309061
1841463025
1771790832
2073159065
2073255673
1511621041
2061055288
2086283628
1790732081
2061055288
1991947347
1963857470
1936917959
2128170166
1423405218
2054018987
1967065602
2098493142
2042626192
2071750158
2071750158
1908621777
1367952861
2003104926
2129694953
1860637470
2129694953
2130158280
2129694953
2052123068
2100417372
1737379293
1946129752
2114671030
1668538599
2017444758
1913550105
2114047090
2135490293
2041669746
2107897056
2117440022
2117440022
2041405976
2123051829
211459114
1890528079
1201652753
2132104979
2123051829
2071426511
2123051829
2009880036
2088649415
2022516568
2123367473
1885570187
2022516568
1655799138
2022516568
2129797578
2066624269
2092794583
1717258600
2092794583
2121569186
2145304186
2099925710
2099925710
2091486294
2015997878
2015997878
1816613955
1896225688
1980276944
2098290598
1969694678
2143393260
2135011505
2146651835
2135011505
2105763382
2135011505
2041264630
1562061487
1985767289
1706948189
653275175
1469760655
2124430683
1782197255
1538023638
1681309917
2127868507
1867031615
1867031615
2124430683
2124430683
2124430683
1851341657
2054946851
2133056850
2102717836
2143393260
2147380935
2103453097
1355286583
2077260284
1856129603
2110416613
2088232415
1996614876
2025501193
2069890328
1991224457
2002893651
2069890328
2035559136
2116997376
2069674452
1864658359
2110773624
1686357736
2007443652
2146891965
2146891965
1210027630
2146891965
2146891965
1864697528
2100114327
2124799954
2146891965
2110773624
2102690988
2119493004
2119493004
2003789284
516406745
666030270
1911199661
1762584887
1886179915
2117278819
1927134573
1965317621
1888942764
1950240421
1956818247
1920973048
1952209036
2019301871
2145623376
2110070849
2125312287
1965274931
2137874757
2137874757
2137874757
1825945748
1749321284
1522377094
2129221220
1782052309
2129221220
1678133022
2129221220
1827843500
1953614826
1963977433
1650176861
1953614826
1516224520
2129221220
1502650362
2129221220
2018639848
2090545672
1921405753
2110939739
2124234019
2124234019
2132749849
2106283087
2082578394
2106283087
1874877753
2085180344
2074365619
2069055561
2080038950
2080038950
2080038950
2082578394
2102690988
2071845134
1939095834
2082578394
2071845134
1954417626
2147099106
2117521237
2117521237
2147099106
2117521237
1746580991
2020903077
2020903077
1573848104
2147099106
2015578226
2147099106
1853182565
2065226997
1998547606
2088003006
2124540333
1965125571
2061615550
2063258548
2045523503
2022258645
2138175989
2103551605
1933073267
2127927735
1707998245
2120546628
2126919895
2099908123
1303826935
1898071251
1464275153
1889691609
1920011727
2142536599
1696280395
2124010269
2123404830
2123404830
1769278066
2053545176
2146330633
2126024213
2075452545
2143471766
2020651330
2142883627
2125904299
2020651330
2140592092
2072558897
2127317952
2130172897
2059223019
1346067684
2126750791
1787380083
2079644601
2079644601
2075416246
1842236683
2125293565
2128118867
1743702953
2128118867
2144671695
2003587144
1916996969
2116325530
1830944162
2093280981
2093280981
1745323579
2119948446
1959710329
2004049216
1959710329
1959710329
2115932997
2086780969
2108209531
1695341375
1992001693
2136249365
2072098891
2061007185
2072098891
2108209531
1880983809
2061867014
1571316572
2117480167
2117480167
2117480167
2117480167
2061044335
2146745758
2133589480
2086573273
2117968429
2081611059
2144225500
1872730962
2144225500
2144225500
1872730962
2047298983
2013105856
2144225500
2139778249
1266514438
1056447437
2026892163
1980239656
1764963104
2115623363
2122552788
2136305547
2136305547
2136305547
1759014386
2008062150
2028149536
1966612239
1823214792
1915093186
2013293352
2128298204
1836893703
1968435680
1841510793
1886246094
2040886665
2079720993
2079720993
2131661662
2095071698
2130054976
1990004361
1906179221
2018817966
2090293362
1887895680
1879733909
1637029053
2090293362
1600577967
1929814695
2019792218
2074657740
2021418945
746213764
2112625653
2119897436
1757294025
1950374563
2102690988
1950374563
2054414035
2106412660
1901997187
1380139416
1807491210
2073195474
1833359193
2139098908
2122589492
2122589492
2122589492
2102008651
2102008651
2102008651
2034653484
1841747317
1875175745
1990278782
2129006385
1869417985
1925397321
2080505731
2088209517
2058469046
2120413954
2120413954
2120413954
1823457586
1998657353
2080680326
2021542958
2013897608
2058469515
2087664820
2087664820
2087664820
1976637504
2012557860
1918380648
1831934256
1752935824
2127231354
2127231354
2127231354
2127231354
1897611612
1854627821
1960214438
1862827143
2127755635
2127755635
2111538498
2099219578
2035942506
1535147476
2077058724
2072942356
2015356878
2037618284
1734180292
1745539825
1305185131
2061784418
1730029705
2011250733
2145423388
2123202716
2145423388
2144564077
2145423388
2083579954
1537824101
1885327768
651817103
2047908486
2047908486
1519198655
2047908486
2136574386
1815643852
2034857021
2114160570
2104837218
2104837218
1748002291
1479705014
1824824348
2132087906
2041064431
1442073847
2033206880
2033206880
2052965841
2143331957
1964646744
2039547937
2115577696
2039547937
2134118253
1959985608
1953776468
2100476301
1301832586
2039151697
2122581430
1507195121
1907702698
2134402407
1990349950
1751761604
2134402407
2134402407
2147078696
438748348
1636183860
2104057750
1129417549
2115075325
1923777787
1158712503
2104057750
1922413634
2147078696
1798009265
2013959174
1917038445
2106108266
1699291263
1897468065
1547269245
2107376525
2069168933
2126503357
2095567379
1872954323
1872954323
2118914195
1806334140
2069168933
1872602796
1750135509
1755937077
1962630735
2138713538
2138615021
2138615021
2110875023
1908504016
2118914195
2134989931
2131136546
2095000779
2095000779
2090799939
2095000779
2105345924
2097854707
1924397278
2107887696
1916501631
1916501631
1833658241
1907570210
2127863121
2138521505
2131458392
2131458392
1858799667
2035869757
1848144824
1619186642
1484650170
2059518061
2035869757
2142379952
1325661023
2077345945
2077345945
2138691886
2081449358
2075510436
2138691886
2138691886
2075510436
1232135633
1985339365
2086686114
1516626976
1449463192
2126354564
2127900898
1319452690
2126354564
2095776702
2145852112
2145852112
2107579844
2023526266
2023526266
2107579844
2107579844
1413214692
2087189181
2107579844
2057091057
1570844915
1712334396
2057091057
2064466165
724342806
1785425308
2047244140
2047244140
2035515756
1933677546
2145641059
2035515756
2054701264
2088604619
2136155369
2040378145
1726752184
2136155369
2019904986
2083973109
2124816353
1979179147
1725473671
1914185808
2120993482
1830796408
2024604503
2024604503
1900862403
2084433979
1796362805
1679022502
2104292359
2092137555
2026363967
1846672935
2146662121
2063696840
2135060640
2135060640
2138495406
1275213261
1803428233
1543263240
2077480413
2096331322
2138442789
1733997420
2114771104
2138442789
2109266091
2110871882
1793930885
2074654139
2135358858
2107309126
2099470708
2091693077
1824980558
2074654139
1978714745
2142754229
2121636425
2121636425
2141545872
2092902896
2023087331
2121636425
2142754229
2135358858
1832043724
2121636425
2109787315
1878800663
1406175572
2142685703
2082628800
1568060274
1589564951
2054125335
2068197625
1908253232
1476268720
2042273770
2125003570
2033838434
2125003570
2125003570
2125003570
2131735197
2062190345
2049703355
1858816633
2107748229
1941448026
1969915491
2138063770
2138063770
2051064607
2022537146
1861509594
2032043875
1773683804
1666205731
1738823512
2121521307
1761176044
2114660214
2115246793
1952226957
2136875731
1591576645
2051557979
2051557979
1910251735
1363702603
2074854528
2090836610
1999677794
2092672479
2128626525
1990982877
2134945610
2010693065
2133290522
1852081050
2133290522
2133290522
1771997675
1912153593
2133290522
2065348910
2118971744
2134159862
1827878082
2117846904
1772776487
2100467537
1858951291
1851257527
2068432108
2127164267
1974484164
2030716711
1451701093
2030716711
2114904448
2080084139
2128626525
1596391802
2062488622
2104423989
2120992356
1898334125
1913880459
2013010474
2055555168
2033407046
2013010474
1964097965
2145578005
2147021912
2142964823
1357602287
2078360181
1800901445
2128626525
2133263530
756623405
1792658330
1186687229
1732553182
1792658330
2142900006
1531935213
2133263530
1864593643
2129120328
2033151266
2145061097
2085585283
2140682956
1978883009
2117394948
1819950658
1860490738
1843817559
2064817984
1928012110
1841214880
1959678151
1972688758
2133121565
2133121565
2114848009
2064726428
2011093482
2127529213
2114848009
1928012110
1962633532
1764068916
1994409084
2080057483
1808533507
1207504247
2123958341
1792808112
1872049951
2050109668
1992465421
2099003329
1895918444
2074588938
2076711141
2117819590
1919558429
1966179229
1993883467
1956484066
1885088833
2077118979
2130478599
1693278575
825431232
2064598889
2132829128
1882943078
1882943078
2110364662
2024396622
1791819462
1015125612
1715201245
1457848992
2123610386
1197869187
2093633485
1597520736
2036511514
1947079291
1997335776
2050372157
1753811588
2053733236
1478152076
2124771794
2094661991
2144726376
2065899289
1845203342
1938766359
2065899289
2065899289
2089301669
2131483802
2094472520
2131483802
1969359451
1612338142
2143522754
2131483802
2131483802
2131483802
2061881511
2002869573
1563828725
2143522754
2039638499
2104184990
2085428407
2085428407
2123958341
1878319742
1850798463
1850798463
1963857675
2094296862
1274264193
1440957935
1655944307
2118152606
2118152606
1508713612
2104938854
1986706703
2104938854
1675554400
2039405485
2106574575
2106574575
2088014118
2100249963
2033194044
1532879083
2081622752
2126390701
2089887152
2062703322
2128751322
2128751322
2078502379
1324444902
2143522754
2043750852
1915583357
2051062082
2041589618
1968647877
1834265883
2087758621
2038336003
2124802621
2124802621
2124802621
2062424422
2032152917
2124802621
2043750852
1532874068
2014078033
2029354347
2120934234
2123998289
1968587705
2115398015
2138738302
2073610118
2138738302
2050937049
2138738302
1811500607
2142419384
1990733423
1964520448
2143544959
2145204501
2143544959
2104774603
2066969180
2067409221
2128874889
2123061627
2143544959
1943072280
1926646829
2143544959
2143544959
2143544959
2143544959
2134782791
2085932083
1701009844
2138545690
1890457105
1890457105
1867450244
1819732167
1867450244
1924566989
2126612124
2052050426
1867450244
2100991094
1832478874
2100991094
1953577872
2127017857
2043352414
2131143501
1803318699
1683478511
1864566477
2079608147
2130744416
2130744416
2116427104
2135505304
1903431351
2049263147
1903431351
2097314462
2068449005
2135505304
2079761473
2116427104
2116427104
2116427104
2144132007
2104115331
2079745179
2013690738
1967346682
1898520453
2140385469
2140385469
1883763460
2075908949
1999083320
2113015857
2078961942
2113015857
2129326894
1991574358
1556472100
2110039879
2027891111
2097585240
2092929663
1396989829
2116999765
2143522754
2126537778
2098596576
2141027043
2035382663
2102374973
1299531757
2136321178
2136321178
2136321178
2136321178
2136321178
2126537778
2112514150
2136321178
1898460200
2136321178
2026824540
2146679478
2092334611
1779922839
2107081374
1659096520
1952523803
2130774873
1164414470
2058910400
1848435713
1693357590
2143126016
1983127847
1983127847
1983127847
1888272829
2072078584
2093491540
2108781018
2080189519
1966833232
2105672720
1724832608
2059436073
2133315916
2105672720
2143522754
2141985388
1621359630
2019561701
2136158366
2069764844
1814526472
976773212
2091852679
1855689477
2091852679
2126872893
2123341078
2079363297
2137154479
2137154479
2026409027
2015169748
2085548563
2040855801
2030383378
2085548563
2001230922
2131214812
2142119392
2131214812
2089805504
2109673588
1609181010
2065066284
2065066284
1635793379
2065066284
2065066284
2087533883
2065066284
2060498569
2060498569
2135741293
2128743218
1065391340
1868247307
2065428194
2018474634
2018474634
2128960868
1986055892
2137987482
2137987482
1344058712
1924170302
1873120768
2120123975
1925682465
1903008560
2120123975
1981375101
1982726634
1895617182
2051320463
2086404815
2086404815
1604034325
2086404815
1903779272
2086404815
2086404815
2086404815
2086404815
1972671693
2093651283
2112241769
2136670114
1486459674
1914026076
2078407762
2053063909
1931071805
1914026076
2040821666
2011658613
2078407762
2095233527
2048825339
2095233527
2095233527
2095233527
2095233527
2095233527
1836022869
1848665599
2144755961
1821380967
1754063801
2144755961
2144755961
2142203609
2142203609
2078251754
2078251754
1980644682
2141247040
2078251754
2125990520
2141165688
2105142956
2125822139
2125822139
2128337534
2035920539
2022374724
2044901930
2094660965
2128337534
2093685962
2128337534
2145926290
2146309541
2146309541
1180471856
1935067088
2146309541
2146309541
2127825254
2091006966
1887081123
1939349670
1660721434
1973218182
2029653885
2135563437
2135563437
2136880997
2135563437
1808991650
2135563437
1822652811
1900200146
2135563437
2135563437
2067178164
2121965713
2121965713
2131004377
2131004377
1936620652
1986296586
2114657245
2044644961
2114657245
2114657245
1863124666
1986688230
2114657245
2114657245
2054185978
2054185978
2138637411
2122595115
2037257275
1978046286
2048194238
2035691735
2105609070
1951010637
2122931740
1151345101
1914197026
1746141393
1677478090
845028446
1912537962
2063456769
2044292781
2086928552
1652173707
2051480648
2080743019
2034266139
1963482134
1873113320
1913735652
2038842462
1922756903
2115387199
2091987174
2115387199
1991437442
2147094570
2120997374
2120997374
1822255611
1461766769
2123278521
2123278521
2123278521
2047291542
2043895213
2130135612
1656086360
2075881321
2005534440
1868174567
1801512213
1979081225
878916754
1726088508
2098514318
2143409720
2114723193
2077658393
2043895213
2020375209
2074363732
1962339061
2074630246
2139729104
2060542881
1541906828
1731455815
2064671876
2079394620
2141775229
2141775229
2141775229
2085300253
2021996200
2144324318
2092334207
2141775229
1825444129
1876666095
2087902882
2127955372
2062313684
1097145228
1625056741
2115429717
2078787447
2143668729
2119566962
1785574685
2142093060
1867171137
1924191317
1889728019
1588740594
1085567599
2112288901
2095458819
1985610443
2023491259
2028961194
1895796991
2129700141
1795060305
2143083302
1644850449
1980008986
1146080333
1871048987
2092288740
2121717735
2083617237
2083617237
2141894500
2141295954
2141894500
1817079446
1357643395
1303818955
2141894500
1185203329
2125642745
2141894500
2102374999
2123149609
2066326365
2147297657
2133934264
2133934264
1582573890
2062207261
2144241267
2144241267
2108201457
1814127970
2046916069
2130780713
2040261522
1998872994
2063136917
2117961871
2146336453
1944310032
2092993136
1944310032
2072386048
2072386048
2092923072
2092923072
1862003969
2092923072
2092923072
1760726125
1674620651
1655558422
2122603706
2122603706
2077052008
2138418916
1495784269
2122603706
2122603706
2018141978
2122603706
2060730775
2100019393
2065896719
1840493966
2119834463
1881143799
2077052008
2013231293
2119834463
2102455520
1795070370
2054842526
2028144214
2086554230
2086554230
2108246303
1818813861
2143162743
2077052008
1471135184
2061287854
2060305309
1548065168
1927282434
1927282434
2022567118
2140558585
2140558585
2140558585
1888934670
2139822278
2076445293
2139822278
2131097576
2131097576
2131097576
1739959793
1995215439
2119533527
2101644425
1278770471
2121011646
2138940186
2072186703
2126658590
2072186703
2126658590
2072186703
1761055079
2075871729
1784357360
2053027525
2079352005
2092900235
2024774693
2115701952
2054689084
2054689084
2054689084
1856749231
2138903297
2075526358
1922261872
2145468065
1943856945
2138903297
2051230987
2061393869
1955751394
2083915908
2023101796
2023101796
1765837773
2023101796
2118008737
2062888329
1842529733
2023101796
2062888329
1872062425
1981684215
2057043451
2057043451
1955751394
1948234766
2057043451
1872530437
1756689099
2118008737
1958256602
1951766045
1959067611
2000549030
1604359144
2075292988
1983409100
2100879811
2000549030
2059318454
2059318454
2025059111
1909451976
2025059111
2089706911
2025059111
2004488870
2145468065
1850289091
1744438883
2124935192
2004488870
1985890092
1954177312
2093028244
1213300320
2093028244
2120647715
2126112423
1994321095
795902173
2071383756
1254333719
1727019561
1727019561
1651901971
2078799754
2137752029
1859932409
2109739181
2109739181
2109739181
2137752029
1794352909
2109739181
1809362113
2109739181
2041628246
1897636249
2055151460
2137833633
2099771298
2120685043
2133275596
2139959278
2099979273
2068217927
2119474739
1478752841
2078417609
2078417609
1849619440
2007000028
2028833179
2112825526
2126300791
1719813236
1969791062
1636786973
2139780213
2139780213
1569343827
1451777187
2144036461
2144036461
2087956487
1737060358
2102807451
2131391732
1919284639
2131736638
1930217859
1994537651
1915033744
1919467928
2103543299
2103543299
2121535387
1934574813
1894837444
1785570459
2023001998
1578375292
1702762920
1948327483
1702762920
780951747
2133365880
2133365880
2147275336
2133365880
1988459225
1964896115
2016165591
2119884452
2068163674
1787117264
1562215109
1803746925
2087530564
2111879403
2134668051
1319718823
1537939683
2098749835
2074701239
2051000809
2119884452
1996854308
2051000809
1933599733
2081375123
2140550218
1971279847
1927014450
1662899847
1779120618
1982337889
2099759715
1750563487
2081555113
2065964740
1792180284
1371511514
2102323383
1999851610
1999851610
2102323383
1999851610
1971190458
1757439209
2131694276
1974667941
2147447251
2021101673
2021101673
2104385236
2007679313
1982462180
2104385236
2132347122
1703493780
1748555856
1958705907
1958705907
2015282424
2093996526
2048649662
1990072756
2093996526
2134519687
2106050196
2134519687
2134519687
2139859547
2134519687
1959691635
2024216810
2024216810
1983053340
2024216810
2024216810
2065541698
2088983057
2088983057
1988890419
2140662819
1895952060
2135769861
2136359270
2095507138
2115541355
1982772674
2102294121
2095507138
2112875763
1805058712
1626104550
864044405
2090891772
2044304847
1996722660
2129268043
2116081680
1588921491
1857229758
1902226558
1916720278
2121304449
2058896952
2121304449
2127972755
2036967133
2140253246
1775129249
2036967133
1760457227
2127972755
2127972755
1821839423
1860687687
2058393431
2142064911
1851948372
2133081906
2141434695
1457197942
1965340729
2123899943
2010741864
2123899943
1985686604
1994851756
2057456133
2133081906
2009415209
2094348272
2133081906
2131104341
1918994039
1985686604
1962523519
1985686604
2098696333
2137055719
2105371315
2107892684
2026200590
2116773521
2116773521
2116773521
2116773521
2019109573
671676570
2038575174
2040458835
1831436173
2102132644
2071905728
1634458536
1862058486
1811084511
1832322130
2132893321
2053252083
1999496857
2143787517
2143787517
2060135843
1828895072
1963538540
2140168311
2085912196
1826051852
2036267187
2036267187
1988027674
2036267187
2108299790
1857605319
1867627039
1819458675
2036267187
1441642022
1942806769
2082373856
2121449514
2121449514
2103558219
2068543410
1830726470
2121449514
2122595779
1922922132
2020611247
2145403027
2098048555
1771310784
2098048555
2084179784
2099338863
1836929090
2078063609
2145704692
2117143972
2068812759
2079172340
2146092600
1982471026
2054324780
2146049282
1919529894
1925231957
2095546672
2035861193
2104072087
2097104502
2141001048
2114556552
2125082984
2114556552
1755772397
2108611094
2125803925
1246083449
2137746333
2062323128
2137746333
2137746333
2138964091
2138964091
1327470560
1848025126
2038835601
2065766655
1737253794
2098130492
2098130492
1896344925
2134955049
1961889076
1781714452
2118919096
2047510693
1754148672
2134123509
2141696897
2040603506
2039706000
2135457413
1965341204
1917679812
1562577691
1939627680
2060738496
2029777853
2137843564
2129412534
2083842379
1582534057
1881591762
2118296901
2144341215
2122266464
1724350143
2084435851
1744462062
1724350143
2142742001
2104745737
2104745737
1857221028
1924242962
2018164546
2023931110
2126717018
1807724726
2072285254
2032612268
2125063196
1974549257
1974549257
1976600468
2129437385
2129437385
2000567551
2040655756
2142158028
2142158028
1664936833
2130418971
2025516340
2140776499
2022418925
1851728204
1623574010
2137753770
1572414684
1734368262
1659272471
2056255891
2030505758
2050630684
2050630684
1892707551
2121321075
1882996274
1794501353
1962527491
2083652483
2061833103
2048363761
1519826610
2101421276
1740545933
2143433704
2026205769
2086869169
2081634734
2146387605
1888331597
1758489726
1839815890
1568549967
2056664869
2010056268
1891180009
2088072134
1941406319
2110170965
1791095740
1886912877
2127773705
1926233668
2035822365
2108441373
1752610963
2071069255
2005896813
2142581457
2142581457
2008932113
2091659716
1956347790
1956347790
2128382607
1798927377
1855234458
1892559123
2140700965
1926474993
2130115754
1926474993
2138468700
1496467416
2142584288
2138468700
2142584288
2138468700
2142584288
2019181712
2138468700
2142584288
2142584288
2077344656
2138298060
1994451095
1994451095
1994451095
2138298060
1994451095
1795230178
2089704417
2126236097
1952914585
2126236097
2089704417
2126236097
2140749396
2140749396
2089372943
2140749396
2124664941
2140749396
2124664941
2140749396
2140749396
2140749396
1839359943
1936755025
1990982828
2143233912
1792069133
2053432367
1991890407
1677623216
2130044864
1869860303
2126475559
1752632530
1377279227
2080950498
2080950498
1068868650
2145435456
2080950498
2145435456
2145435456
2080950498
1726918600
2043853609
1726918600
1666674557
2040141092
1786374919
1993895432
1957068869
2063334846
2120216944
2024277589
2099659369
2114933274
1901713138
2119246460
1970190340
1970190340
1347242386
2142958613
2121060367
2100650064
2020520497
1715235954
1554937024
2092732816
2020863222
2146539765
2146539765
2147125319
2080746121
2080746121
2147125319
1775602932
1979415184
1775602932
2103502972
1890518727
1964241479
2048285735
1942520018
1790578811
2141358042
2000743338
2067721961
1909875472
2086093261
2086093261
2086093261
2070581635
1999945807
2142753362
2042740516
926560609
2053828375
1924761265
1913088355
2095485297
2095485297
2074671770
2141772858
2141772858
2137504609
2094597585
2064006038
2049793556
1620129955
2040377731
2087206771
2082250971
2094749152
1549414129
2094749152
2090198033
2116067461
2144305521
2144305521
818771798
2076859600
2107157505
1375701384
1717066352
2059379473
1199331331
2044129971
2059379473
1892249703
2033782180
2082125196
2082125196
1778000535
659997744
2061488624
2109218739
1840481265
1129246870
2016556115
2135813617
1914944110
1212706758
2130380512
1906774195
2135813617
2135813617
1850863107
2005362883
1980108609
2066959813
2047463975
1569172593
1648703772
2041599336
2041599336
1958811629
1323330353
1944473157
1894060698
1543154831
2136832728
2125627815
2000303006
1911143647
1983659199
2112262022
2044700832
2112262022
2112262022
1792299958
2081710259
1997985555
2081710259
1869686310
2030342768
1992340026
2081710259
2116525528
1936071899
2128567687
1864985225
1909233829
1917366844
1960625130
2062684026
2080228585
1965784878
2050183285
2142530201
2141743928
2133390760
2112660912
1842839579
2139245424
2089972047
1860711023
2113976244
2094484496
1755152750
1895668159
1755152750
2144563343
1965784878
2007860612
2017189832
1963522879
2139245424
2067706015
2067706015
2067706015
2002790466
2073037226
1945926173
1940102526
1874238362
1361723253
1713384925
1902417430
2027276250
1333813982
2058641171
1998949812
1841762872
1883206616
2065820626
2114099897
2038277846
1677303970
2137148634
1467501341
2058063129
1860244308
1900389352
2131912077
2125826614
1887502821
2017299630
2137911227
2096096344
1703629375
2045792774
2072093210
2112431164
2072093210
2131404687
2136692720
2131178524
2076428777
1708043575
2037680084
2051708101
1353753799
2061575320
1997342733
2138406610
1763951410
2125096508
2075470594
2124771872
1910807325
2021938610
2108975717
2130786619
1961830431
2026929152
2108975717
1777766872
2088074388
2131725431
2067831474
1972007310
2127901708
1621476855
2088269992
1903668298
2124973294
2074609992
2095736621
2144165087
2004033857
2077363425
2077363425
1963120563
1970473806
2146930534
2033778252
2033778252
2146930534
2097256098
1805367148
2046255894
1469295775
1805367148
1226888576
1895354490
2130398474
1526278334
2130398474
2130398474
1697230250
1943688702
1388638255
1954588556
2142001819
1704708530
2126725607
1986086611
1970473806
1815398925
2145977192
2145977192
2061818703
2073212963
2014643953
2142950940
2142950940
2142950940
1176861523
2106290299
2074851748
2074851748
1782331203
1986248005
2013532951
2127604087
2107754520
2114289738
2107754520
2147070179
2147070179
2147070179
1522860038
1960618052
2121722469
2114289738
2092148924
2079530584
2079530584
2116364947
2008941458
2137446612
2079530584
2137446612
1689095507
1948554696
2092148924
2114206948
2121722469
2034632831
2034443878
1856584794
2058010598
538353914
1693944087
2121722469
2092148924
2053738724
2124075919
2053738724
1641913054
840216003
1960303042
2128136892
1713814511
1383258686
1966154862
2027163380
2049674332
2008147625
2142850013
1966154862
1993477977
1982413783
1859031422
1856510749
2092285143
2136238641
1371172410
1986184899
2086622163
2086622163
1565481928
2086622163
2116537844
2136318099
2115819164
2140553494
1684054478
2115282952
2100077305
2122346734
2111731930
2127192870
2093796194
1699947956
2129645591
2018712171
1543276205
1727795463
2066478839
2033718299
2018946812
1837772837
1894410571
2025621757
2029106192
2020108407
2029106192
2021319979
2053994897
2105777831
1923606716
1998972179
1950194993
2077747257
2143258564
2075934503
1860896211
2071937268
1867155015
2118896508
1901311634
1910961997
1901311634
1985368413
2002854129
2126933493
2124237362
2100038300
2106165325
2060186086
2145775751
2018802005
1898789747
2100229064
2133219771
2012900553
2120105228
2129587546
1449375736
2055092366
2055092366
2042237717
2042237717
2090320725
2090320725
2146319063
2146319063
2036708764
2036708764
2055092366
2036593039
1329986400
1944755878
1916912832
2038082537
1229738305
2044255723
2130554587
2135829763
2111808310
2038082537
2001312301
2001312301
1992904416
1942259394
1936752813
1975607780
534108347
1974087648
2113118140
1762262017
2027049465
2078834757
2040122882
2027049465
1985137922
2071818459
2000597043
1937661994
1949975875
2081925117
1985137922
2043288178
2017038478
2055092366
2143604396
2097718786
2128341139
1413973890
1589339516
1890229913
1991679605
2100034467
2100034467
2051494891
1983963773
2025463669
2060459274
2064975318
2039083665
2128705292
2129781825
1843877227
1310248493
1829325922
1627606536
2031861465
1601541002
1896825685
1640217363
2116351352
1930892260
1930892260
2003368009
1930892260
2039016667
1984430958
2017469990
1993536297
1998510650
2013240241
2013240241
2013240241
2043816162
2027803685
2027752178
2119939109
2119939109
2119939109
2057364420
1951782807
2115184427
1483644334
1860503897
1951782807
1920307417
1976629536
1724638776
2038966986
2082804755
2111250556
1939424325
2121894498
1902614920
1831332495
1973605882
2147459563
2128244023
1976103234
1950237372
1976103234
2135538054
2134531593
2131172067
2033162018
1916796800
2135538054
1925130048
1393513329
2083155042
882919892
2097717777
2129922848
2083562192
2092812096
1974837806
1471609463
1733282264
1983333238
2054613191
1759053762
2048352919
2089241249
2051041439
1887382090
2015018559
2121717684
1971243078
2146096975
1988725319
2143970916
2093235353
1880493113
2068494390
2037133665
2117686434
2117686434
2117686434
1677354357
2117686434
2093351738
2013221064
2142718320
2093351738
2145032119
2117804618
1881556410
2093351738
1586386705
2093781678
1845088028
2078981990
1931490167
2057446579
2057446579
2057446579
2057446579
1879169085
2078339989
2013387513
1942563186
1835886382
549699307
835269707
2139965411
1986163932
1805971941
2139965411
1992049907
2147280017
2147280017
2079730328
2139965411
2132125304
2139965411
1565697021
2038105165
2139965411
2139965411
1608052982
2129096652
2145826541
1952139352
1952139352
2098813556
1245619313
2145826541
1672662409
1693896162
1753678203
1867392739
1768316551
1713941251
2112932908
1907282765
1862851084
2112932908
2140373939
2032174761
2104643385
1936746644
2069610061
2091162036
2095155182
2095977675
2107215625
1784538064
2107215625
2117596448
2107215625
1952146768
2123696145
1983562185
2003064635
1510351086
2027603326
1853588874
2064379148
2131917119
1951133344
2078046226
2143156877
836994434
2137160352
2103926764
2072922801
2137160352
1682019738
2110009487
1933092302
2043522360
2137160352
2139114219
2139114219
2106733656
2139114219
1900840907
1651217637
2032496665
2106733656
2131174812
2106733656
1957782545
2088820513
2137160352
2063618611
1384254522
1803032157
1988188110
2105704253
2125463878
2105704253
1953757744
2105704253
1868314189
1958057442
2093605967
2135192754
2135192754
2135192754
2135192754
2062114763
1928285367
1980289658
2132999399
2144953474
2125463878
20188205
2010252861
2121933831
2083229428
1824010584
2088668214
2121933831
2093362224
1995441834
1827691106
1855740460
1732431391
1942477955
2030691765
1855740460
1786157958
1742750319
1855740460
1853604167
2082745887
1964324555
1785273705
2082940391
2001769513
2001769513
2106411678
2115400326
1957339897
1957339897
2130630289
2131449418
1613407302
2142951986
1997191702
1937485088
2144471587
1945049290
2132086538
2009965628
2110333984
2092665518
2129594376
2060102965
2071035112
2089589808
2129594376
2129594376
1981041418
1851548103
1851548103
1851548103
2129594376
1990928808
2141263787
2141263787
2141263787
1389949396
2065918302
2065918302
2091763171
1983217136
2076725252
2141263787
2141263787
2141263787
1288372453
1523342142
1962665363
1950831832
1467478215
1762730277
1887173138
1666099164
1643186915
1805214585
1499988030
1954690324
1944237719
2081011927
2071872833
1957161030
2071872833
2071872833
2070538646
2071872833
1983611325
1978726359
2114279693
2125187720
2118382174
2114279693
2071760243
2042643236
1831067822
1916886564
2036146613
2029185213
2102181414
1990404689
2145587004
2136065180
1902937559
2145587004
2145587004
2053717807
2038648306
2136665855
2088004766
2128325551
2136665855
2136665855
2136665855
2136665855
1916469614
1936712484
1845152020
1832578245
1779841508
2075373726
2046205423
2112927645
2116852833
2134717063
2134604612
2143151865
2115120249
1914767255
2140758185
2136633279
2140758185
2078220140
1985765096
1861370951
2041769299
1730072538
2132574218
2121203066
2113092665
2113092665
2113092665
2041769299
2097307251
2035625406
2011309371
2041769299
2111812502
2111812502
2125604314
2102935174
2136678064
2120281506
2040852571
2136887970
1836641105
2136887970
2136887970
2136887970
1903977114
2142099184
1972564752
1920082008
2141666858
2096519345
2027937911
1575660104
1808837859
1981746391
2141398881
2141398881
1765801302
1894528014
1747703183
2001281198
2113075014
2113075014
2048448967
2113075014
2113075014
2143319822
2110919326
2116732817
2036195449
1703643856
1900887400
2043599525
2004908888
2043745359
1647884308
2144202313
2107447292
2141082258
2107072834
2141082258
2107072834
2141082258
2107072834
1878004691
1599465234
2060337337
1800854190
2060337337
2147316239
2147316239
1497732510
2108732279
1272511012
1465323843
2098896558
2116018257
2092041586
2054508994
2117761691
2116018257
1595778855
2116018257
1917756826
2116018257
2123034817
2142245243
2064516320
2104253812
2142245243
2100898454
2002743157
2126102739
1801289200
2034206784
2091928688
2091928688
2091928688
1801289200
2043294373
2121991788
2049359677
2034206784
1737789767
2130786794
2067380321
1818519751
1470938494
2010274579
2119178839
1367687153
2126023844
1861385474
2126023844
2141899401
2033250961
1451466169
1790584916
2104171334
2090788599
2043860556
2036482015
2034752715
1889252105
2034752715
2028650482
2137708187
2038994027
2135015749
1606475495
2053484958
1804643224
1979773270
2057664686
2057664686
1858734752
2102568033
2104563152
2099514605
2099514605
2103242514
1351999742
2103242514
2037241967
2104548086
2104548086
2140957072
1889252105
2060669328
1705912866
2066336483
874604952
2088922414
2094389501
2135042259
1996281980
2099597769
2139729402
2118257459
2118257459
2118257459
1875511359
2141636567
2124812342
1732744089
2051938941
2082509960
2082509960
1851726794
2112487323
2112487323
1997252946
2007424310
2138126422
1651391040
2080212355
1978162621
1978162621
2147046807
2138778082
1614624052
2071422169
2067914023
2104369445
2080182694
2119195912
1031785096
2092260513
2088714386
2080182694
2119195912
2096309197
2119195912
1864284635
2051737895
2131337807
2061386948
2049061460
2049061460
2113977818
2067914023
2057006129
2133712996
2142712079
1963641737
1977653792
2025169530
2095397705
1928046541
2080065091
2136440487
2089639158
2088426186
2136440487
2129688539
1931074639
2136440487
1521009760
2018941046
2136440487
2097528968
2097528968
1801826562
1809756488
1716191925
1868631056
2147062929
2047527012
2065825279
2133831600
2075976398
2104519075
2065825279
1981632766
2093160029
2093160029
2099902836
1984121411
2074878789
2139912494
2140610913
2139912494
2090724586
2119962266
1951638990
1294304359
1633737373
2136434438
2132352958
2130763394
1962356110
2014742940
2023844612
1984982634
1807112932
1998764823
1976377994
2095204669
1501460779
2023134628
2136641727
2023134628
2071490366
2136641727
2136641727
2073651075
2073651075
2073651075
2136641727
2098874594
1352235796
1687849945
2098874594
2022288553
2101746857
1962873271
2022656965
1534911118
2101746857
2101746857
2101746857
2101746857
1968390246
1778150671
2031197086
2101436993
1889597620
2060823168
2060823168
2022128071
1912943983
2066485570
2066485570
2025548715
2121333449
1963178482
2018432032
2132198684
2106431181
2070334661
2070334661
1818258876
2043470637
2056925527
2043822887
2105562211
2144144432
1999851273
1570964695
1878989073
2063683423
1859425504
2085317801
1671030364
2132189254
2132189254
2132189254
1753404509
1857883661
2132189254
1670182277
2128758468
2128758468
1817341781
1742573317
2054635059
2004045806
2140169768
1951664358
2140169768
1909544788
1507889736
2139185863
2120995737
1892460515
1892460515
1984028533
2144150065
2118654183
2066882427
2119660849
2027057090
1883908860
1562543916
2142090488
2100025416
2001058926
2114659166
2141890713
1931000219
2020978308
2129750215
2147002280
2129750215
2129750215
2142090488
2142090488
2092076039
1577469793
2129750215
2129750215
1154630104
1852324199
1675961823
1739355557
2092797590
2131776477
2142090488
2099146055
2128978129
2115982598
2106146027
1900036913
2090534810
2126098183
2070025782
2070025782
2051249774
2070025782
2070025782
2057472183
1963670681
2108534216
2128902386
2060607892
2087021189
1301548381
1741088304
2032479443
1985070468
2142090488
2073029730
1526679590
1797125672
1923868154
1867054830
1836622465
2070926429
1632087639
2145466654
2145466654
2114810278
1883871233
2145466654
2016304414
2061667340
1595908769
2105481895
2085039338
1658247609
2145211079
2145585919
1940358821
2106837864
1905289062
1706116297
2114005069
2114005069
2024311948
1593187433
1967751812
1702309756
2104270707
1724206411
2104270707
2104270707
2104270707
2104270707
2104270707
1921954916
2026726278
2077958959
2104270707
1882556474
2020097256
2014948466
2092544202
2020224407
1986605165
2133293864
1631323643
2122249097
1914710408
2144047786
2144047786
2144047786
1647640951
1791497524
1588445503
2070638662
2126187261
2041020185
2072368499
2029102969
2096157306
1919805167
2133293864
2028055984
2140155436
2028055984
2028055984
2143039924
2090978255
1769807337
1847935044
1869378237
2010297864
2029102732
1987652576
2050661184
1920797640
2050661184
2137256061
1807009874
2109097729
2109097729
1993037488
1921497852
2109097729
2109097729
2029201332
430888685
2124685852
2106750952
1770633834
2002524242
2106750952
2134601888
2113171084
890317856
2106750952
1622111226
2117474062
1888680197
1812060363
2054921972
1941866022
1604334336
2080970401
2034277707
2137256061
2107507081
2107507081
2043211872
2002881435
2042057355
2107507081
2064823432
2107507081
2107507081
2137256061
2141535716
2137256061
2096075695
2145199907
2101888170
2145199907
1885175913
2101888170
2141865360
1935620244
2114543353
1935620244
2101888170
2068265329
2127753854
1935620244
2127753854
2027108759
2057485634
2117445385
2102498727
1926661449
2000204709
2036269943
1980981075
1980981075
2022031055
2084571471
1980981075
1900657434
2098411607
1757954574
1990309463
2142697152
2139824145
1984218287
1582134148
2142697152
2101890538
2041652832
2101890538
2041652832
2135906262
1895484693
2101890538
2139245980
2143479911
2143523099
2143523099
2056933789
1959881236
2143523099
2080502313
2056933789
2143523099
1773241747
2143523099
2143523099
2109344437
2109344437
1835359443
2144213871
1783673799
1757385276
1964109119
2125539816
1950535682
1641784415
2041605321
2110815019
2053272643
2111142279
2140548549
1878846512
1937428220
2025760171
2067061095
1827036620
2043785519
2135743049
2070983468
1900771817
2103457023
2035195093
2103457023
2127021002
2031107235
2031107235
1918665381
1997975534
2128093042
2128093042
2031107235
1888285743
2081461969
2037284611
2083005247
1882129170
1599686714
1798774177
2050536232
2133881555
2052205303
2026810265
2084385902
2011284501
2125413259
1771063782
2081732091
2123800914
2143747318
1873889191
1645014742
2127982532
2040366554
-11271474
2129112416
1888848180
2130948304
1979030360
2068192776
2067074781
2071524018
2105297855
2071524018
2141041744
1750141920
2092736391
1541501264
2092736391
2112861538
2029072177
2100748718
2112861538
2119896533
2127493865
2119896533
2143146506
2143146506
2078613879
2116439710
2077404305
2065399653
2004655374
2105678566
1965051661
2114889418
2098229495
1707176608
2144222557
1821958132
2144222557
2144222557
2144222557
2144222557
1853283923
2041547778
1407251972
1685458873
2052118220
1981202499
2088060282
1997786154
2088060282
2052118220
2027638065
2032042918
2146700838
1635533297
2047464955
2139545432
2068576244
2071095886
2089901585
1987805604
1970296247
2069887433
1336345195
1687912115
1788480608
2096521160
2137639355
1868934334
2126772929
2116715243
2070384989
2107355693
719383724
1974991651
1911675086
1932500520
1907032626
2062050551
2122017713
2144242916
1765166993
2106488999
2039425037
1980640737
2133529259
1928577699
1984582995
1749370766
2146010601
2050951324
2146010601
2146010601
2146010601
2084551236
2137879871
2146010601
2084551236
1724856810
2146010601
2145182088
2084551236
2096002230
2101824261
1823321767
2101824261
2101824261
2101824261
2096002230
2101824261
2019245109
1952503325
1949781721
2110808204
2096206050
2081759394
2096206050
1932230512
2010396270
1798844992
2010396270
2010396270
1507604836
1746082168
2110641464
2010396270
1759725003
2122624560
1782377130
2122624560
2143502047
1978996972
2065973437
2097170777
2140360669
2140360669
2102311821
2145194653
2042286772
1948072465
2021200914
1805028907
2078048007
2133143774
1598235436
2125483728
2089512221
1847250771
2046604852
2098677793
2125483728
2125483728
2132067941
2101566906
1834878218
1868794467
2101566906
2101566906
2138461144
2046604852
2041942586
2068806502
2048463785
1422936078
2081034293
1965736745
1752580916
2036411221
2036411221
2102938849
2129405866
2085705840
2036411221
1907795178
1543105947
1982501906
2091279302
2128743780
2089836098
2135331912
2118490118
2089836098
2138155931
2119796546
1578380449
2036240901
2088808757
2121924600
2058854605
2143260135
2088031791
2136002004
2086648149
1835037181
1680614950
1937591582
1937591582
1992732825
2084034117
1497121617
1187050600
1524321089
2124928974
2082490675
2136832555
1210692293
2001201651
1788186746
1980145466
1934511338
1928871525
1690762640
2099035506
2099035506
2146262288
2146262288
1896296459
1899648687
2106530075
2061568964
2063377822
1866693414
2095012940
2115243565
1894069591
2117978398
1981158079
1451325184
2117978398
2117978398
2117978398
1841288947
2117978398
1981158079
1981158079
1591624056
1113151393
2130376240
2101010975
2036583145
1905475724
1732010477
2085125473
2080775264
2087210390
2077876571
2115310321
2077876571
2101517632
2117461964
1621866334
2065103204
2035165764
2117461964
1585588618
2110371140
2110371140
1992462853
2098433676
2108384924
1078138156
1799923902
1830715151
1591408738
1825001473
2061686466
2062788998
2061204455
1628230185
2032397255
2023683894
2082654593
1662939983
2115450845
2115450845
2115450845
2059815748
2050840997
2102635605
2145363026
2121336181
2039322412
2110421643
2130764840
1840817332
1549535376
1877417537
1836131015
1909171647
2102378968
2101864549
2101864549
2048234618
2070791433
2146728234
1993860752
2101864549
1176832733
2076103840
2076103840
2076103840
1796722714
2088669720
2142364347
2146580811
2146580811
2079834259
2107350439
2031124437
2070818123
2031124437
2146580811
2107350439
1883014599
2005682165
1615008368
1970341271
2077928640
2146580811
2135809691
2146580811
2032334481
2133423999
2036605266
2077928640
1990964672
1765396964
2127989931
2071430766
2012745384
2114331042
2031880872
1861002160
2142981037
688434389
2057187167
2057187167
2143419787
2143419787
2143419787
2143419787
1953577012
2097352816
2143419787
2143419787
2096535630
2128423353
1176168593
2108725133
2090233834
2088365068
2090233834
2140149823
2087241658
1989044024
1921432522
1989044024
2020938844
2099148159
2095913232
1942711461
1969551417
1584708586
1996941107
1969551417
1998333584
1921258568
1921258568
2047857482
2047857482
2047857482
2048234730
1861084601
2138130900
2138130900
1115024178
1938978402
2036134742
2034628264
2129129582
1930596551
1401718244
1742799868
2021758930
1933260498
1933260498
2131364783
1265469982
2134737195
1960692193
2135206604
1992872060
1779235944
1885181636
2015031591
1992872060
1682259997
2109859795
2125406596
2074455118
2074455118
2074455118
2109859795
1721162689
2125481677
2025936174
1982146931
1937442700
1827317101
2090863345
2132943754
2062198397
2092244845
1685666786
2090863345
1384764541
1403544371
2120805239
2120805239
2062198397
2087210415
2095304840
1724643323
1969676468
2138389221
2131845400
2110600480
2110600480
2102827320
2102827320
2055328973
2101124742
2106566333
2046876694
1992981344
2074593615
1769468916
2003211051
2102577613
1769468916
2009209835
2113809929
2009209835
2135814444
2141118208
1930574304
2139483258
2130850756
1727877094
2143335772
1640093694
1892756888
2123490359
1915232666
2000828403
1964826676
1946949366
1921630055
1939326595
2145368627
1962778165
1793664018
2049609398
2056582884
1905120646
1811287395
2050527980
2125778253
2125778253
1417746967
2125778253
1878407301
2125778253
2125778253
2125778253
2092852777
1869781222
2085848970
2080918746
1961854978
1961854978
1950177284
1990666645
1990879511
2126454652
2074877201
2125344005
2042157907
2040441631
1598317077
2011697888
1985794333
2059083860
1984738253
1909251841
1678722749
2098852726
2093535925
2093535925
2134639216
2134639216
2083113830
1724816681
1855427550
2038136758
2134129124
2031356636
2108617473
2083113830
2026282733
2047408569
1928281584
1925300476
2075172384
2075172384
2144194111
1967747803
1973275560
1988019134
2122104986
2087380243
1977482006
2052373291
1990368400
2118074259
2118074259
2095563676
2108066798
2010532908
1928878748
2024915788
2108066798
2129556966
2136932874
2065828456
2117197057
2093468275
2124206021
2130944806
2065828456
2079626767
1967548180
2065828456
2146840677
2065828456
2117642086
1753541423
2079848955
1944408874
2142229493
1801326598
1776134625
2079868760
2107182663
2034857129
2107272424
2107182663
2044538280
2079626767
2100735770
2100735770
2078324775
1796502539
1453951498
1941330907
1941330907
2027973006
2015935114
2015935114
2099690464
1771509175
2135784015
1825377455
2091858393
2133031196
1966344190
1996536193
2126171452
2108776885
2108776885
2131760304
1663632844
2018689575
2094916083
1249154510
2090534900
2090534900
2090534900
693773081
2123958412
2123958412
2123958412
2123958412
2123958412
2092291640
2123958412
2123958412
2045333108
2099820657
2064072764
2046429742
2046429742
1734984505
2140224318
2096324379
2113927190
2050812083
2146912783
1659451819
2146912783
1985474709
2050812083
1714930855
2146389565
1859609538
2050812083
2050812083
2087015683
2123785301
2144210398
2118435022
2118435022
2118435022
2118435022
2113580878
2147376637
2113580878
2145737192
2077830067
2129926213
2146511430
2065266533
2053781324
1201703080
2053781324
1517770006
2146511430
2146511430
2146511430
2053682505
1886218337
2029949439
2102528164
2097516599
2102645846
2029949439
2029949439
1955081562
1760861465
2144326482
2126572101
2126572101
1886508730
1937555980
2144326482
2102059019
2056186828
1825984455
2086600648
2086600648
2049402700
2071120097
2056186828
2121425056
2071478585
2136179090
2104279422
2114844955
2114844955
2052053418
2027663581
2024794039
1480732242
2094236644
1821967799
2132163354
2070094336
2070094336
1947916611
1453853924
2025000240
2129766968
1895929463
1397749519
1850874341
1993151504
1987591757
1938129790
2123797295
2088821844
2088821844
2114700546
1574493310
2125237185
2087682708
2101317591
1968232817
1994608610
2064492008
2016697276
2143084100
1913916494
1961120873
2066070089
2118280219
2115407895
2115407895
2088238902
2076991785
2122010159
2061368977
1786943208
2016138998
2016138998
2070691643
2124557663
1794690097
1975509679
1783748655
2019879034
1934506142
2019879034
2063019886
2128406707
1995634223
2069735419
1692698307
2122268576
2135140805
2139419768
1943289047
1682360294
2139419768
2135669337
2139419768
2022626446
2122907630
2139419768
1948389274
2006380639
2122278643
2077424753
1757826322
1640749236
1812489516
1776568386
2117554750
1544591233
2143522232
1986831061
1924234060
2102885875
1617923601
2113419647
2128307500
2091274311
2135475051
2102885875
1398867107
2066111496
2066111496
2085454870
2043931840
1909259319
2066111496
1880620540
2116355896
2031272901
2080789713
2018581240
2087392228
2054153180
2030640498
2046869865
2106045002
1945442018
1842432763
2007801126
1643296179
2056962989
2007801126
2007801126
2118381343
1837115512
1703254143
1797898208
1164195623
1878585474
2101124779
2098086229
2051438533
2115611491
2035727121
2125467375
1989105325
1989105325
2125467375
1968960957
1950124838
2056228801
2012286511
2100032678
1761926741
2027648223
1992580366
2010809034
1845180124
2071450689
2112830008
1684816414
2071450689
1849412853
2071450689
2112830008
2066605090
1936197202
2060284451
2112830008
1840601066
2129859834
2014407428
2146195793
1981594813
2129859834
2130041742
2140884998
2139948246
2056451587
1900896631
2130041742
1529439832
2087881920
1991880589
2115607034
2093058727
2074571508
1717628666
2142190124
2076343531
2142190124
2069659717
1869476280
2062538718
2062538718
2044125499
1918310329
2118026862
1914102149
2127002210
2127411631
2099645045
2055907178
1943789889
1943789889
2141982345
2145174488
2023515298
2103505628
2066109000
1808071908
2037845044
2137817491
2141300580
2060890980
1957438745
2060890980
1960077979
1846939346
2107294852
2077926006
2037798075
2000573403
1861055810
2144386117
1493160957
1912019768
2144386117
2121418915
2121418915
2103586676
2137945540
2141300580
2065028961
2048282872
2048282872
2087059353
331702436
2048282872
2118114451
2087059353
2037317501
2100744223
2115313686
2053175970
1915304946
2070773477
1809662290
1413122091
1817888100
2068970400
2068970400
2036297750
1950167589
2032575709
1977057289
1721870947
2123817482
2146220492
2141772302
2003269435
1901830109
1901830109
1727906923
1993872324
2123964889
2133529853
1888632088
2070215409
1898296036
1997920873
2112699949
1918536310
2061967766
2061967766
2061967766
2067942372
2083464235
2043910651
1778402259
1974973333
1526372131
1951884551
1825461537
2037732436
1952779998
1884823007
1242105166
2117607812
2064006912
2100969441
1703356243
2144805380
1986082230
2123565735
2100969441
2080001997
204514616
2104200496
2145690449
706386869
2140571136
2134709903
2026684460
1911267361
2092243958
1955794402
1321408578
2053314950
1919986234
1727180672
1676373631
1832079998
1981227015
1749911415
2113328984
2123712437
1989703278
2142901810
1861073918
2012644666
2133312209
1984369544
1800587224
2124054002
1528227031
1896921130
2123774747
2131343474
2123774747
2123774747
2131343474
1991379701
2053839178
1899904924
2079445976
2131400680
2005735056
1695956829
2100724608
2058769805
2016391096
1763147328
2026405531
2026405531
2026405531
2039532127
2066851854
1997735470
2118605439
2118605439
2118605439
1756946835
2137396958
2123593368
2061943624
2137836195
2133968368
1404310855
2083852524
2083852524
2120715048
2079393438
1795583307
2076052829
2083852524
1965438869
2089609921
2090262377
2089609921
1786820622
2000858487
1568086465
2087199675
2016967879
2005767930
1806648442
1641425290
2118510044
1992772071
1567460843
1850333839
1262252658
1594096315
2140837819
2140837819
2132970421
2083028168
1997526519
1985482253
2096455524
1924041095
1997526519
1724338791
2035639702
2035639702
2039366892
1952082064
1997526519
1942376498
2035639702
2020343835
2145713147
1891863312
1803543074
1972730572
1830062161
2061337387
1504319819
1985557764
1443065893
1840457380
1340641507
2135097756
1780216916
2096898416
2080296093
1873829326
1991909688
2109388811
2079784425
1842972624
1998034302
2059994549
1778330540
2127486473
2127486473
2059994549
1977293218
1977293218
2095509002
2113077957
2113077957
1975469337
2122321084
2122321084
2122321084
2127492020
2127492020
2127492020
1928954991
1928954991
2001949873
1792591751
2009795302
2079979507
2079979507
1894250710
2079979507
2090010876
2110575142
2106517831
2142004045
2141574223
2130957126
2141574223
2112065126
2112065126
1915112667
1421948337
2135066347
2106661949
2041652823
1640248377
2104771956
2041652823
2012108098
2136154515
1812686491
1973239155
2118200469
1491134221
2137555519
2108606065
1989758475
2141020255
2075311350
2035240506
2075311350
2014645691
1967141138
1967141138
1939545448
1964266179
1967141138
2088738931
1104811018
1927831865
2145916918
2033982438
2033982438
2145916918
2093795695
2093795695
1708831831
1700343550
2030637150
2041792288
1762100840
2029813131
1966963762
1762100840
1236857907
1889392374
2142686656
2091671649
2060932784
1968352832
1193372638
1947052467
2140859237
1968352832
1968352832
1904106132
1667180131
1833436325
1943018423
2100311455
2138668965
2138668965
2041663468
1880139557
1427672784
1531555217
1622208714
1653787903
1490564608
2103538363
2057372808
2029396981
2029396981
2085206566
1990545890
1837705822
1506998431
2057372808
2118166457
2007725528
2007725528
2080453252
2128274547
1846577571
1859668492
2106412050
1956635338
2061715950
1855748245
2121486623
2063214376
1662260974
1662260974
1841905596
2086757971
1022888677
2134525549
2104986093
2112241241
2101527651
2104447001
1786414747
2047218442
1890372508
1688082039
2140179804
1956065179
1956065179
1956065179
2032662812
1662590192
2038760075
2143898069
1249064665
2050495665
2085092723
2105307863
2105307863
2071108019
1406143371
2132253052
2116046176
2132253052
2051288869
2071108019
1979653841
2033252613
1918471483
2129587279
2139085120
2147216300
1814387798
1868623771
2143898069
2110981793
2110981793
1970990457
2129061064
2120583601
2129401579
2092584873
2129401579
2129401579
2129401579
2129061064
2140585422
2140585422
2140585422
1223028592
2021878891
1885954795
1817548959
2143898069
2143898069
2026627067
1650227639
1374353095
2006749842
2097843518
1806285582
2023680642
2135523529
1833679074
2135523529
2132001526
1962797137
2092224586
2061227264
2112698919
1945767333
2147288053
2143716725
2122076950
2145261109
2118301622
2058666765
2138558425
2055507775
2128429644
1440410233
1871924391
2055507775
1923975251
2134513463
2055507775
1871924391
2138558425
2055507775
2055507775
2014804568
2055507775
2043269608
1365117426
2049283473
2131043773
2097290746
2097290746
2131043773
2138558425
2087008516
1931835401
1856069534
1918638502
-1412365942
2104757997
2010576879
2010576879
2130461143
2026153376
2098519104
2094883252
2094883252
2145351460
1911722760
1819339061
2050386173
2085320782
2141097182
2122318021
2027387687
2027442592
1709309608
2115670568
2134822207
2122006390
1971613797
1966255663
1983478402
2144046406
1514927495
1863439084
2144477621
1988670429
2137810271
2083078069
2074072830
1981476760
2083127847
2113360553
2127137114
1981476760
2065447250
2065447250
2074072830
2113360553
1775061882
2074072830
1978728477
1981731671
2127137114
2013020874
2105095980
2042731830
2116470500
2124504210
2024893455
2036472876
2132041927
1820058053
581625580
2036472876
1936599439
2055697264
2055697264
2055697264
2138631713
2138631713
1976684303
1935736641
2138631713
1790384469
2075037256
2130534589
2075037256
2075474073
2031005945
2141948428
2075474073
2075474073
2075474073
2114631426
2084301595
2031005945
2075474073
2075474073
2112652811
2074732101
2082396906
1951472068
2146215443
2081335792
2081335792
2045742467
1777984482
2141948428
2141948428
1747267052
2141948428
2083094742
2019516069
1918564975
2051913693
2091099023
1918564975
1904442805
2112519614
2103531461
1972019973
2072899730
2072899730
2130800147
1030680679
2072899730
2129460961
2072899730
1903510820
2063175352
2130800147
1919592337
2130800147
1903510820
2084381020
2130800147
2042189431
1795785337
2088035076
2042189431
2130800147
2111087726
1982109020
2111087726
1991967666
2025273182
2130349200
2128044473
2059745478
2127042958
1889127429
2040462248
1958692119
2108213274
2123670905
1946842727
2124954266
1246370684
2036233070
2111239945
2114251213
1736484733
1712857615
2143564546
2143564546
2115523438
2143564546
1782313497
1866526143
2143873436
1969698134
2058942696
2058942696
2115523438
1966777107
2143873436
2143873436
2143873436
2129502662
1672029819
2143873436
1567694945
2139316902
2139503217
1979078580
2061317615
2061317615
1881238946
2045394903
1990876417
1512302973
2045394903
1854843860
2045394903
1979078580
1858714007
2123409946
2045394903
2146121850
2146121850
2008699753
435912172
1836770607
1977118200
1871766812
1219656619
1871766812
1182599023
1890814529
2071769657
2144590254
1951083684
2037502485
1965439808
1856868643
2090878362
1881136819
2134515396
2118024537
2004920590
2134515396
2039225803
1996062934
2133746314
1800842638
1943553892
2146201327
1832628984
1971406531
2042997134
2002799801
1565879353
1950996716
1989447653
1856074740
2011843559
2126552554
2126552554
2115807282
2115807282
1989447653
1909709259
1971406531
2144203014
1395339766
2131515182
2131515182
2131515182
2131515182
2115523438
2127074782
2029879262
1948148963
2128127153
2128127153
2128127153
1880391108
2099125884
2138686762
2117780542
2041354844
2032582592
2119860257
2103020417
2128190360
2111748007
1487875089
2116228753
1920319295
2111370189
1950887742
2098288571
2135772868
2135772868
2135772868
2135772868
2039205703
2034041346
2035583844
2051900244
1784343467
2069584527
2077864680
2077864680
2023162045
2050865617
2138651695
2084222848
2099962146
2110200683
2116761125
2099962146
2129497533
1993735296
1803057157
1957214923
2137838937
2102677139
1918538707
2097594449
1718579039
2097594449
1647510507
2084606145
2038906071
2117374710
2141498938
2141498938
2027546923
2141847713
2128975224
1968019831
2141498938
2141498938
2119167758
1966412561
2141498938
1799320285
2074391813
2040418695
2001385062
2027283364
1381237119
1644360625
1644360625
1761663680
1960655658
1804404467
2140023638
2146127046
1147263293
2095035053
2038518383
2062751874
2144257364
2131557167
1279737951
2131557167
2135009722
2131557167
2116362879
2007109323
2131557167
1937642798
2092835515
2143108541
2020289277
2046667311
2023280723
1173854746
2104024246
2087743487
2095434522
2087743487
2087743487
2143064674
2104031877
2104031877
2072742038
2104031877
2118548083
2143064674
2118548083
1687431860
2118548083
2085922858
2085922858
2143848311
1752814251
2144239472
2082033159
1818022170
2104639352
1958182853
1325683126
2077113169
2038272644
2050834425
2128374848
2092600544
2136521269
1981034728
1855665257
2008705100
2044277769
2008705100
2098722549
1940258551
2072030735
2144309339
2088284031
1916997566
2136564554
2143159809
2136564554
1673189378
2096520918
2096520918
2127173615
2094952956
1987916140
2119065317
2119065317
2107564830
2001316688
1958260848
2101380409
2102060459
2140260710
2140260710
2042079357
2113904330
1878370800
2113904330
2105585622
1990867116
2145359611
1900114745
2041698525
1931776581
2041698525
2127173615
2105585622
1421420381
2116220477
2089865301
2088065069
2142942280
1512563202
1839061488
1901264976
2120557642
2015392513
2136861691
2128128062
1711374502
2039710079
1983025631
2024933729
1847282346
1561722184
2116626811
1866708566
2058742004
1171964523
1969271218
2121465819
2135347237
1526440906
1331096981
2121316738
2049959852
2120557642
2109531863
2116464134
2054546489
2146328119
2029477512
2029477512
2146328119
2121316738
2121316738
2146328119
2110965060
2121316738
2136697464
1866220118
2127702222
2029477512
2128695667
2100299677
2029477512
2087325768
2055073054
1884353811
2126184223
2126184223
2059805632
708392938
2038969122
1874068311
2057849619
2107076651
2088932754
1792675685
1746572804
1867660604
2147162418
2115023054
2023916937
1947829022
1923167504
2070057019
1907978121
2136540080
2053010467
1938243704
1911265989
1929009383
1956816669
1921287244
2051502850
2004819392
1503151911
2144580435
2101020637
1884514012
2003901129
2127352619
2003901129
2003901129
1782192351
2003901129
1972486279
2065153870
1936119319
1562959970
1813835370
1744517819
1936119319
2137243707
2133104570
2122959120
1991387863
1951749762
1903923123
1984023028
1826574455
1545209850
2093991023
2089991008
2127086474
1858032843
1876593620
2004382525
2127086474
2093991023
2065032128
2081654804
2081654804
2081654804
1824223395
2036974338
2057423281
2114885539
2114885539
2114885539
2134787208
2145181005
2057424125
2096622858
2096622858
1872334409
1988826177
1498597527
2082677124
2013415472
2082677124
2082677124
1529062926
2080792494
1761141241
2102313951
1930239256
2003175025
2041652817
2104556516
1769138957
2104556516
1998987111
1328399500
2089104565
2137917457
2104556516
2104556516
1947418646
1752110352
2115789976
2134548287
1941554224
1942104062
1863300032
1965693446
949277637
2133999529
2133999529
2133999529
1868900530
2133999529
1445837729
1883103981
1922549399
2048602263
2013734777
1762535289
2064862907
2099174755
2091958161
2125687416
1349105288
2088166444
2090479498
2114535434
1868123172
2108382795
2140500133
2104531984
2104531984
1963515221
2104531984
2104531984
2105198687
2127686389
2021821962
2127686389
1956861247
1869211858
2015301382
2050871271
2050871271
2078870075
1860065390
2078870075
2125961889
1383245463
2021892631
2125961889
2108129689
2016547299
2129243747
1962542398
2101802607
2087168199
2146070092
2146070092
2146070092
2141480757
2059102845
2141480757
2141480757
2089479524
2076029932
2131701914
2059102845
2049913806
2109905286
2109905286
1296863005
2109905286
2021892631
2091729181
2113814155
2110038273
2045761123
2137429662
1972734940
2118843954
2118843954
2032788971
2137429662
1682172982
1473204646
2033095353
1920984030
2066291204
2118168512
2118168512
1602138615
2118168512
2021892631
2002508552
2114437055
2022029145
2114905207
2141482676
2141482676
2141482676
2141482676
2040058754
2141482676
2109283754
1906179649
2103454447
2104696439
2024693180
2042965770
1939577241
1890224301
1994888599
2023038518
2057053676
1956692152
2142870180
2142870180
1745389132
2142870180
2142870180
2142870180
1600606960
2142870180
2093113039
2142870180
2142870180
2142870180
2125426668
2053645792
2144347081
2019949844
2093065491
2080320845
1615555967
2047343888
2060026494
2145114356
2043493231
2002004091
1896919209
1411001041
1971947187
2125837311
2125837311
1767561242
1951902302
2037621537
2136070633
1687588152
2120331824
2106777358
1928263941
2120331824
2075752667
1696520697
1770122453
1492716540
2112486828
2032079842
1890546425
1259319401
2066462082
1106721330
2080827389
2119448246
1911297646
2080827389
1956152250
2012435263
2066110406
1549338669
1835917621
2071190115
2071190115
1978200423
2019261475
2074060370
2043845636
1566210481
2059877274
1960933453
1928464818
2125266318
1850035013
2114483323
2011451479
2013034768
2132995192
1923634979
1671807295
2125498999
2029880687
1892005430
1991974205
1995857028
1804785647
1979081746
2006089826
2076497300
1942133243
2132099291
2132099291
2064439805
1636682514
2124523801
2069696852
2064439805
1864838728
2141252265
1942552752
2141252265
2141252265
1667759606
1673303022
2141252265
2141252265
1942552752
1826823892
2141252265
2141252265
2141252265
1889730948
1779002987
2125192689
1942552752
2000344466
2083711615
1646006773
2000342980
1886334949
2104572570
1896077258
1886334949
2045453775
1897563534
2026721552
1993613104
1919703365
1919703365
2142751576
1168190025
1853373365
2132550978
1577547731
1871607513
2132550978
1736568895
1709401473
2132550978
2064588567
1872508363
2050497069
2020140310
1989970053
2066240958
2066240958
2041662613
2070326468
2069769185
1530658995
1936570873
1819401620
1993129226
1804863681
2085045822
2107834420
2092896211
1457275866
1621426168
2036157069
2130952887
1123755517
1973137773
1945258683
1693074235
2146614950
2146614950
1983733626
2048717733
2147467696
2136374206
2105001666
1849128978
2008814620
2052771627
2032430321
2053561778
2083965517
1889005793
1987222752
1453247472
1972382372
1958447797
2136030497
2136030497
2136030497
2136030497
2028287561
2032474887
1815085872
2109616566
2109949356
1782123522
1992986723
2109949356
2084055300
1878788237
2125836952
1953543254
2069065488
2100181361
2078597341
2094927674
2102452464
2125593569
2122911595
1586743784
2098000971
2122911595
2146136368
1681677111
1932384609
2102062054
1649082863
2114980636
2141908055
2046212852
2141908055
2141908055
2099856811
2099856811
2054590597
1689519749
1847798101
713017186
2112951800
2066168324
2038208441
2038208441
2038208441
2071767893
2020040353
1734077395
1990662037
2057901645
1911584401
2009978758
2033100925
1804412923
1140070385
1931774688
2112546218
2089434587
1738961157
1899026678
2050162440
2145318728
2107553719
2079882437
2038512368
2081885821
2013146683
2003461548
2141318661
1212341347
2141318661
1866345233
2141318661
2145821251
2056876806
2140940815
1998513357
2141677658
2140940815
1998513357
2115575527
2125129066
2140940815
1321740181
1662365723
1965307019
1926932166
2081035903
1874142311
1937496065
1931655960
1402442240
2137384100
1852987739
2042817405
2093318434
1732901539
2032233696
2104870967
1937614259
2104870967
2104870967
2102490670
1615325735
1615325735
1286359350
1900354962
2028594611
1615325735
2106777358
2072049449
2043937109
1920505971
2115099065
2025166639
1717929210
1903089365
2002821257
1905795275
2095357924
1905795275
1833564045
1823256621
2123867314
1961113694
1118337598
1677350789
1770288824
1925598610
2100846099
2100846099
2019709731
2084203720
2100846099
2084203720
2084203720
1929607978
2034054993
2059638086
2018323877
1893170593
2143024930
1652784530
2143024930
1800711329
2144660795
1961026738
1968931167
2008498697
1783120961
2123558776
1992518617
989124989
1962662821
2049342644
1962662821
2068161527
2093198452
1911986095
1760898398
2093198452
2078293767
1781550073
2012093956
1929814880
2129814049
2128422248
2024108005
2097155738
2086235274
2147145984
2130077952
2130077952
2130077952
2113508938
1514642946
1833942766
1706908762
1567683206
2014065756
1635360043
1453673276
1647566614
2119561581
2124229104
1590590741
2146425479
2018328893
2003790311
1884729262
1996362533
1674237597
2055573627
1414243307
2014476409
1654929094
2063889455
2120126342
1733196168
623134427
1907449618
1933735699
1925101823
2068412907
1872291987
2109400451
1925101823
1639343425
1798605054
1994470123
1875684075
2104737478
2104737478
2104737478
1996362533
1788954730
2133313728
2091015968
2136580646
2079346739
2049351969
2020506195
2046809215
1854624987
1978314086
2083631166
2142686348
2142686348
2142686348
1804419771
2142686348
2043567374
2108887570
2108887570
1853726277
2084441499
2084441499
1956011291
2095079705
2101315812
2114044388
2099751755
2051886435
2138177367
1023602170
1625145325
1522473216
2103619608
1617149184
2022924129
2025465615
1188049716
2071361437
2132672465
1719969359
2066094440
2133672768
1951003476
2077984919
1965444745
2058464156
2058464156
1939715100
2045996570
2096447753
2024781002
2024781002
2073018604
1671026289
2106194348
2058464156
1942935405
1928356742
2009283104
2009283104
1975204533
2009283104
1912204778
2089901317
2034266675
1760002477
1947745338
387409593
2046029363
2133672768
1974253055
1947745338
1755051966
1917412370
1503132941
1917412370
2133672768
2133672768
1947745338
2136948473
1947745338
2132159372
2051831562
2085184426
2085184426
2098970648
2124870520
2026488206
1896498638
2134645442
2139096331
2139096331
2134892276
2139096331
2139096331
2139096331
2139096331
2050335684
1884127383
2146067541
1884127383
2067852300
2080570237
1959994139
1987461779
2118077855
2118077855
2118077855
1766965314
2118077855
2118077855
2118077855
1101853108
2124718518
1831159483
2044778370
1090784082
642911877
2126209913
2096841940
1115688999
2137769743
2137769743
2049624018
2139982367
1962435587
2086070610
2091557526
2091557526
2098358132
2137303468
2137303468
2124126458
1773905575
2105498565
1925617019
2097683799
2097683799
1956548052
1925617019
1758583383
2108175264
2076397245
2088054176
2088054176
2088054176
2096576380
1108073364
1930500276
2140633390
2113460843
2086200385
2086200385
1783462906
2053964475
2116890550
2132989325
2140636867
2146374959
2005225596
1233276565
2088001823
1990088818
2144076718
1813028511
2126827715
2136068210
1967526685
2095920658
2095426614
2139129947
2077025375
1233127245
1872469289
2032781501
1623961421
2087995166
1506785758
2052244642
2060344232
2108169591
2108169591
1915869480
2129296529
2127321691
2129296529
1874979313
2133546241
2108169591
2133546241
1777183803
1985508862
2100148945
2115998135
1923297674
2100148945
1663869192
2084483727
1896684024
1596946248
1874312763
2084483727
1855771878
2104827003
2121696517
2112627342
2129926231
1854938593
1995183122
2052121098
1896991378
1954182067
2052121098
2144097939
2146372284
1844151366
1843357909
2121843871
2119940972
2054103913
2123625105
1690900248
2098864707
2098864707
2129857024
1286486201
2091507528
2039190059
2127657407
2066673274
2105841373
1909596086
1918335386
2071502853
2135785032
2110960519
2110960519
2135785032
1938986661
1992589935
1833390735
2093907455
2123115874
2110960519
2061755523
2110960519
1919033934
2119092954
2137010126
2137010126
2137010126
2137010126
1881322489
2144912314
2137010126
2120548042
2137010126
1945971154
2137010126
2095595413
2137010126
2098482941
2045920893
2137010126
2095595413
2051645065
2110960519
2139517535
2036621299
2125769141
2139721901
2125769141
2125769141
2125769141
2139721901
2031763173
1484692371
2139721901
2084505499
2139721901
1520716437
2069377436
2025366588
2146216817
2146216817
1942396094
2146216817
1824688960
1947846987
1965646511
1725770832
1075892025
2096884360
2076501301
2032994887
2076501301
2137422420
2107857025
2066337650
2106579596
2125843963
1821220763
1968005405
2015592024
2103683745
2076885838
2071468522
2134678171
2115609661
2134678171
2134678171
1801598742
2134678171
2143479065
2143479065
2134678171
1963186475
2052864227
2111653361
2143479065
2111653361
2112267620
2037756979
1718363218
2143479065
2140254246
2080246901
2101851771
2142323214
2142323214
2033222996
2142323214
2142323214
2083498153
2142323214
2006455411
2017174349
2033222996
2069551838
2083498153
2033222996
2146884900
1356363724
2021641518
2145025179
1085085384
2027905841
2114707333
2124206588
2114707333
1967529336
2129148056
1988073391
2119762783
2121018131
1933671277
1939425997
1902773841
1998223021
2130687831
2078550821
2105502946
1869079079
2032191256
2105502946
2105502946
2035733239
1819244298
1918140244
1987794826
2117702949
2117702949
1894706088
2047275368
2047275368
2099104273
1294350598
2141003182
2102822474
1855539248
2103791956
1867950361
2100850637
1960305906
2032356458
2104650499
2133829956
1508783163
1939589065
1939589065
1939589065
1902615601
2049342423
1399129735
2034844755
1634647357
2034844755
2130424151
1618697730
2104650499
2140380185
2120304323
1990847828
2140380185
629695445
2032395787
1968849317
2126099136
2060595443
2102254801
2060595443
1566320993
2102219605
2068109709
2068109709
2125984629
2132858709
1985362241
1959972148
2086302453
2045468550
2108052676
1844279758
1935807020
2134858894
2143588681
2146987190
2134858894
2146987190
2146987190
2146987190
1995340296
2064109989
2124686693
1327561902
2127399216
2131394788
2131394788
2059437601
2025323031
1766318205
736298782
2081099217
2081386487
1943278410
2108381714
2060988441
2114120910
1685792210
1658972946
1928045598
1960772600
1822481396
2137032809
2134704885
2124872176
1896847657
2140377297
2086529974
2071696897
1994894249
1989073597
2141691733
2141691733
2017111596
1837336271
2141691733
2141691733
1808397918
2141691733
2040632698
1954030899
2040632698
2040632698
2040632698
2063763125
1669861234
2140428948
1562184391
1914328838
2122558407
2057168592
2010255379
1955641362
2010255379
2010255379
2094710231
2010255379
2094710231
2094710231
2084565803
2084565803
827693408
1899473795
2010255379
2115533449
2128963698
2058267187
1510632092
2110598218
1365870269
2119553170
2106405341
930350709
2083358567
1868436126
2147335957
2147335957
2120383644
1903359499
2030133943
1738505984
1738505984
2065538306
2105924144
2081304617
2081304617
1929477040
2146116763
1790651382
2136524288
2030886720
1726905676
2117042947
1926017360
1924155976
2107510831
1928797968
2125817765
2017774867
1982920837
1595060635
1442794334
1946849742
2136852860
1888256882
2121573185
1804769865
2057208034
2042791228
2136852860
2042791228
2136852860
2136852860
2057208034
1967048366
2092015645
2055181993
2055181993
1687289354
2063324605
1431568239
2136852860
1605460219
2108845650
1965683458
2011826075
2136852860
2017854766
1657283313
2069511209
2145562188
1988984457
2064474350
2110906192
2088584380
1769181453
2128864419
2128864419
2070982531
2064474350
2062056338
2079914433
2070982531
1962069153
1962069153
1755084126
1887115483
2100865563
2137171282
2100865563
2000966157
1364089993
2100865563
2104981715
2100865563
2138167700
2138167700
2133747642
2068898530
1896365306
2035228146
1784333769
2099044453
2099044453
2136852860
2137994087
2118494972
2067898591
2140341225
2119683865
2135825969
1906897286
1859259021
1639133067
2131366603
1996417449
1925534238
2118473169
2118473169
1746147045
2089150347
2098876509
2028733267
2028733267
1547921559
1737919484
2001707630
2098540942
2125438074
2098540942
2007141520
2098540942
1877220796
2098540942
2025231821
2098540942
2044586058
1276743781
2035987978
2041265379
1913528115
2044586058
2044586058
1982290639
1982290639
1771485654
2141041987
1903967575
2044586058
2016482048
2022129266
2022129266
2072266348
2080293525
2022129266
2031132131
2063354336
2141864961
2128399782
2113956972
1074516434
2053909303
2024139942
1913118441
2078117754
2031132131
2073164053
2057795058
1880566933
2095508618
1972596076
1997403454
1985765301
2138493326
2138493326
2096677073
1966161617
2018940328
2081898139
2081898139
1582193217
1911969470
2136852860
1943263304
2024189217
1943263304
2124569170
2124569170
2102687886
2074804320
2144078744
2010863503
1935222227
2010863503
2038080041
2074804320
2144078744
2109256763
2144078744
1919092481
2119342462
2074716219
2124636563
2120096567
2068247641
1706671315
1664781222
1975076911
1975076911
2132777393
1975076911
2147444585
2019420567
2124480101
1747111804
2136662830
2011226906
2107738839
1521399152
2140691070
2123743495
2054166408
1831203187
2114748810
991981993
2114748810
2114748810
1593386718
1740203075
1973819620
2118542236
2093006957
1921898180
1948973137
1946421575
1995268775
2147058819
2120644524
1975778160
1946822117
1861316726
1503260303
2121584007
1573581281
2095535333
2130215452
2130215452
2130215452
2130215452
2146376342
2106127711
2127045314
1958261774
2133381182
2097575785
2049087503
1965783280
2143119897
2143119897
2127951630
2012041936
2143119897
2143119897
1996694678
2012041936
1837554790
1852205923
2104833458
2031766602
2062633147
2031766602
2031766602
2020285371
2044720089
1767609063
2144398076
2144398076
2124360364
2044720089
2144398076
2144398076
2001453188
2145600466
1959494452
2145614936
2145600466
2145600466
2142536150
2137479790
2089352065
2138355453
2138355453
2123435576
2114687538
2082407491
2113639853
2026355523
1610821696
2058046995
2076344695
2140555674
2095411685
1976737613
2073022570
1929179487
1866558532
2140555674
2094725564
1825497526
1735684802
1614071253
2060224169
2123435576
1864066321
1420961405
2140555674
2131512841
2131512841
2093563283
2093563283
2093563283
2112478919
2011225571
2094621228
2045576286
1832303490
1923439751
2121591195
1832355817
1916280274
2137912188
1832308769
2077243527
1832303490
2110236393
2110236393
2110236393
1984632698
2124031239
2081060427
2077243527
2084685551
2007956225
2112036266
1918705840
1953676762
1870345688
1672093772
2130415139
1719764958
2066192782
2121690249
2111523488
2136254564
2131226428
2084928812
2126878008
2041209327
2108417507
1493133990
2069729305
2024508473
1920429820
2123443476
2094299452
2143454887
2021644116
2120545799
2006389143
2112847531
2088182354
2121547975
2006389143
2040462513
1691094771
2006389143
2031507560
1252030396
2071055358
1906054407
2016977905
1832516392
2110244502
2070858345
1884319672
1904886951
1390513382
2088381809
1910863796
1986665393
1494202818
1922796074
1472249647
2047741584
2047741584
1101659164
211956302
2012093638
1889109470
2049590510
2009971068
2101522121
2101522121
1673448895
2009242726
2140957085
2134081210
2139819287
2139819287
1092523398
2108678812
1522074811
2045836742
2082220276
1398891881
2051570096
1939981915
2086405961
1928643407
2083496602
2085368380
2138159251
2117913016
2122848214
2139414789
2101103029
1938954866
1883913092
2128075858
1949118585
2024814937
2092653791
2092653791
1842083722
1954449170
2132355932
2132355932
2113237495
2113237495
2113138801
2113237495
1837919746
2136450345
2113237495
2113237495
2113237495
1927286504
1889427926
2126675242
2004007147
1922843709
1119731259
2061296845
2081994071
2081994071
1885868298
2147031108
2147031108
2147031108
2147031108
2137500227
2147031108
2021706794
2147031108
2147031108
2123355024
2021674964
2021674964
1954543358
1930508624
2130970938
2139870870
2110868379
2022127188
1977688544
2041989614
2039953022
2039953022
2136264616
2138725065
1460780818
2084555477
2087301975
2071950733
2118480429
2140808455
2120799045
2120799045
1926663517
2146978426
2095464883
2083691437
2125821790
1959309519
2084555477
2038709281
1960974638
1960974638
2092105496
2045593196
2092105496
2021799164
1713122007
2069128012
1948702149
2099005815
1956456098
1796490619
2104481035
2104481035
1971301197
2111175256
1179263664
2028548417
2095192429
1986221092
2083828228
2109444385
2060262534
1926762498
1979320909
1947492094
2091595762
1792609467
2091595762
2101185580
1950453244
2101185580
1889166010
2040645286
2128074549
1975929244
1873882908
2100046014
2031453960
2104308110
2081379707
1741134865
2107171987
2036258906
2129057317
2126589141
2064374345
2068839156
2014831424
1599761192
2145783603
1962110671
1995796476
1947043896
1258041251
1966392121
1610308399
1995796476
1995796476
2064500710
1763077789
2116235957
1948718733
2105672775
1812277449
1758812163
2083632570
2076237547
2135540363
1702431519
2090365003
2118536362
2118536362
2118536362
2118536362
1968574359
1884192804
1825149239
2116769227
1925211467
2140425050
2041273447
1769386882
2035531689
1711552076
2044655620
2044655620
1929579691
1992536393
2081641709
2075555413
2044655620
1932014551
1856257642
1929579691
1903717131
2073699469
1929579691
2061782582
2050345095
2073699469
2073699469
2107764584
2007248425
2127042817
2127042817
2124277930
2027245989
2005914621
1843671049
2124277930
2064552137
2043220769
2147322078
2147322078
2147322078
2031807865
2092664356
2020213976
1702490088
1735259654
2110533065
2125365503
2125365503
2022868556
2132966326
2117900191
2117900191
2003637027
2117900191
2117900191
1897667938
1938879509
2085005477
2027237989
1449437999
2145136753
2048322610
2101609577
1964372627
1974382105
2129486135
2141837752
1754095154
2136128822
2117949018
2107817567
2061214955
2029339061
1878130410
2117015852
1870735594
1636576961
1882816150
2021479617
1957633726
636745422
1909391114
1932048867
2010207887
1726371972
2119211233
2124194199
2107889008
2124194199
2102773090
1911633375
2117577068
2028609074
2032022407
2088471173
1859357070
2081495940
2032022407
2108998793
1921614940
2032022407
2028609074
2032022407
2032022407
1591592791
2041862670
1937194644
2114396357
2101755872
2140779003
2097318156
1819396011
2064826274
2097318156
2064826274
2009725185
1951625960
2004546810
1878777114
2109569034
2109569034
1724102621
1987507647
2053369934
2020550512
2110197436
2110197436
2123721460
2114213089
2032819022
2009052187
2144559197
1787269808
2114213089
2144559197
2052535039
1913667792
2118191166
2137224646
2135176123
2077914349
2144559197
2112906398
1171240468
2077914349
2112906398
2077914349
1988850350
2142790602
1988850350
1898577598
2091168980
2144559197
2138897540
2055005005
2032843617
2144184666
2086898029
2144559197
2125102292
2114724039
2114724039
2114724039
2045642425
1446402287
2111323508
1572699305
2114419787
2129498278
2131287686
2053705979
2106451925
2129498278
2052927695
2121105594
2068271227
1777138594
1657675814
1608139683
2068617842
1628315397
2068617842
1907135468
2013210105
1819607735
2069500115
1819607735
2104763998
2104763998
2035717909
1724999257
1980300998
2064851564
1814731049
2137975511
2090550385
2129639631
2095612258
2132821287
1906154518
1765411603
1966813046
2122474598
2122474598
2122474598
2131518450
1979883454
2123346585
2033839870
2033839870
2033839870
2144468547
1696551583
2144554070
2112138510
1991231681
1971837000
1942706048
1989199082
1989725256
1785057925
2054027767
1998162204
1998162204
1998162204
1249593206
2014920256
2039905129
2105251551
2013824294
2013824294
2099712392
2079982474
2109882307
2058905326
2099319723
2134613017
2146066829
2109882307
2109882307
2077642490
1995021172
2063113867
2008898362
1330929190
2114589872
2091948125
1766553741
2091948125
2083767571
2091948125
2083767571
2091948125
2139793354
2139793354
2129624943
1895325872
1997206219
2121231106
2122274177
2122274177
2122274177
1839034811
2115079885
1951666053
1971527515
2079021117
2079021117
2145067125
2145067125
1906686892
2145067125
1695053765
2079021117
1907919395
1877921466
2024288004
2136369783
1839145223
2075750301
2089169195
2089169195
2089169195
2089169195
2089169195
2132648790
1958601619
1938239719
1934959597
1752992857
2098786738
2110093952
2138944545
2073931599
1959842078
2138944545
2045432333
2138944545
2007581394
1833622672
1494611354
1433842383
2138944545
2102311623
2094255295
1930895078
1693885241
2120612564
2120812590
2120812590
2101838505
2006246327
1640308267
1933479301
1596559766
2093937731
2137212153
2107580001
1998209574
2093937731
2126417741
2134603938
2126417741
2137212153
2082830353
1899391183
2129516085
2018586902
2093937731
2066942302
2093937731
2047539009
2086663705
1724350900
1979417831
2089517013
2048050616
1917610611
2026621851
1811243150
1750947057
2130415749
1889082092
2056091101
2057157326
2089454450
1801961690
1602914774
2101563105
1808507904
2101563105
1912502109
2082103563
2076581507
2076581507
2076581507
2127332162
2076581507
2076581507
2127332162
2127332162
1628291455
2076581507
2114285837
2122407139
2147377605
2147377605
1520208570
2134441730
2016006851
1701366976
2067557641
2094918164
2105800607
620873787
2134441730
2061091619
2134441730
2144292612
1684204548
1973739593
2115802762
2077723066
2077343260
1752371570
2077343260
1928477002
1990018266
2008910887
2064756024
2077343260
2077343260
2064424284
2064424284
1871403621
2144016286
2093400800
1690393251
2118147379
2142359306
2106718229
1849403666
2079386863
2065960197
2091248303
2113312159
1860319071
2064206154
2080474698
2092098431
2063560443
2113467541
2092098431
1992831945
1850265750
1865490395
2085869477
2085869477
1933558259
2115787957
2115787957
2143321443
2140111747
2048839005
1900745082
1694612360
1745759290
2073981807
1765610564
1860353569
1978458520
2141282907
2141282907
2113467541
2068375318
1970222057
2112658938
2141367951
2045676466
1999761030
2115712908
2123140992
2093443655
2127118708
2093443655
2093443655
1919913067
2097793502
2083196628
1976655141
2028426962
2133459397
2133459397
2028426962
2145789578
2103830980
2145789578
2131255824
2044896901
2044896901
1965692542
2069087458
1944354522
1963916000
2073045506
2104120123
2084249676
2104120123
2146412581
2146412581
2146412581
1925861408
2080792982
2080792982
1558768899
1743098295
2088830301
1868361646
1868361646
2100049697
2117928489
2117928489
2131101783
2063704471
2008971886
2063997030
2146351310
2146351310
2015585705
2135818661
1869100662
2090231040
2052431516
2029539423
1946707061
2077351637
2129467751
1618214760
1667980175
2025670456
2126854912
2120717281
2120717281
1885433765
1947774099
1633177711
1908615420
2046249358
2046249358
1968472872
1734400404
1720616881
2085375277
2109408376
1280538571
2108849433
2108849433
2111053916
1912856874
1873620339
984651796
2117874678
2091518518
2003029309
2101205137
2067430892
2141496570
1051049666
2067430892
2140445973
2020017409
2134171182
1828562514
2054555796
1828562514
1864874637
2120247219
2140097927
2046492924
2141510735
2046492924
1958319237
2134171182
2136844217
1782267705
1946534139
2007627356
1958319237
1958319237
1830739056
1975632432
2134171182
1748944212
1922301386
2134171182
1922301386
1370977297
1866003989
1786888247
1801987831
1940163487
2113040828
2141754369
2114312562
2130059064
1985830362
2084042892
2142914548
1973692117
2124407905
2124407905
2115848658
2124407905
2124407905
1937441711
2141754369
1937000126
1911106878
2072621002
2050037615
1852107375
1376752820
2135313717
2135313717
1639120254
1817531419
2033624395
2051207246
2062796369
2129804192
2062796369
1775259021
1850529680
2062796369
2062796369
2126726633
1792635622
1591308989
2136182684
1944733538
1601421378
1907585424
1840382273
2033935810
2082524396
2082524396
2074309348
2118413489
1677472043
2016956132
2016956132
1390864845
2134498548
1837027600
2100297544
2105749054
1817923742
1817923742
2134498548
2134498548
1796021301
1912826242
2098858334
2122084152
1856679096
2120886471
1927586208
1744304169
69640182
2135004724
2108022958
1711040093
1631006560
1333855961
2035309018
2122418581
1906929876
2129374049
1927567998
2042605421
1825920658
2094379440
2094379440
2057305369
2057305369
2137248624
1997636103
2132073845
1997636103
2109408533
2066744250
1609123542
2110827862
1836199415
1986364607
1935910766
1961023599
2080635275
1795053196
2061822633
1971496343
2134439145
1775387888
1941812325
2135668275
2145813595
2108990293
2111160958
2104230838
2116548702
1811258820
1860726180
2092264450
1926803371
2136339672
2045380743
1893580585
2046028546
1491430355
2039414463
2039414463
1729445233
2074960683
2121516966
2146391561
2104094748
2025918660
2076372354
2076372354
2037281759
2050109618
2130258471
1550284831
2134659802
2133671487
2114534551
1999666988
1884618925
1881552380
2102251880
1884618925
2102251880
2102251880
2096769308
1933110684
2096769308
1926139938
2147031245
2107021498
2107021498
2013147556
2013147556
948529339
2145038447
1804631410
2019059214
1959105422
1856309678
1856309678
2002920287
1959105422
2105770975
1533746765
2025629311
1951901161
1959105422
2093041178
1903464062
1925701568
1951901161
1459074408
2063272078
1025216893
2112563667
1786667540
1939915624
1952315812
1872305449
2118732599
1718160837
1989895585
2015431618
1863267641
2088961370
2026884837
2113434469
2128431660
2128431660
2128431660
2107898256
2026728289
1993784545
2088430754
2088430754
1581763194
-844023089
1795108622
1879161210
1794121312
2109594922
1739560270
1961533438
1866985790
1545077521
2016118030
1677158751
2097431869
2010012852
1829259034
1746669205
1829259034
2061359727
2051162658
2040230179
1999393309
1999393309
1999393309
2129232773
1999393309
2100500572
2121956956
2121956956
2021421678
2019347041
2080108396
1986606921
2128539851
1834006352
489616602
2122603004
2099401957
1962038759
2036592185
2115226142
2101467979
2125921597
2125921597
2112567125
2135880502
2043747317
1673198049
2070938843
2145725845
2087497406
2125921597
2101825279
1750553604
2080127495
2125921597
2108107517
1901703061
2101825279
2101825279
2046961115
2101825279
2125921597
2125921597
2146629152
2096176398
2132597055
2132597055
2133425417
1921069303
2034898499
1830168209
1981730160
2107692764
2060200984
1926965275
2114366799
2145453974
2058126835
2111250270
2146791304
1861109954
2146791304
1398570107
1987161928
1997304794
2129234039
2133768016
2020769272
1821353049
1942182061
2122909198
2099491096
2064761581
2146263837
1938460782
1938460782
2114759515
1252097987
1494661111
2138224128
2132816783
2132816783
2132816783
2053009130
2132816783
2132816783
2136318566
2132816783
2132816783
1971221874
2035152878
2035509095
2017738698
2013246308
2090683628
2134117829
2090683628
2087975105
2055320733
2056836754
2081840125
860873087
2093759039
1987089505
2039566573
2093759039
2127982088
1916240858
2133011616
2136972867
2131413284
2131413284
2094329662
1767443897
2123979655
2088428936
2139847823
2131413284
2139847823
2144340783
1717097264
2144340783
1987891060
2016783033
2066335112
2032661693
2084029129
2072619963
2144402318
1995219875
1367481805
2139211512
1925399208
2089990066
2144745170
2144745170
2010331027
2125616099
2125616099
2125616099
2125616099
2146664250
2102622169
1940444127
2015501089
2092637130
2056120226
2133305904
2015501089
2038889342
1997534324
1063306089
2091098064
2091098064
1888476056
1867530411
2042741849
1941793682
2125598664
2123890614
2107457628
1825913190
2107457628
2023999043
2147476813
1864244258
2137009811
1757480566
1829352048
943928733
2092677049
1623601462
2046637589
2046637589
2128188471
2133645541
2140133942
2041604871
2113176274
1982632686
2103500297
2113176274
2110345260
2116421697
1179375336
2042181108
2129663410
1755554868
2057021573
2093233316
2010634372
2113176274
2064635366
2130518462
2043143388
2108271498
2137073676
1373339713
2060221223
1687205598
1918732429
2060221223
2130518462
1914449549
1791997839
2074393350
2117030308
2137073676
2038316740
2038316740
1663183693
2124263392
1800906002
2056332865
2124263392
1946313529
1984000204
1946313529
1973611591
2146148050
2014084480
1599219064
2137073676
2014452224
2118874248
2140364226
2073378905
2019122617
2121519226
2140133942
2121519226
2121519226
2121519226
2139280370
2121519226
2139280370
1959852246
2139280370
1959852246
2137643856
2070638564
2096629134
2070638564
2108851328
2108851328
2096629134
2139280370
2139280370
1977113666
2063305013
1738868351
2063305013
2099367038
2082817100
2063305013
2020976354
1924449488
2099367038
1973503293
2070826324
2132649922
2070826324
2132649922
1866802612
2132649922
2061132343
2101476320
2101476320
2061132343
2051197249
1686554098
2061132343
2125973789
2101476320
1842039624
2145129147
2100518120
2100518120
2100518120
2100518120
2077555043
2009491196
1928908147
2143185549
1990341764
2143185549
1991202788
1879172876
2056436858
2110265938
1339436078
2014481256
2076342138
1920578205
2125200911
2125200911
2146295342
1999350190
2069446227
2146295342
2129854539
2143404826
2143404826
2011876353
2071674234
2129854539
2143477521
2129854539
2124309051
1944354221
2089608212
1758702428
1691587443
2129854539
2003296966
2098293686
2009935665
1775314177
2098293686
2120914446
2129854539
2087107144
1858129710
2050343508
1573017525
2105001010
2105001010
1675578144
2105001010
1501933270
1989011111
2004766679
2060829316
2107060265
2053275006
1877049547
2137749495
1999385996
1690802505
2128890077
2021954687
2014967533
2129854539
1806008607
1682415279
2004766679
2139883254
1453311160
1509102402
2094625960
1920461540
2118763970
1920453332
1920453332
1941634782
1920453332
2087993678
2032644836
2083709375
2055458980
2144586136
2144586136
2144586136
1983575813
2144586718
1572922508
1914201366
2144586718
2066217683
1898154573
2130307665
2082152564
2032078734
1336863226
2072454233
2138735376
2022990306
2022990306
644602336
2006972145
2102545049
2110632355
2068762314
2127297165
2127297165
2132008387
2127297165
2116184272
2099355922
2041666245
1676049643
1888891952
1703180818
1888891952
1937407878
1972871600
1972871600
2024855552
1927581948
2120666416
1518698101
2058825807
2142552128
2142552128
2026304247
1969501793
1635481110
1795109485
2137044202
1892014729
1787148516
2124700246
2102115192
1980301728
2021302084
1879741857
1876193334
-92367528
2116956166
2116956166
1868180159
2116956166
2116063678
1878183292
1066472116
1927920786
2114006875
1757027670
1783410495
2143863550
2066835845
569672259
2090814665
2039297155
2133218554
2133218554
1827100581
1874180278
1956513461
1642683104
2055953059
2059667763
2127339794
2127339794
1930194817
1930194817
1364487600
1898468121
2091330693
2123423552
2089763459
1908693197
1231965357
1433415557
1973402204
2012455873
2023366588
2132566226
1416413418
2079859602
2089763459
2118034401
2098459264
1502465916
2118034401
2125916136
1955271792
2144475205
2073350434
1496481684
1731219564
2017436523
914412783
2079665797
2062233057
2062233057
2076541606
1659588522
1628905138
2101668154
1473573157
2048080564
1978630959
2113451226
2122403946
1791026163
1979104345
2012451266
1558336743
1979104345
2056679640
2109882602
2082584121
1753127225
2049309327
1590732825
1434103962
2141463254
2023437205
1402245016
2141463254
2097965141
2141463254
2141463254
2120940934
1896157289
2089977536
2140293642
1899165872
2147333605
2134051867
2093708878
2140293642
2140293642
2140293642
2135032734
2117549836
2117549836
1930908528
1882055252
2042278827
1944689160
2042278827
2145481560
1887414564
2042278827
2042278827
2145662420
2128813386
2110802542
2040835051
2114772422
2004846016
1939661789
2089961958
2116146091
2014242318
2051905504
1947686620
2143794758
2116146091
2146213893
2100938565
2146213893
2146213893
1741381597
2094008800
1856800059
1945799685
2104136202
1770263171
2094607006
2120035442
2115544816
2115544816
2115544816
2087384326
2087384326
2106115877
2028529521
2139967311
2139967311
2139967311
2087384326
1907896130
1961917835
1868936926
1558987578
2105051094
2082344557
2079169874
1938558205
2133023405
1904474885
2143062640
2026660745
2143062640
1953058423
2050902177
2126663417
1817964078
1993552395
2126663417
2126663417
2043476948
2016897197
1963019922
2135164744
1687784730
1386246285
2110213974
1807145329
2020822480
2110467798
2110213974
1830848754
2136686598
2123140362
1807892056
2123140362
2123140362
1127991750
1715727631
2108205034
2108205034
2108205034
1949357318
2108205034
1765414259
2108205034
1967887185
2145775321
2120896450
2068193789
2115954650
2120736046
2130937212
2115954650
1781680320
1723597052
1832711561
2046431959
1686930625
2072164551
2104136202
2008250133
2146687535
1526724224
2127349800
2117965457
2127349800
2066311045
1423540884
712470992
2079083883
2129464069
2095954910
2122005300
2146645033
1835572520
2069153466
2069153466
1907734413
2084629460
2023673863
1755953858
501232757
2059175202
2132296857
1533423293
2009699452
1895655981
2079873715
1954097310
1757273409
2144422287
2144422287
2144422287
2093812490
2030152490
2129650866
2097135165
2021781207
2097135165
2129650866
2097135165
2103672836
1295696869
2082686446
1977825687
1924267962
1856397948
2102865195
2102865195
2114327355
2121489725
2102865195
2101022148
1712571837
2021495391
2005706912
1922249103
2044458318
1873102532
1779769851
2134967150
1331289178
1991133332
2134967150
1999028719
1775633827
1984343564
1969971887
2076119969
1877055584
1727642237
2115209999
2005002776
1939430108
1923103128
2012901818
2012901818
2090550950
2139111156
2121764107
1921452665
2113411030
2145432685
2051081805
1716340470
1888754399
1950705435
1941443482
2071470009
1574721755
1974266657
2104110286
1722731262
2103646238
2103646238
2000572031
1971577750
1932311101
2143227427
2143227427
2047756534
2041141729
2139481382
2137661424
2137661424
1196716660
2098470150
2138981091
2127889927
2008908128
2079839682
2087461217
1943321217
2133245402
1930437824
2135284261
2048184890
1734153133
2145418003
1912658051
2111717069
1985079866
2125704646
2113525320
1567830588
2090562399
2048184890
2113525320
2001039080
2117897273
2021185435
1820463351
2102965827
2021185435
2088794163
1673154725
2075474839
1868823595
2086192139
2057616993
1914047036
2037674413
2075797214
2115216750
2057616993
2139307382
1927560755
2145001211
2039653607
1502771039
2145001211
2092604975
1925518374
1541553561
1541553561
1849883303
2047795803
1908984431
1786016795
2146214640
1974266657
2044855926
1870308364
1994523558
2044855926
1994523558
2044855926
2044855926
2089596765
2074156447
1904486326
1665000111
2072359374
2001405780
1888636613
2044121794
2014737768
2014737768
1907399181
1878731206
1954078699
1220228360
1836786051
2136488844
1954078699
2096382824
1954078699
1954078699
1411062246
2067373473
1776543962
1897868277
2065070913
1538915641
1736937845
1602251851
1925002812
2062967400
2137660967
2062967400
2143521376
2081858884
2143521376
2119930679
2119930679
2044172644
2043768505
2024334311
2076525078
2076525078
2024334311
2101434272
2058779188
1518716647
2052000574
2126904012
2036037580
2126904012
2109742831
1601046552
2028591205
2141129520
2098032044
2025723961
2025723961
2079279246
2098032044
2098032044
2098032044
1986531177
2110072517
2052924797
1576094785
2120499343
1979311186
2109259256
1981090346
2086412613
2069323457
2069323457
2128781897
2133690090
1945854192
2040109421
2040109421
1774849228
2096767099
2078752809
2088854361
2018924185
1899621780
2118560787
1696646918
1982861794
2100134176
1847636964
2064066576
2114406878
2049515068
2070452685
2052846710
2052846710
2052846710
2038696425
1937247309
2052846710
2049515068
2094171441
2097547498
2106939113
1568537793
2106939113
2137582093
1084019531
1994581702
1976134675
1283346987
2144627360
1949264506
2141892397
2138471637
2146530777
2037546506
2138471637
2138471637
2113351677
2113351677
1879935279
2006272226
2035999014
2015442937
2091644462
2033646481
2100215191
1677169223
1947377844
1775489017
1991620389
1492054094
2038271122
1763557877
1799200576
2144508838
2121860085
2100215191
2124262339
2124262339
1587995683
2055068733
2055068733
1608193709
1885335066
1933314143
1454264316
1768467144
2128827648
1854320475
2137582093
1909427669
2086792497
1672052306
2093912827
2005015635
2061789004
2005015635
2088043058
2099618070
2005015635
1523480257
2109057030
2029776043
1894292348
1713205231
2075930045
2112673532
1741109265
1971420588
2112673532
2112673532
703492866
2043442963
2073682888
1776420942
1968447426
1776420942
2057224926
2077639855
1987804496
1922767336
2076576091
2022098247
1780848839
2038523739
1902372126
1970407360
1819979234
2143461174
1596562304
1403121603
2126092586
1898475889
2143106487
2104648823
2130098700
1763748329
2130098700
2129529670
2129529670
1807912637
1962811118
2065545001
2083969794
1889035432
2027146186
2121184667
2097396595
2097396595
2079379711
1364636665
2070678441
2040894133
2127819227
1817328808
1864216824
1052955504
1914841367
2141753234
2141753234
2142829641
2077639855
2141753234
2129624600
2041646503
1749760343
2129624600
2129624600
2098132233
1820644783
2016954762
2134279774
1957406069
1595636692
1842120222
1133273694
1916793030
2092005772
2068473653
2070557970
2054445083
2055113917
2144843968
2109820445
1932637384
2144843968
2144843968
2146603699
2109820445
2109820445
2109820445
2057412447
2109820445
2109820445
1952348466
2072615545
1972787525
2144447641
2022880094
2144447641
2101918539
2127856185
1832483940
2058749535
2015903021
1947905709
1972787525
2041824045
2066322019
2132168137
2066322019
2036218088
2038089874
2072806179
2096764110
1930096271
1895116873
2141143403
2121219177
1951435283
2021203470
2036218088
2036218088
1936617206
2093200196
2093200196
2111474549
2032350817
2082333370
2140245513
2136728468
2122090616
2143767740
1966216337
2125064502
2099857133
2097835804
1912009216
1974115394
2125064502
2125064502
1912727598
1969532656
1969532656
2125064502
2078060512
2078060512
2079906240
2121521680
2136071081
2074203383
2119794352
2106556260
2106556260
2126126848
2131596852
1785411838
2093189796
2136987418
2119718993
1802118708
2049960133
1983380766
2097894856
1878565328
2141724302
2116411169
2077446803
2133851133
2133851133
2053744710
2133851133
2051571111
1826254579
2070788667
2138519067
2000529412
2065417068
2140418034
2140418034
2138372929
1956618904
1740284377
1287810214
1999757168
2020162245
2093674163
2005516713
2125990154
2057170596
2046436780
1346635497
1994450315
1959092772
1378378103
2019695226
1791143050
1598256360
1598256360
1904659095
1824406480
2106577330
2100419515
2040541494
2042230521
1758448578
1539829460
2042230521
777564751
1700196332
2140043637
1998729565
2022446610
1998729565
1613964768
1700196332
1962467204
1983185566
1582049950
2116315464
2131535689
2116246454
2145818410
2065076536
2146815292
2146815292
2112323303
526253830
2094769958
2121225507
1816001992
2056351825
1490213869
2116246454
1997018123
2143965128
2079651632
2140243872
2106883842
2122951161
2122951161
1945529997
2136802853
2122951161
2122951161
1743322361
2122951161
2122951161
1987334822
1838383607
2122951161
1923132342
2144181432
2082296618
2072966753
2021029391
2107378314
2025267978
2104179202
2060087843
2060087843
2075504480
2091012479
2143965128
2124971479
2026018427
2124971479
2124971479
2000913277
2121824925
1942939751
2145297765
2131996454
2121824925
2145297765
2056413396
2090671977
2067691370
2091232085
2101660454
2093911952
2109303199
2063281399
2139570257
2063281399
1395141602
1949326819
2123939429
2120238028
2101660454
2123939429
2092361683
2123939429
1723093650
2141777816
1858857472
2134768300
2141777816
1994232845
2124564302
1880923063
2004689639
2036653984
1786203707
2097285405
1534812506
1860841145
2002996192
1404088950
2120164141
1860841145
1881836831
2006658241
1607052202
2005636704
1853528852
2143480325
2076293945
2091438859
1959987135
964870217
1782447371
2128177622
2091438859
1681320589
2138429365
1748375512
2091438859
2101660454
2098192559
2062678016
1967516653
1737109097
2098844697
1543587301
2098844697
2053023062
2137266479
1816466289
1755315347
2137266479
2125503309
1852336110
2139391239
1852336110
2077156414
2036513322
2036513322
2036513322
2036513322
2090312036
2104444074
2002437329
2018188832
2112963494
2107131883
-101472598
2138680569
1974651468
1974651468
2115271400
2137386125
2121773387
1974651468
1974651468
2083279356
2112412235
1820219804
2110106719
2122741587
1974651468
1941283021
2010028274
1893180076
1599930323
2058931452
2106633594
1975727350
2142280936
2053039688
2001526419
2142280936
2142965834
2142965834
2069767110
2141090378
2142965834
2142965834
2142280936
2142280936
1967437403
1807285505
2143641354
2143641354
2141387552
2126886615
2126886615
2109079057
1956563951
1675321612
2007659016
2007659016
2111835813
2046508966
1898363091
2066813566
1845315421
1987283900
2048975495
2054934393
2082809335
2042982988
2042982988
1573078511
2117796088
2127458806
2033885423
2127458806
1653666677
2127458806
2127458806
2127458806
2127458806
2117204873
2117204873
2143920482
1947132749
2123400110
1961798252
2143920482
2061506864
2130523203
2110057294
2042743481
2130523203
1407437790
1799925184
2134613606
1664397097
2110057294
2110057294
1887458968
2110106719
2110057294
2011554736
1890291711
1690296919
2110619092
2094162461
2092714999
2102439834
2094162461
2094902139
1983499405
2043300006
1976663201
2118528582
2123505241
2097205082
1973532591
2063024496
2063024496
1775313230
2078795533
2099091451
2126435356
2126435356
1954624478
2077293373
2139848445
2101480139
2123505241
1668838541
1984319359
1901529299
2025469859
1845689060
1846065449
2019537877
1846065449
2098232521
2098232521
2098232521
2098232521
2081217745
2077436060
1487263882
1975580695
2107171563
2032093696
1506873975
2130412518
2135559544
1286129804
1815033363
2036329718
2036329718
2065116347
1877609849
2080522432
2136930694
2143165216
1748196011
2139803570
2118221414
2064386720
2051945009
2137527531
2133342474
2133342474
1888256296
2147092804
1838263664
2027379510
1750760529
2074081651
2005200589
1897412566
2139012939
2099749687
1877013984
1776941039
2139012939
2139458201
1888284394
1888284394
2099015555
2147280550
1874601693
1910776317
2009008705
1874601693
2135739569
1961772184
2066968964
2080293111
2080293111
1946258382
2089700893
1764761601
2080293111
2036042388
2135966707
2075223898
1926520110
2141039883
1880030634
2065105877
2127892279
1969437297
2130123354
1977300594
1953732054
1275188929
2137586430
1688636023
317295336
1151166788
1819215960
2137384030
2092534470
2127593410
1831049742
1829129035
2127593410
1833445860
2009967099
1561320758
2087050158
1859035086
2123402313
2134441649
1949820014
1910696045
2139225785
1433959315
1910696045
1956857113
1946973237
1941093878
471483852
2106037780
2061917874
2083707969
2119283616
2119283616
2119283616
2119283616
2114776034
2119283616
2119283616
2119283616
1948471220
1978945062
1449040167
2018492467
2114387951
2062665382
2003180978
2139375197
2143019819
1957248543
1939347991
2098405536
1883134097
1943604271
2019363139
2008496335
2132242623
1804385637
2133303394
1715649287
1939491985
2132242623
2029757540
1294009783
2097620127
1791044153
1931284396
2091004230
1957911536
2145528067
2050474717
1908543093
2050474717
2050474717
1950988185
2050474717
2130251266
2006276528
2043170261
2130251266
1940049637
1940049637
1940049637
1667471329
1562051110
2001038918
2118794843
1866201311
2118794843
2012211434
1694701614
2118794843
2033317612
2033317612
2094241310
2140218489
2140218489
2113904046
1854294217
1085076729
1819767995
2101144234
1948688725
1243899432
2086913782
2018137061
2031459355
2082926023
2031459355
2122805090
1982642108
2092369362
2133387236
2046821289
2009939346
1930933678
1997469075
1988407555
2040589011
2030307345
1891515056
926511402
2045399709
1731501263
2092483750
2043189806
1992842074
2123138393
2097923562
1998308260
1908703809
1907981652
2041609406
1943207383
1976666092
1830906039
2128711508
2086454241
2072508569
2027302860
2126147526
2103970859
2035211229
2044191328
516346602
2015365004
2103970859
2103970859
2121359825
2068714371
1894518245
1771667599
2035581834
1934050919
2057517723
2096854382
1818661330
2062658160
1843695166
2112531032
2074130368
2074130368
1771124367
2089023065
2089023065
2089023065
2089711204
2087242955
2087242955
2145054753
1909932134
2095228588
1137635033
2130861582
2130861582
1821975687
2030012589
1910753169
1903880025
2084851899
2116623698
1971886136
2107946935
2137844855
1965181043
1966577492
2101128503
2098540571
1831667793
1721696049
1971239423
1945147929
2057630838
2053626915
2102168864
1984439798
1913703842
2016600904
1989817814
1899249724
2037682975
1744627859
2103121228
2147098531
2142990779
1955490485
2147098531
1382935709
2141504326
2147098531
1241160791
2063409752
2032969183
2110494271
1974136973
1055644031
2111307501
2048358926
2111307501
1982480638
1898044380
1401617690
2145035454
2145035454
1982480638
2129705037
2145881995
1762813707
2108621557
2133924446
1982260661
1982109273
2043865090
2145062111
1982109273
2107428695
2008750703
1991401695
1808410992
1935089608
2088309269
2067669466
2031556245
2051497565
1951517057
2004117096
2145881995
2112625745
2112625745
2117289412
1851866283
1870756596
1666694423
1680184781
1912188257
1830946966
2016472174
1978304742
2045412224
2064817407
2052935826
1407776435
2124594862
2086753736
2121042217
2022393401
1932765150
2007473077
1348824984
1759742280
2065941882
2065941882
2065941882
2103913087
1736116413
2024709205
2065941882
1620079448
2103833384
2055250111
1663480925
2055250111
1971270774
1992978038
2093902437
933132380
2016060714
2065739249
2055250111
1691677602
2070992700
2089103969
2106696997
2136882319
2137213369
2136882319
2136882319
2137213369
2137213369
2137213369
2025911683
2085958110
2005162956
2137213369
2089103969
2103391876
2103391876
2103391876
2100788778
2103391876
2100788778
2145110184
2103391876
1677800181
2103391876
2127618005
1559141910
1872209043
2066681021
2066681021
2066681021
1988312159
2023645253
2093511356
1865673269
1874340806
1525036298
1592914541
2119234018
2136495571
2053747500
2133304602
2024700409
1897034962
2086199497
2040157711
1929679336
1929679336
2056894325
1942944832
2140276320
2054912187
1590045108
1973600707
2136022963
2129139500
2130613177
2129139500
2130613177
2015833732
2129139500
2147020757
2129139500
2102788942
1092772409
1641478728
1559444318
2005105688
2065507191
2125568480
1967545777
2065507191
2113323914
2126556481
2126556481
2137080872
277330487
1869417735
2132401452
2141765456
1952225877
2010460888
2071366308
2132401452
1787870072
2036266809
1964649312
1888588359
1987323788
2109707276
1300153072
1200494007
1769451398
1809890800
2061932826
2091287592
2083220586
2040554449
2143666967
2132373616
1166203832
1834789838
1526247404
1869192082
2097607605
2118361224
2121961597
2025461266
2104946171
2091375451
1849453375
2089741258
2131994952
1928920478
1849453375
1777495826
2116458937
1849453375
2034026603
1840335748
1769528977
2066315803
1943081352
2121229046
1981298073
2113848910
2073761083
1961869205
1951536145
2129415796
2105044349
2105044349
2071012365
2071012365
2047977077
1769234290
2143405055
2137934552
1952782360
1911456579
1884581907
2137934552
2081210910
2113687349
2113687349
1998202055
2097595237
2064822360
2051013499
2051013499
2132352067
2122930742
2050356701
580379993
2013031759
2052006378
2119308976
2106059931
1898261895
1788681943
2125004458
1827297128
2124796238
2047630616
2125004458
2035251486
2129345189
1936871197
2103086251
1882074668
1895145352
1895145352
2144521950
2115810276
637461304
1495873730
1958816078
1847258180
1939232368
2000796125
1547255357
2121979470
2103246766
2088308245
2146658888
2035610585
2146658888
1747570674
1727021490
1891691299
1978795991
2070030085
2073644674
2088308245
2146658888
2120936504
2092568534
2090588807
2042334344
1714955687
2060772014
1475090516
2042334344
2042334344
1755366026
2016482652
2112335285
1901378006
2068670959
2007812435
1323852418
2106458857
2033311832
1962075016
1760701362
1414768294
1975469943
2065078407
1013178603
2078329018
2107442192
2108256390
1957956888
2108256390
1928192695
1671096579
2096257690
2128261667
1973840096
889132402
2128261667
2128261667
2128261667
2128261667
2128261667
2128261667
2091155685
2075914861
2075914861
1918917080
1923456488
2091155685
2012479006
2135316003
2135316003
2065167956
2015618533
2130815295
2077365396
2015618533
1774416896
1988398036
2039940894
1972460597
2015618533
1546255841
1659678826
1655691315
2139110969
2100053244
2015618533
2090737711
2132352067
2070192704
2063027082
2001088103
2004636987
2109234156
2025569931
2041764905
2009375039
2107565598
2129730979
2107565598
2092484976
2136053601
1892795511
1713549473
1888296758
2133207355
2133207355
1485038951
1807829530
1653619188
1909203737
2133207355
1982097276
2057006934
2133207355
1953775633
1967728310
1565045719
2119141030
2102867209
1847608269
1844983781
1809611037
1892645900
1892645900
1684463356
2056866325
2120779719
2024793441
2120779719
2120543524
2120543524
2036340707
2141196486
2121130832
1844983781
2120543524
2086773384
2123139120
2123139120
2123139120
2123139120
2143888060
2134544809
2097815731
2095091580
493303994
1879512472
2117770960
2117770960
2083167403
1985924155
1985924155
2089467096
2089467096
1985924155
2073969849
2121256348
2129314230
1815685042
1814570088
2117770960
2123861635
2061497056
2115367350
2054739443
2054739443
2061497056
2010359278
2041303859
2143657297
1880783638
1473276503
2127869108
2023122292
1965210952
2135715569
1990467727
2127869108
2127869108
2094298218
1966463545
1993794225
2064412201
2135583380
1780766650
1206610287
1821573246
1970351893
1852283190
2063486848
2049337082
1925294855
2049337082
2049337082
1941499185
2119848025
1985121746
1884775694
2118430908
1872783685
2092639329
2021931635
2094031689
2143556194
2135406748
2119311368
2143556194
2002105623
2143556194
2026236980
2012067023
2012067023
999552087
2133240841
2098722788
2133240841
2133240841
2081934744
1988092802
1930015729
2137132422
1906051228
2080061151
2051384933
1717761712
2120987483
1763905080
1912908781
2120987483
1660762189
2120987483
2080061151
2080061151
2072297648
2131434529
2041325968
2041325968
2048598431
1802835455
2114036590
1911184464
2138457398
2035914545
2105885526
2074045463
2128213631
1836490436
1963055210
2039287876
1861232650
2130720260
2124655602
2078094630
2124655602
1896952119
2089938433
2089938433
1896952119
1933030017
2089938433
2089938433
2117089717
2003237146
2120191419
2138913431
2107111008
2107111008
2099888688
2077828378
1567029622
2120757865
1567029622
1765144390
1979159477
1979159477
2132289489
2071472613
2118224418
1778458767
2028445528
1964177049
1836019319
2003780245
1900749803
2003780245
2127735446
2003780245
1685626032
2084083969
2003780245
2003780245
2132352067
1925541414
1980309729
2061369472
2134708105
2138332548
2069386573
1891948669
2079108754
1990694008
2112566000
1475601169
2054090082
2119987166
2118224418
1899661142
2146585600
2146585600
2132352067
2146585600
2130666118
1503245889
1930071969
2110063701
2051709984
2110063701
2109564019
1596516253
1891474810
2144800225
1965594868
863775601
2031433449
1604540083
1766708506
2084621756
2077988606
1793758770
1926174858
1479495764
2125719643
1481957445
2112553250
1938460656
2024646460
2014846912
1513857728
2125719643
2069904106
1955775199
1925046957
2066130641
1967396107
2065801861
1991417652
2080574265
2061136650
1839916011
2144800225
1790770482
1775881094
1757292216
1785196086
2147111622
2140772396
2147111622
824305100
2111646767
2111646767
2107204011
2005198662
2033916167
1929852447
2131845208
1981841677
1967624724
1827632778
2033893927
1988117942
2129307872
2133521614
1931740815
2131649223
1672289781
1866277292
2131649223
2054407739
2114840071
2114840071
2131805879
1824972113
1854512334
2073609012
1575242150
1880722046
1991772399
2144418349
2144418349
2054917928
1913982750
2054917928
2144418349
1970383682
2036693031
1896426156
2042569904
1970383682
2042569904
2115635802
1788580301
2120346010
1817039358
1993476454
1905235714
1951080783
1977143854
2071856476
1999973849
2131575560
2040647322
2040647322
1994805379
1294299775
1861668524
1861668524
1985635458
1771195379
2096965963
1891753754
2143792666
2143533221
1979506950
2100381234
2001758035
1925576868
1938361642
2139933081
1655044438
1567122711
2061136650
1839643845
1996048711
1511163133
2134497930
2091315257
2069999871
1967480600
1676517158
1990666634
2101943250
2037013319
1651434011
2101943250
2101943250
2116041273
2092174039
2078553040
1940195132
2129308020
2129308020
2076627697
1993211397
1972425677
2086238631
2100689135
1792144088
2086238631
2135876898
1589080425
2090382543
2072247082
2125799294
1639304062
2145831553
2069536018
2069536018
2069536018
1538916676
2135097120
2129931911
1692098055
1777714233
1929239520
1960211325
2114321595
2070673345
2135630890
2135630890
2082503326
2135630890
2135630890
2074735254
1984377311
2086600872
2066105912
2066105912
2117897581
1527221296
2095676897
2136080223
2136080223
2086600872
1748089152
2008280373
1958713303
1762086540
2003712960
2045424105
2001241164
2117428545
1780432670
1988976877
2079957278
2074196248
2005243292
2143937291
2005243292
1935293519
1897107189
2038703917
2115193226
1897910478
2127872100
2117175301
2062106865
1931232899
2127332969
1749299153
1983263813
2119262121
1699281013
2119262121
1837510127
2132798323
2142946835
2142946835
2111836869
2136100852
1583476995
2097834519
2108794866
2145222249
2145222249
2139970959
2139970959
2042448714
2042448714
2118428950
2069457866
2116556585
2029021897
2084397107
2084397107
1885490721
2025461649
1981699573
2125609438
2002210531
1981699573
1985154414
2103357431
2070556624
2074527259
1985139525
2094041770
2146752146
2146668324
2146752146
2146719098
1760931723
2084227409
2052442242
2127333633
2126915343
2126915343
2124425421
2124425421
2141203517
2079525380
2127535355
2127535355
1934618619
2079093784
2079093784
1807052941
2136399701
2096910941
2096910941
1988044477
1872972806
1963041435
1998352780
2038139204
2018231922
2035169500
1833135983
1865696779
2125129134
2092532693
1986236419
1986236419
2076587123
1986236419
2133155180
2091317768
1979819552
1987187450
2117776167
1866395316
562805926
2134521553
2134521553
2087470430
2134521553
2134521553
2140293552
1653019225
2111589017
1982253237
2142898500
2111589017
2102678181
2056316188
2080575979
1917083589
2143152655
1501500745
2010256830
2085617383
1415547332
2080575979
1805762431
2122658062
1962935035
2145473347
2143357998
2084033460
2138752003
2143152655
2138752003
2138752003
2143152655
2072901045
2031250325
2126609444
2023707123
2140096843
2049922261
2111481192
1937110411
2004595345
2144613953
1513736772
2043319569
1914263901
2043319569
2048448359
2099638748
2139352891
2139352891
2072178613
1987639874
2117187741
1599680225
2043319569
2118413899
1239077385
1890347136
1517216894
2142389913
2070727528
2084952800
2085825519
2085825519
1332526227
2085825519
2104475108
2102658851
2132247688
1628140660
1987304410
1987304410
2115937963
2092103574
1879877960
1969028087
2145629871
1774809812
2145629871
1989977562
1962378755
2083327244
1659124842
2132593030
1920008295
1775566084
2008958044
2029164072
1954102353
1826293471
1963069600
2132593030
1714808974
1873706044
1946948640
1983773623
2138542389
2078754075
2100201590
2073675882
1982882235
1904660668
2061994304
2061994304
2122004169
2103204553
2108557269
2028341239
2061994304
2056589336
2005361751
1961511833
2043737243
2044359085
2016576793
2133061950
2072410417
2146308000
2138542389
2146308000
2022465389
1528927069
2146308000
2146308000
2138542389
2092818530
2146308000
2146308000
2072410417
2003863950
2137788013
2092818530
2131869053
2137788013
2138542389
2137788013
2059587482
2127180021
2083732980
2121374525
2121374525
2019157731
2022612502
2093815001
2059585651
1974992642
2027776828
2131521501
2146055875
2071736329
1726749434
2071736329
1958817406
2086325603
2118949700
2057092525
1730950897
2118949700
1730950897
2055583669
1984628695
2055583669
2084426432
2146569284
2128516716
2046289042
2128516716
2017435825
2117331514
2090279247
2066373864
2066373864
2090279247
2066373864
2046289042
2016143549
2066373864
2078479839
2128516716
2128516716
2095230845
2098298858
1920599851
2066373864
2127998277
2128516716
2128516716
2100213559
2140228062
2130494671
2043454527
2083316263
1092120358
1937178754
2043454527
2043454527
1863765499
2106865172
1866918589
2047483424
2065868626
2065868626
1884536297
1526324094
2127719601
2115518700
1292078249
1939679777
1120337892
2124907383
2124907383
2124907383
1629798659
1651872712
2091972601
1899370532
1746192353
1855019537
2043253492
2123426910
2123426910
2110215865
2068131141
1794533591
1658592811
2017491868
2099834140
2081188452
1928246455
2080736806
2080736806
2110215865
1817384889
1992709229
2146785084
2146785084
1923308137
2146785084
2146785084
1947949945
1947949945
1947949945
1743712680
2135648946
2084553986
2098849767
2116388589
2139164384
2139164384
2108516182
1941719225
2139164384
2090671813
2124411604
2139164384
1755528934
1982926738
1883074186
2052203861
1865650027
2052203861
1887620033
2053543130
1897630407
2052203861
1865650027
1712674706
1955160832
2093118336
2044065750
1840239233
1577818045
2143922875
1384877765
2061437232
2143922875
2143922875
2080875050
1610004658
2143922875
2143922875
2111074300
2077229374
2141939355
2011217530
2145817144
1982486510
1817938905
1378603318
2056824121
1779879374
2126794617
1816162847
1710747555
2126794617
2126794617
821034789
2126794617
2084638276
1631951376
2084638276
2067752050
2134603827
1834509501
2078220927
2127889891
2072716028
2131053631
1984298797
2060002587
2060002587
1932124494
2012435461
2101264974
1864140029
2101264974
2060002587
2057475032
2046273316
2057475032
2109974932
2055206655
2039557116
2125128128
2093454871
2095882046
2025764914
2087415169
2070803580
2070803580
2087770785
2070803580
2070803580
2095471124
2127394297
2111515665
2031330047
2029978690
2091929759
1688583761
1992707850
2027400513
2075882446
2144069970
2102188738
2043329115
1760492413
2146618617
2033558369
1992707850
2146618617
2146618617
1893093043
2146618617
1695098930
2144192234
2144192234
2121182708
2110539172
1492634811
1894911447
2129043875
2144731518
1904245550
2043598406
2064312032
2144892723
2122624551
2144892723
2086171974
1886590538
2117670426
2144681362
1711355817
2117670426
2117670426
2128673867
2072607638
2053711346
2016847421
2137787016
1647298410
2138901145
2136197734
2113351248
2138773304
1749431948
2017167666
2017167666
2071697089
2113351248
2086509928
1973812649
2142424998
2142424998
2128654875
1843045239
2094952529
1926084842
2064461089
1955714915
2117118020
2126457094
2117118020
1938522776
1654551485
1992864003
2089336930
2144880795
1443859748
2077358683
2051191456
2138901145
2138901145
1221923048
1641816221
1637910630
2095398853
2057983434
2064138416
2111510831
2111510831
1943715221
2133820481
1952814623
1949121884
2144278285
2140801651
1990032498
2056276761
1989973146
2064695197
2113484462
2120497398
1970819794
2098826279
2120497398
2120497398
2120497398
2120497398
1029743192
2131888055
1201337985
2130864938
1967192720
2054453225
1917782677
2071747531
933627839
1740641238
2037536677
2104762404
1894571621
1740641238
2027651192
2132962560
2071468889
2103885771
1919116900
2015278312
2015278312
2120094134
2120094134
2113566799
2064446178
1897768852
1918651509
1814644160
2035687199
2140361164
1820407518
2103958999
2103958999
2137649688
1170413193
2103958999
2146976625
2140496017
2078309678
2142524497
2133547584
2111793982
2121255140
2121255140
2139666558
1981084487
2139666558
1981084487
1743580222
2097853449
1521783152
2141281246
1822191656
1839737096
1623647515
1641656990
2113458572
2050101488
1963676180
2113458572
2134084437
1893893226
2133144351
2097708838
1996860263
1637557186
1767752412
2054955576
2006277495
2127576285
2011148675
2027707720
2067554567
2067554567
1853199271
1697580942
1920008515
1974398244
2140629945
2102845118
2140629945
2145895024
2145895024
2145895024
1956928931
2133523331
1906382299
2144921098
2004938123
2080680439
2125303539
2134583842
2122258177
2088877548
1857227692
2130631520
1711715291
1787129845
1841040319
2127194285
2127194285
1753779534
2118250153
1917932427
2140665278
2132836053
2142778346
1878301848
1586533153
2123099964
1967959666
2101126139
2118687082
1937415640
2101126139
2147420005
1674037319
2126534576
2094634667
1685027845
2103814308
1825817261
2095589366
1704646995
1905948685
2067656890
2005281493
1923460316
2045841145
2116762677
2116762677
1975800534
1989554057
2106809186
2117954993
1914957004
2037709351
1740678784
1578697243
2020242814
2094252433
2104301165
2145981570
2122318082
2068164776
2101620810
1964383005
2068164776
1692757616
1829038575
1580878706
2091128644
2091128644
2140571544
2040474536
2051207941
2122324387
1701946299
2122324387
1806739786
2116198258
1217693931
2142831813
1939342202
1970534424
2111050128
2147328894
2147328894
2147328894
2147328894
1891114598
1906243148
2123042612
2135658573
2135658573
2068115588
2025271322
2147070016
2138518102
2143580579
2102851634
1970726173
2009097276
1996078191
2024637348
1969883663
2024425819
1769668390
1788027494
1897481244
886636446
2079875066
2098162522
1990909651
2047208064
2026957460
2080042058
2098507585
2070137446
2067439959
1617558508
2071990400
2071990400
2098507585
2123751598
1841421941
2111386668
1669098602
1890163889
1664138027
1987440558
2019226773
1909737471
2043306946
1874156778
2089811078
1853798604
1853798604
2064568085
2137679674
2052670948
2137679674
2143547115
1740770091
2140609824
1951720574
2008378368
1863592097
2126925591
2071717729
2008378368
1940726309
1455381080
2059466925
2126778306
2124303669
2042579692
2089652472
2104996141
2104996141
1346499894
2142433183
2029379237
2041820311
2142433183
1606123531
1848835067
2131383050
1973384885
2091417681
2145490970
2072505595
2029707587
1949090521
2035825645
1928481405
2111190095
2135041241
1491865458
2108245485
2044348733
2070323942
2115901593
1742220047
1987492062
2070317679
2125986573
1158803082
2125986573
2146734250
2050483520
2125986573
2125986573
2038756206
2124565094
2132082757
2038756206
2107678874
2133662298
2124306195
1341960837
1356993907
2103642789
2038605470
1516082893
2007102843
1897125569
2040686481
2085227492
2142722896
2137592327
2137592327
2049590361
1154877064
2057826409
1904847592
2057512173
2059093406
1736196999
2069167111
2084207849
2135521790
1723930150
1863000309
2075185125
2105735265
2139614053
2139781101
1561225694
2053638569
2103073635
2112134954
1942757788
2112134954
2101789132
2057240804
2061599369
2105735265
2028113864
2096808271
1265723893
2096808271
2128984575
1849534864
2128984575
1980574018
2132890438
2135116275
2135116275
2135116275
2111718017
2135116275
2124268295
1926868655
1631330451
2082985392
1973577940
1672915044
2083895825
2111411132
2111411132
2111411132
1837575760
2088110107
1764972666
2006308248
1734324515
1356385969
1900453131
2004744479
1140439198
1959025374
2055235482
1930726800
2125244507
2117839768
2135942864
2131154366
2073286992
2131154366
2131154366
2131154366
2009878957
1249663935
1307813619
2122809959
2029686409
2131154366
1632611359
2131154366
1838546932
2102052924
1777909048
1777909048
1777909048
1537794292
2138282198
2138282198
1930672300
2125174394
1926199122
1999846367
1544473421
2040775034
2079657086
2118098855
2078366878
2000956815
2113825946
2043881952
2114009082
1900062712
2135245620
2132176308
1708132640
2048221000
1845484774
1747704737
2038440747
2038440747
2081950888
2132176308
2117564499
2117564499
1579718152
2111029908
2113124952
2118035481
1980948657
1816281361
1907203972
1868050728
2079759735
2079759735
1931262803
1904455201
2071211082
2040748993
1931262803
2130736256
2139026848
2105660659
2090004057
2070710578
2058761078
2036334027
2081004716
2081004716
1975432025
2091193446
2091193446
2001568714
1986522311
1477865680
1986522311
1986522311
2042251312
2031163049
2030874313
2103335292
2103335292
1787802296
1965668239
1787802296
1787802296
1876761871
2085770082
1986522311
1951302780
2073188567
2122425490
2082659448
2082659448
2106821141
2126876759
2126876759
2126876759
1972322467
2020086507
1707744722
1723661472
1861490717
1985003431
2123671210
2147064174
2013035346
989753565
2125105569
2012699423
2054689059
1743678086
2138363803
1963675514
2112496658
1814273287
1865614644
1997075948
1808201440
2134105908
2141049110
2094937938
2134105908
2134105908
2125093264
2083338986
2141049110
2113825353
1999969351
2002474273
2142939998
2141346124
2141346124
2141346124
1810843302
2142791339
2142791339
2142791339
2124922800
2093467533
2099818408
1540931067
2070555665
2070555665
2070555665
1321661831
2122478424
2010821608
2129994073
2146085725
2004074962
1701938212
2072774503
2103290816
1779032636
1681339239
1946277001
2059317659
2055737084
2055737084
2118859396
2029011962
2116754180
1929609900
2132483091
1972390428
1999481734
2105683928
2068411473
2105683928
2117162431
2139961341
1946277001
2060258995
2000367658
2102746366
2056028434
2102746366
2096176499
2031895151
1988705123
2137278840
2038751961
2011220746
2066911677
1916076686
2122063296
2122063296
2122063296
2122063296
2122063296
1613470483
1808627334
2122063296
2030476946
1635271976
1269478400
1991140737
2105503216
2145635261
1664432304
2128829515
2112221221
2145635261
1797560188
2095546009
1903430667
2131793656
1969289846
2100198936
2100198936
2022240898
2100198936
1937739086
2047975963
1988794233
1874813689
2123393088
2134958631
2081896216
488405667
1697136799
2081896216
1969505578
1973756074
1909287711
2070035701
1918228158
1787134223
2140187170
2119715790
2119715790
1997093876
2073325155
2080420369
2073325155
2073325155
2139528427
2126976002
2073325155
1935803870
2001036924
2102430623
2102430623
2020152386
1979457998
1799348422
2130200123
1528858374
2002660766
2046560365
2054063011
1537843993
1924027728
2022273502
1975435465
2094775988
2119689921
1937939370
2124600917
1946535350
1584443944
2094775988
2030315255
2102700486
2140956949
554418181
2104856770
2081438327
1529836472
1737423748
1917251027
2111995817
2129145425
2076447985
2146677783
2076447985
2076447985
1902636583
1902636583
1983871050
2043087332
1798084517
1881438498
2136953838
1654009694
2136025675
2139193802
2080354698
2079695595
2106608422
2106608422
2139193802
2093660702
2094458030
2093660702
2093660702
2136025675
2093660702
2133981776
1975474756
1975474756
2122403876
2057951234
1921998751
2136025675
2122403876
2033241696
2120516389
2136229131
2118486248
1881956368
2139125255
1899321410
1769889429
2009071438
2011951639
2136658483
1941810209
2023686841
2118682163
2070470380
1922634223
2070470380
2070470380
2143943256
1859793636
1874958081
2143711472
1962514695
2060900010
1327261038
1947585457
2131882525
1727264490
1972447138
2068103608
1011057655
1937826453
1976603661
2006492476
2021742171
1945398882
1666362575
2074613232
1910886873
2096833025
2125224333
1921223526
1964305235
2139071296
2139071296
2053134112
2132046790
2137182591
2132046790
2122109615
1814202918
1814202918
2085518480
1865509407
2094728405
2084506073
2012847335
2087575786
1990660342
1962622480
1783957981
1990660342
1990660342
2120977911
2087575786
1993005283
2101415460
1991473511
2127826435
1991473511
2098422504
2142763582
2098422504
2003556033
2066713700
1503204471
1762841493
2128358823
2134477416
1857621967
2102914984
1944314067
1641482705
2144394429
2144394429
1616337912
1767213046
2144394429
1254879530
2144394429
2144394429
2144394429
2124861265
1993686883
1613015901
2124861265
2079702797
2102824972
2083031370
2089509571
2090687667
2081263577
1564377095
1766832726
2124861265
1712159067
1712159067
2019210053
2120554953
1874107610
2105124764
2138836746
2142769348
2142769348
1752021849
2059040109
2142769348
2055755105
2137291271
2107363920
1853596534
2047964575
2141802044
1917173703
1631499127
2083738039
1696362194
475404824
2082384358
2129808840
2129808840
2104682970
2071826533
1756516807
2108239631
2061496850
2129808840
1958038191
1958038191
1661409587
2041115171
2141531339
2139017610
2129124191
2141201720
2141201720
1993546721
1964459639
1999069866
2105694846
1915808925
1959313140
2105694846
2090142011
2090142011
2143407749
2143407749
2090142011
2024155310
2058841032
1351533668
1856727651
2045354440
1996231827
2060489669
2143407749
1714551729
2093245658
1818313673
1939986863
2100685458
2143407749
1996698218
1679167389
1944620180
2135202367
2143407749
1990241470
1972526202
2094412063
1804627757
2128058295
1957286904
1966775677
2123210483
2102675148
2087081510
1940831880
2125423431
2060073746
1677479689
2065309994
2020900954
2065309994
2065309994
2068807138
2125423431
2065309994
2134574984
2083244378
1951523252
2131019669
2117652305
2117652305
2094368017
2046098128
1012391853
2117652305
2005692202
2143577485
2136515297
1677170470
1277427000
2124528994
2128663462
2123423318
1726006520
2111166079
2048975110
1981805843
2060629703
1601634048
2139735063
2090787895
2015119678
2117339485
2143407130
1929522041
2048975110
2130420908
2088348456
2011781062
2048350230
1852924809
2048975110
2109380095
1847215653
1839137025
2052011471
1985090705
1954875392
1731614350
2140304623
1990105338
2118417755
2028120125
1970879889
2092725395
2118417755
2143454099
2014215522
2134692026
2129828085
1688125946
2126998525
2138444663
1960077189
2122792239
2122792239
1870035218
1950471904
2126918045
2122732051
2138559707
632007987
2079038823
2079038823
2079038823
2079038823
2079038823
1894179822
1845266804
1851881677
1727342350
2012116966
1830417500
2042819394
2103106010
2088473722
2102906267
2037926469
2101080192
2095719886
1739704247
1877797732
1182581461
1802025394
2102286657
2082995704
2088826007
1694352960
2118850570
1740885193
1585449197
2036726652
1738475461
2095868984
1830550003
2012866865
1829988540
2066879273
1742109929
1837330287
1935510981
1762239887
1961262236
1837330287
2116963638
1826603410
2099967577
2068840185
1908905462
2099967577
2137965321
2047655290
1911297991
2077894622
2077894622
2140307623
2126905673
2126905673
2126905673
2114816042
2029031793
870683929
2087630767
1664273951
2049456692
1875342790
1666204165
2096295603
2099670456
2146067347
2146067347
2107391904
2096505369
1285750709
2094472515
2039346211
1895179536
2011382517
1769830638
2134233635
1857572338
1908925217
1858495495
1832467748
1865094211
2143244366
2098093583
2143244366
2060146665
2021341550
2044683162
2141739709
1828873872
2141739709
1930233962
2088062618
1856810737
1936404628
2085546456
2110997587
2137388332
2093204831
1780066745
1793695386
1979816699
1921423234
1873707964
1508726718
860956169
2035719475
1868370758
1968249152
977288498
1572000078
1989807917
1913489316
2100573637
2030892938
2011374000
2096646247
2096646247
2096646247
1832958166
2053162790
2003595404
2015929065
1756112338
2142710345
1993448676
1359712788
2027192734
2031643341
2006179126
2075145489
2126613652
2109570600
1952249546
2068804113
1852204902
1952249546
2113992919
2099421356
2099421356
2099421356
1721811488
2099421356
2120527058
2120527058
1994436677
1611962543
1980108026
2018736060
2104892252
2116030399
2127171594
2040463182
2050098657
2074163874
2074163874
2091737593
2040871360
2091737593
2050098657
1862710347
2050098657
2091737593
2091737593
2011882533
1828802140
1969449665
2025454867
2025454867
1102420200
1800953982
1973347519
2086651097
1955781018
2119389437
2072026364
1776481107
1982656982
2135874690
2119060702
2143769605
2004637458
2143769605
2143769605
2143769605
2043989618
1907964068
2143769605
1432935880
2109890969
2143769605
2118750203
1986287438
2118750203
2005576344
2143769605
1970873576
1963222110
2056771342
2145040939
2014864180
2145040939
2084140906
2145040939
2145040939
1914466396
2138241249
1877894415
2144241983
1203701477
1935656608
2067251490
2140337423
2088551595
2099260710
2140337423
2120270966
2072626486
1741982589
1805598093
2061298205
2009934171
2081811996
1711568618
1640779885
1621669246
2093285008
1999503813
2050542235
1440967450
2045704776
2136715655
2127416065
2127416065
2029556936
2125853898
1979821519
1747801065
1390846580
2099984065
1886602341
1572132356
2137072661
2074694121
1980598654
2032071507
1917681596
533704706
1674841208
2138864937
1998821270
1758581950
2089669080
1758581950
2136513128
2145151608
2143119068
1907117177
2138651625
1999889083
2134865218
2060161976
2141602081
1328961298
1804269417
2141602081
2127085599
2139250004
2112363683
2134865218
2055262731
2119974450
1920339762
2083720405
1989236511
1990801377
1764564512
2137943365
2147285351
2057546911
2111259972
2147285351
2012145185
1818109408
2105471220
2084972625
2071656028
2050005598
2082990766
2113817007
2082990766
1959304285
2108374705
2108374705
2108374705
2106700410
2096452152
2094775406
2141367514
1585194812
1980117368
2129102857
2037152079
2129102857
2139038509
1592787269
2139186715
1469491987
2056985618
2081004887
2023561228
2023561228
2023561228
2099438501
2140158998
2140158998
1988458925
2135498234
1824019933
1960438624
1829883304
2144354274
2144354274
2041041009
1646784174
1724643424
2043979997
1917838123
2142759164
2070088125
2142759164
2138554319
2111523200
2142759164
2142759164
1859573886
2145809951
2078082728
2142759164
2082631842
2082631842
2082631842
1865407527
1865407527
2134510152
2144850856
1865407527
2082631842
2050781185
2082631842
2044002353
2059219972
1682899088
2135106307
2135106307
2098750458
2035982309
1664242232
2062824759
2084721805
1998148520
2098320075
1853061513
1990947973
2133925613
1881950211
2116378778
2008492712
2127558491
2004603256
2088179796
2116405350
2116405350
2004603256
2126357706
1323992512
2049923533
2127600052
1901437456
2131804286
1887811918
2138313333
2112817030
2077881174
2098320075
1987399264
2134100982
1994405042
2131861607
2098105433
2005931011
2098320075
1978869437
1402508327
2083710935
2107171959
1981265283
2053468400
2112014734
2053468400
2112014734
2076264875
1941571855
2112014734
2021336419
2098320075
2122020358
2016215688
1878838268
2019603388
2142889792
1935009400
1867741375
1256590514
2143650631
2142889792
2143650631
2106442181
2106442181
2106442181
2106442181
2111478832
2130442735
1973233449
2078343484
2042983459
2035383045
2141662947
2133876298
2133876298
2102902065
2133876298
2133876298
2136256081
2129244424
2129244424
1120888612
2129244424
2066858992
1942211981
2145026654
1835376953
2145026654
1779860779
2010573964
2145026654
2145026654
2130025045
1965659078
1955041707
2025256475
2028421227
2040182329
2060426135
2133824411
1955623597
1629099638
1690392092
1992372375
1804989869
2051246986
2132444024
2049938297
2038720731
2077345258
2140032522
2070631969
1243902866
1999141480
1473692448
2009404665
2112806754
2048886650
2112806754
2063227194
1858438690
2061777812
1395790785
2122670627
1915151089
1881884946
2058891892
2141347967
1832530097
2141347967
2141347967
2141347967
1991315459
1936097600
2141347967
2141347967
2064973013
1151093742
2145094788
2064350380
1933776212
2090648446
2025302245
2128764909
1962149961
2105167209
2142154290
1755222065
1755222065
1925410449
2142154290
1925410449
2142154290
2084316526
2097005851
2111676415
2111676415
2111676415
2117670167
2115525007
2143163752
2082509345
2102955951
2102955951
1884554004
2119597375
2119597375
2033799431
2119597375
2119597375
2033799431
2119597375
2120978823
1481054823
2104732596
2017152636
1718731856
2028760227
2143385408
2141284895
1965999089
2141284895
2141284895
2141284895
1395874878
1738398279
1806107061
1830220866
2107349162
1665449788
2059212002
2136413928
2136413928
1917373880
2098216580
2059613984
1976309272
2094983558
1944783224
2031139472
1676624268
1779512233
1866332730
1594110601
1882162851
1837136102
2058591318
2118403707
2002756840
2089674899
1946026249
2089674899
2112734947
2102076808
2076367945
2102076808
2123957234
2123957234
2025439318
2112734947
2116563192
1959146390
2123957234
2064092299
1906230445
2123028017
2069403118
2112734947
1798050859
2069403118
2025471530
2112734947
2112734947
2135694105
2122712101
2122712101
2038728053
2084873269
1960306078
2100486798
1890965741
2126532396
2127633241
2109618433
1876788189
1959322053
1958977921
1933501352
1930441022
2090815298
2105092231
1987833075
1836128168
2056149727
2028368134
1976907204
2143943757
1717454177
2135119278
1901280359
1607772918
2093659555
2093659555
1945131759
1945131759
1945131759
1847451189
2097592704
1793953885
2128106712
2126150222
2108349521
2126150222
2017316862
2137609856
2139530799
2142899900
2142899900
2142899900
2142987718
2105354083
1890323793
2106038814
1993215161
1784957981
2079398464
2134557944
2137704174
2137704174
1959322053
2126514410
2126514410
1483326706
2091785836
2087345238
2066359974
1293145006
2117746897
2090927170
2123844011
2087345238
2087345238
2066359974
2128516709
1787441806
1776775269
1887907812
2029737420
2121349576
2029737420
1887907812
2121349576
1732244219
2146323204
2111978576
2146323204
2121349576
2102665585
2111978576
1647933623
2068949627
1986944218
2111978576
2058651270
2058651270
2058651270
1922707818
1872821978
1872821978
1505640569
1501894879
1246578335
1959322053
2137870165
2137870165
2110513485
1677496798
2058901295
2006714586
1998363147
2116162537
2059966210
1992457343
1984653532
2046118728
1997785272
1997785272
1692698199
1682160122
2105559310
1867488056
2108514096
2127314365
2079969225
2145466244
2145466244
2083529701
1842360652
2145466244
2032532723
940953086
2145466244
2073579006
2046288368
2060805310
2073579006
2073579006
1988152818
2118894852
2126946789
2137865997
2116243874
2073579006
2126946789
1906047550
1628593840
2093733194
2110277751
2093733194
2044537633
1912019645
1735437685
1849013977
2137459832
2132481426
1239944037
1978547959
2055955766
1978547959
2100540211
1970564118
2086922195
2061768944
1993476008
2127314365
2127314365
1248637465
1793397105
2079466692
2060909217
2086378310
1985426721
2141143156
2054805032
1843751431
2122533914
2122533914
2122533914
1955010930
2079466692
2098755749
2138405040
2078834296
1864974146
1549901493
1725393897
2140828106
2124770071
2124770071
2102652637
2020855526
2124770071
2124770071
2124770071
2124770071
2127314365
2102652637
2065106023
2001717679
2115102698
2143056838
2089982718
1885526071
1947073380
1977966226
2075687955
1665822626
2127992369
2129832779
1937789422
1971080838
2058292227
2047285592
2136513026
2084849569
2063667703
2063667703
2128367303
1898906090
2007512558
2081528870
2082399988
2143183109
2137976365
2137976365
1903064677
2024339693
1845094173
1850840676
1911709509
2142739576
2082893610
2127566432
2012064110
2131325659
2012064110
1987555922
2122143669
2056374599
2088048951
2088048951
2007379172
2034798745
1924022549
2034798745
2087942858
2056319480
2054077409
2101491636
2047855287
2080175401
2080175401
1954155464
2062212454
2138354504
2126570986
1946903188
2093438595
578586403
2126071357
1106363809
2126570986
2147437265
1853894007
2147437265
2029146168
2126915804
1770885167
2097934536
1973942283
2059709383
2024097819
1754776966
545392248
1895438550
1895438550
2093869429
1985548172
1175669031
2085766200
1265989036
2060338940
1846783152
1685298600
1990435126
2054804804
2082160619
2071556431
2089070693
1990435126
2082551569
1953615679
1990435126
1990435126
2071556431
2127751954
2074649897
1805442849
997726024
2073454887
1961863979
1737723485
1804029637
2040766892
2027866895
1812534735
2030793391
1508240282
1992004658
2005735523
2062645022
2111820991
2111820991
2012202530
2014611710
2111820991
1730185968
2111820991
2067086847
2046770075
2083370838
2057924417
2139816021
2139816021
2075628973
2097720122
2136405065
2044093174
2096786905
2130529724
2051966209
1975250232
1859149289
2130868957
2063129189
1793676725
2113438406
2054574699
1956548874
2065168051
1952558655
2070264275
2069345694
2054574699
2092835405
2110213147
2062040075
2122334205
2108373529
1892740437
2000955381
1836981664
1989707583
1301241520
2088422934
2142391963
2099469608
2066815772
1988883406
2109271992
1856427847
1856427847
2039548710
1654017573
2005249545
1933704281
2075369836
1719837504
2097699698
1570888694
1646381233
1865061727
2004548436
2082358597
1128562564
1607884235
2121925531
2044142501
2140241246
2133241599
1904446999
1962367770
2065045060
2123684605
1947786295
1993922097
2083098942
2014392450
2117593251
2092123678
2026733063
1437256735
1717735632
1826585866
2131246782
2143550015
2131246782
1986790722
2121881988
1722932708
2011707516
2056364334
2011707516
1670658747
2136952049
2068948944
1871456775
2136952049
1788898877
2100794518
2100794518
2100794518
1974250594
2100539462
1593557290
2053089904
2098406633
2009280626
1806178566
2124474642
2029385058
2003819862
2013287709
2128061839
1743250498
1939819931
2137499042
2137499042
2088228656
1645718727
1645718727
2016307242
2114685298
2137499042
2137499042
2116924363
2061750765
2137499042
2137633927
1632903721
1999645548
1968454180
1968454180
2016307242
2059163313
1734727775
2134922217
2134922217
2134922217
2134922217
2102660996
2091145036
2067331616
2049579153
1883834192
2080444467
1962384642
2026792805
2035940240
2130168983
2110073849
1815093723
2133858240
2020844190
1876589736
2064632062
2117929248
2085710263
2092638510
2034793668
2138691356
2095135306
2136646868
2138691356
1474008404
2089671695
1998607288
2136831925
2129977881
1988370353
1673624456
2129977881
2076330910
2057694998
2101627313
2125224957
2103903946
1850440670
1583208093
2023701588
2101627313
2087177027
2101627313
1909025071
2054056668
1618939606
2077876285
2133754715
1985672612
2115673197
2079552924
2097844884
2095892015
2117583705
2095892015
2097844884
2117583705
2117583705
1989375976
2039274650
2080249200
2080249200
1890238791
1811646353
395905321
2050108935
1824091007
2128017779
2145229138
2104406499
2057950854
2057950854
2057950854
2011718337
1952050840
1743398270
2143817583
2009932759
1888420854
2113483524
2145912312
2099486278
2034396038
1647998497
2129246515
2055095328
1967024482
1846682187
2028130805
1912305284
2092734316
2045803410
2015047614
2061172659
2079799701
2129227699
2129227699
1998017673
2048131227
2118489599
2056100012
1724793256
1800249490
2129227699
2074153724
2117440453
1816593705
2007609743
2037680316
1994800263
2061434395
2006829745
1313122757
1806335587
1798749959
1798749959
2129227699
2006829745
2042919919
2049055397
2106840234
1995548423
2129227699
2086435070
2089572839
1929880716
1947061849
2136295391
2091288928
2095558204
2095558204
2095558204
2129667918
2102323049
2037446387
1631817757
2014908812
2055654941
1928148027
2122544277
2101155673
1970568614
2137503160
1275646877
1556203836
1716838133
1894975959
2090673918
2103243988
2045696521
2126054313
2126054313
2126054313
2126054313
2146880499
2146880499
2051440303
2130573863
2068096455
2120464137
1984552992
2130903169
2130903169
1269391268
2130903169
2006880960
2035803345
1715214497
2048356811
2124435724
2085373508
2104461232
2015181311
2129135510
2117342713
1212414722
2128184149
1987284066
2116037908
1785950500
1871059124
2047603869
1973911406
2145890150
1877282348
2139616848
1941329450
2146767605
2139616848
2070470674
2139616848
2137958329
2087166893
1652055067
2086917569
2144071536
2144071536
2144071536
2123819395
2145288626
1765542397
2050017293
2039621896
2112596018
1990237102
1652781267
2094001171
2102336527
2076355612
2146191066
2123278376
1435222307
2119795977
1785092079
2000720446
1556206409
1727902841
2073549314
2073549314
2128926937
2140842509
2140842509
2140842509
1685942689
2122480113
2140842509
2140842509
2136744662
2068415736
2136202609
1802953111
2088367347
2086901891
2086901891
1671956907
2117399096
2086901891
2062702804
2098731776
2016329599
2145471664
1868690341
2124547704
2141842610
2134659043
2141842610
2124547704
2141842610
1905844806
2131605122
1751895647
2131605122
2131605122
2046091077
2016919090
2133282271
940853943
2050084951
2132885823
2142875629
2142875629
2130950600
1141414312
2093442885
2025085669
2025085669
2127239417
2083289897
1988849738
2136938853
1971971080
2100017086
1966770767
1924188811
2120572842
1803228736
1922403222
1905771894
1497783853
2066779449
2063621755
2062903347
2101076400
2101076400
2091936399
1769626762
1984141616
2144170138
1964562095
2130950600
2138386610
2146216509
2138386610
1428382124
2138386610
2138386610
2138386610
1585536014
2138386610
2143198878
2143198878
2080737158
1360206965
1872455904
2143198878
2146550718
2129670105
2143198878
1817083435
2042497157
2042497157
1955941695
2112264640
2042497157
2047167439
2086957752
2077635982
2118862618
1919669598
2112264640
2134429284
1941497446
1295587896
1938558863
2111839576
2111839576
2121054687
1914764371
1914764371
2119540830
1929871198
2106924785
2043314470
1914764371
1882667026
2106924785
1997384267
2041088850
2107300959
2106924785
2066940575
1967282258
2147330232
2113389570
2147330232
1763066889
2047638531
2047638531
2060324385
2047638531
2074168920
2042373071
2092873798
1554544068
2092873798
2122072375
2092873798
2010427261
2105327277
1979331561
2056804867
1776465810
2073036176
2049609456
1998578402
2056804867
2056804867
1776968618
2056804867
2074233295
2083911387
1219043554
2115109270
2038916846
1338059675
1515049428
2135926422
1996009666
2107813874
2089689988
2017253191
2108910874
2107647095
1921441207
2142262824
1985472852
1986752603
2081666722
1453673952
1779313199
1898435222
2030853570
1951613873
1877073543
297603248
2006704658
2073046117
2135642885
2073046117
2100725871
2026129147
2021620865
2113316174
2113316174
1097884277
2144652733
2003215876
2145609881
2145609881
2145609881
2145609881
2145609881
2145609881
2133768264
2083299111
2097139375
2127710453
2127710453
2114471258
2114471258
2029713659
1954511753
2114471258
2104703287
1601673858
1930988533
2097284340
2123409996
2139198425
2145772019
1785417558
1957959642
2034060803
1209547832
2063414864
2107194402
1999814837
2100762029
1781638261
2107194402
2100762029
1999814837
1858560301
2036268810
1830416055
2100394849
2142832105
2142832105
2089934974
2089934974
2089934974
2089934974
858083164
1351628588
2068102480
1860110426
1923012049
2055705693
2113649797
1431917840
2133344761
1829152654
2113649797
2113649797
2042507273
1926474215
1816974069
1977967598
2077642800
2042507273
1955238623
2056347238
2112900614
2046917725
1767489250
1767489250
2117550543
2046368140
2124846296
2071979598
2071979598
2071979598
2082588102
2105833729
1989726952
2104304980
1970013427
2115835704
1965013167
2087185693
2125306427
2125306427
2125306427
1846749191
2090947542
2055050153
1958596185
2126344254
1940978431
2094263153
1870163952
1596846934
2115760354
2115760354
2144623111
1526472725
1921603895
1720074533
2098849879
1950216104
1971751221
2070648715
2103181585
1921603895
1958465305
1924969851
1995831321
1883780275
1793320643
2101234322
2074896209
2042729426
2138596061
2101234322
2143337523
2084735590
2118212318
2057372078
2042390304
1874293506
1873299547
1682486401
1537746274
2110369158
1918571260
1933509625
2110369158
2012614437
2110369158
1763058144
2048748047
1776219824
1894215488
1979799283
1964099971
1951146817
1940569895
2137772386
1984221646
1910116640
1930695982
2120123746
1757621277
2094388734
2143324000
2086192767
1978162997
2077267284
2104558022
2103494169
1960282345
2125775142
2002293969
2034642328
2140435149
2034642328
1990826129
1539331796
1808423434
1990826129
2063669859
1539331796
2136216941
2121922221
2101242702
1972133175
2079557579
2079557579
2001205256
2101242702
1851724398
2106465692
2137369591
2133503746
2132733336
1959003239
2110357671
1822505320
2073635646
1932011872
2065077317
2010010107
2125928567
2013899590
2079195037
2132655352
2066833522
2121877275
2121877275
1231663956
2049145299
2131792048
2084702912
1686937470
2131153442
2115345364
2131153442
2029140806
2142605999
2128917211
2078639212
2019381870
2135480650
2038506506
1494750526
2137986995
1865181132
2140256607
1771337207
2055873151
2087829554
2078741379
2140256607
2064817292
2118893081
2125061596
1884448239
2035521817
2087690787
2137991274
2025469666
1983778913
2017436429
2017436429
1960242061
2124975034
2084936042
2014557539
1858723395
2133298146
2133298146
2133298146
2137588965
2133298146
1834895136
2083769819
2083769819
2104334789
1940931556
1768288100
2066030104
2105864584
1909194580
1683186219
1877986884
1663656928
2139247239
2146593946
1980148804
2146102909
2062942544
1981760818
1595293814
1904036679
2113024560
2127191419
2069898317
2127191419
2132317606
1523470913
2092601202
2043334818
2043334818
2043976526
2042495955
1704738568
1630746699
2116421989
2116421989
2033416273
2116421989
2130768588
1666132611
1994677476
2120914419
2127803133
2127803133
1946786226
2083164889
1927816674
1851526655
1857694494
2115159089
2089081796
2036887399
1551227584
1869187053
2019257353
2026778069
2078460347
2048324717
2137240413
2064094238
1728969734
1998638728
2064094238
2133504971
2126815597
2071047647
2091013006
1497651265
2112832611
2096916954
1987040775
1740557891
2096916954
2096916954
1618618693
2127139212
2040099211
1854909087
2110484947
956139959
1921437173
1234895567
1970486815
2144971082
2113852751
2135386179
2113852751
2135386179
2101245277
858651167
2135386179
2135386179
1707495170
2137937925
1896449501
2127389597
2083778346
2116418443
1781417281
2112081938
2112081938
2112081938
1815811703
1867588825
1974654195
2091108469
2091108469
2059032035
2091108469
2145399308
1924012250
1924012250
2012565567
1983172742
1997993639
2131574902
2131574902
1856514004
2089085853
2089085853
2013487131
2085485274
1969789784
1042181490
2146774826
1261484435
2107916323
2014763570
2064884483
2121972736
2076142428
2132062602
2121972736
1818032207
2132062602
2142696568
1779232683
2064884483
2123682275
2140218130
1738585163
1900976844
2112616212
2011868163
2011868163
1729836877
2023523325
2145229021
2113468816
1569600822
2093053330
2113468816
2011868163
2064032124
1993481434
1926364208
2065871268
1928136206
2053567074
2123710549
2123710549
2123710549
2123710549
2067271166
2053567074
1979824862
2085004367
1985106352
2007995054
2044230352
2044230352
2046122154
2139875721
2052673025
1959449079
1904006590
624055749
2050119981
2087748100
1749071108
1698229939
1979192285
1770585292
2130614507
2097658343
1804346304
1732020160
1892516907
2038858010
1990727977
2079537926
2079537926
2126883347
2135044636
2135044636
2025114652
1905507284
2091586593
2087698277
2141363634
2097463307
1803348359
2120409723
2134255896
2134255896
2120232287
2055781673
2134255896
2122367535
2101395616
2075865511
1315769913
2024782738
1449909692
1398020286
2134255896
2020839129
2134255896
2126660796
2134255896
1997765849
2057318228
2035050659
2139609070
1542454088
2127796888
2134255896
2143199246
2143199246
2015548842
2113262618
2018309077
2102773000
2102773000
2138385725
2047022435
2134255896
2098982156
2098982156
1664217366
2098982156
1874135539
2098982156
2076720594
1977054409
2066478332
2044900633
2044162794
1996276417
2131633516
1840654858
2119542862
2119542862
2131829734
1655741746
1883845574
2131829734
2131829734
2077469261
2037901754
2080121487
2083828505
1789269837
2146226159
2101487652
2116927535
2116927535
1959649908
1999150287
2062290515
2116927535
1741190789
333246960
1681772416
1189860486
2116927535
1779134059
2116927535
2062290515
1501983177
2049569902
2099923727
2130264475
1998716479
1938770596
2130264475
2138951261
2107849118
1517936207
1639410148
1797904448
1890829405
1908806774
2133700837
2092647664
2085156004
1928097635
1735224164
1867222365
2106601915
2090686796
2057643830
1961897434
1999613205
2040956597
2127476972
1756977329
2080777872
2062202833
2080777872
2080777872
2035314406
2035314406
2014918783
2041966994
2093114093
1809204636
1103126971
2138088033
2065897416
2069762072
2024457915
2138088033
2089657524
2138088033
2138088033
1989629913
2069637674
2069637674
2064285287
2015719986
2069637674
2094112514
1709221933
1218501503
1965194104
2038980735
1906610996
1852992649
1623435380
2122388858
1679964945
2051616077
2025382762
1512553638
2122452702
1733509090
2019214156
1991447611
1557415379
1521319015
2093874309
2119170969
2139345990
1947695205
2108921713
1947695205
2128053329
1810795643
2128053329
2128053329
1826602351
1922757767
1592162974
2128053329
1469921379
2085165808
2118615602
1978501663
2032150205
1455719300
2099316291
1881616032
1787551948
1903431307
2064757718
1972541997
2087848981
1442711968
2121409714
2121409714
2099890008
2134334187
1496940884
1694320648
2038269552
2023756169
1697930818
1709110402
1901276070
2037896578
2074979286
2132705830
2037020672
2037020672
2037020672
2037020672
2147405421
2111475929
1993048988
2127156881
2141145678
1993048988
1884208770
2078990779
2097882003
2097882003
2059398232
1982252436
2097882003
1918023986
1396236034
2033806942
1913212698
2024551027
2076032625
2033806942
2033806942
2085846605
2085846605
2051990310
1710243971
1956406827
1929747050
2102096297
1835994355
1543133271
2045379101
2079152471
1979274986
2106311287
2125367504
2045379101
2131409117
2070536076
2101930045
2146107604
2129843471
2143408610
2062127746
2098144165
2098144165
2061635638
2061635638
2002717516
1647541990
1055026971
2129726403
1727366136
2096997247
2131210142
1637492399
2129726403
1816951122
1893256638
1731556519
1588496599
1888065795
1703053527
2078360421
1330349224
2050689240
1910471072
2145650007
1882808956
2005789914
1975400568
2138595612
2138595612
1674469309
2123531909
2108929272
1994852171
2005789914
2036636393
2041318580
1881571127
2005789914
1953705526
1806129685
2033270911
2005789914
2070684755
2020326613
1748437346
1791708484
2035145829
1917122008
2112421803
2103009700
2138766548
2103009700
2131296249
2131296249
2038223027
2131296249
1841241284
2131296249
1989318946
2131296249
1989318946
1947855985
2131296249
1989318946
2074142697
2078741702
2112421803
1989318946
2110492962
1723032425
2144661909
2096180187
2130603904
2063005791
2138855186
1634398970
2138855186
2138855186
2123503056
2107025987
2142307809
2124541425
1747805734
2077716992
2058944034
2105031599
2093895399
2018232727
2115905589
2115905589
2115905589
2003330048
2103330558
2103330558
2116573381
2103330558
2116573381
2001865937
1954464256
2064928590
2107074045
2107074045
2077631218
2125633382
1909861578
1909861578
1909861578
2125168272
2131343038
2101269674
2114158379
1995890333
2016161880
2019928927
1978923095
1083790843
1951990226
1659210683
2000890758
2111800640
2133927126
2124174982
1891606151
1888605769
1891606151
2000168238
2113491161
2113491161
1819342527
2079115496
1891606151
1729909522
2017104082
1563832034
1949012552
1965899013
2144226228
2144226228
2035129661
2048479523
2103130516
2035129661
2035129661
2110919074
2071800592
2110919074
2077746725
2120133154
2122984149
2003282175
2064213425
2087288278
2002830081
2084011795
2068942682
1537830382
1888709473
1996260334
2103062879
922399349
1443883402
1746754066
2039163593
1438657305
2119570540
2119570540
1893655447
2135500331
1715971791
1777575538
1923914901
2072248958
1997791883
2021101099
2095165200
2095165200
2095165200
1354926564
1875414039
2021101099
2061172855
2128271338
457638628
1962185226
1546811793
2075972958
2111151845
1732770071
1516677612
1981673853
2111151845
2111151845
1981673853
1981673853
1946753937
2111151845
2111151845
2131073618
1046977438
2005804086
2092491520
2002804829
2126306044
2076379203
2118152517
2076379203
1173077155
2073377760
2108224425
2134950992
1828299982
1828299982
1931600203
2108485155
2121414623
2108485155
2115696941
2108485155
2122465972
2010658193
1300640550
1898037341
1979780161
1996480584
1899944745
1813525809
1480798408
2111872328
2115696941
2047138259
1833917512
2049233827
2047138259
1313694666
1308395406
2145412780
2078640879
2078640879
1972570472
2145412780
2129153140
2091367547
2091367547
2091367547
2096640851
1807469652
1125471443
2123677860
2138443778
2074156666
1922132782
2120248614
2120248614
2120248614
2120248614
2120248614
2076471051
2074156666
2120248614
1825491786
2074156666
1972973417
1534951148
1956026747
2018550866
133203241
1713089047
2018550866
1956026747
968933733
1956026747
2144719527
2089499157
2144719527
2095683974
2125479882
2061646972
2125479882
2125479882
2010951878
2125479882
2125479882
2061646972
1992913900
2089499157
2089499157
2041853923
1992913900
1987505649
2010340983
1810613400
1975217006
2020772310
1994956679
2043121042
2134788373
1710121657
2128939962
2029236886
1674443473
1337579573
2063854815
1910207753
2069518033
2137431928
2137431928
2091344660
2145663812
2145663812
1983801453
2132039030
2107638304
2079184697
2009437652
2050769914
2106942881
2040233545
1983861368
1660303388
2128371711
1926998412
2091601173
2066478135
2024314203
2118632792
2091073614
1719541221
2010580016
2010580016
2091073614
1874831865
2091073614
1785676079
1574662647
2049554272
2077812720
2065397464
2065397464
2126212110
2126212110
2126212110
2126212110
2101485401
1971859929
1876003183
2073655195
2009984800
1883884827
1960917138
1921208994
1840484592
2007977131
2005197656
1154305479
1981733637
2042219918
2042219918
2047304124
1780830483
2092262212
2075470948
1989728636
1728834006
2011408030
2122793651
1807779006
220950471
1987445255
1698644016
1817029125
2141083652
2087056771
2071775079
2118923632
1702824346
2071775079
2141794565
2082930127
1927760378
717601454
1934353625
2071775079
1982347418
2071775079
2075814720
1927760378
2071775079
2134644457
1732784292
1987992226
1819869878
2018282107
1880519069
1953453056
1834074605
2095363257
1655778167
2134644457
2048259002
2137085355
2137085355
2012290704
2137085355
2072843073
2111422591
1496155813
2134644457
2111422591
2131482775
1979384261
1930223985
1956358283
1998695850
2115501550
1922183181
2115501550
1978081804
2117400618
2136577651
2115501550
2120651095
2077028372
2093230846
1928447856
2095138672
1987116176
2095514463
2106219315
2106219315
2056598652
2093230846
1933015663
2082138479
2091742628
2091742628
2119174736
2009132425
2091742628
2091742628
2132501009
2145664107
1977713280
2038731840
1797047256
2108646887
2116523435
2048330468
2116523435
2124076539
2093773857
2124076539
1977196191
2073017800
2042410069
1804498706
2106130877
2106130877
2035181155
2144362659
1722832236
2106130877
2120046048
1643964098
2067692352
2067692352
2087739882
2019020683
1656726288
2035489209
1973611900
2101096634
984280727
1501554970
1834925657
2002950833
2066909160
2134211365
1986166538
2057754569
2146347587
2104358167
2104358167
2104358167
2104358167
2074712285
2074712285
2074712285
2009204928
1690278044
2074712285
2104358167
2137090225
2104358167
2040176950
1671780280
2074712285
2121561369
1448372244
2104358167
2115024913
2143131345
1980841028
2077503125
2138658518
2071013993
1744438405
1954132153
2064319199
1674571496
1878657867
2068970035
2104834403
2106916288
2055509764
2121678458
1300959560
2006244207
2011412927
1815779668
1800326281
2016233739
1870269302
2053540031
1928059567
1888497890
2030318309
2117547086
1745685129
1900962145
2098226924
2117547086
2140232536
2133539606
2070852565
2138721266
2118458102
1781361995
2141848975
2022068921
2141848975
1978869848
2141848975
2141848975
2141848975
2141848975
2141848975
2101613392
2068003916
2091735032
2112734436
2081630398
2091735032
2146948593
2145934048
2071327579
2091735032
2036326717
2096628800
1822278707
1822278707
1788716857
2122947555
2091735032
2040422512
2042212505
2121903701
1899136944
2128549362
2078042260
1988494709
2140248496
2133539606
2061190888
1885568887
2095783491
2095783491
2091621222
2091621222
2070665828
2133539606
1976655389
1793562060
1980347037
1656030523
2141042695
2141042695
2055646794
2055646794
2141042695
2141621725
1895959069
2117160765
2112134384
2099785341
1991584795
2134363566
1539655513
1842342661
2029196792
2134363566
2134363566
1934734620
1970250231
2123341259
233344671
2100334037
1979102737
2133518403
2078594084
2046990995
2105505958
1620881378
2069755419
1911310055
1840352215
2014396973
2125623926
2121772040
1999972174
2054483537
1948093797
2051311967
2099785341
2054782566
2051311967
1561063501
2054782566
1937276752
2051311967
2101228925
2051311967
2087317298
2087317298
1561250475
1053501101
2146897808
2099785341
2092409558
2009471471
2088088234
1074555514
2062224270
1759140232
1918333497
2073508850
1554826884
1836396511
1924090559
2110259185
1836396511
2110259185
1844866318
2110259185
1950076859
1621905849
2024962282
1660533723
2105382696
1886990495
2045678807
2056484704
1740842587
2037168372
2125974752
1876758858
1815926101
2040769429
1690460230
1961534339
1712686212
2002440011
2002440011
1961534339
1781264446
1540320236
2132355601
2132355601
2131042196
2079043997
1952218410
2078200817
1926621502
1845194534
1560265893
1873170078
1868121895
1758921980
2107781353
1941414297
2098676903
2129071937
2063565017
2086084324
1941281356
1501629383
2086084324
2086084324
1991185591
1919196321
2129696833
2037523301
1516638577
2057865953
2069244712
1907076390
1778122194
2103777011
2103777011
2140296930
1757588689
2059669920
2060429692
1932242065
1932242065
2117067060
2130658259
2130658259
2130658259
2130658259
2130658259
1885843193
1962357421
1696152680
1936933223
1972261873
1987100478
1935892527
1593070364
1935892527
1750842609
1625934930
2014305596
2123455628
1903406168
2139192757
1903406168
2093839134
2071381372
2071381372
2058402389
846791544
1948166603
2058402389
2123139057
2049749613
2076614540
2092938255
2123328973
1610120012
2123328973
2003669576
2105506167
2041638085
2046121835
1879790549
2126640999
2030487284
1850728061
2124216795
2010140070
2010140070
2019709958
2138438448
2035692345
2134583089
1947915174
1947915174
2124216795
1947915174
2050219604
2124216795
1884933239
2124216795
2056327335
2030536274
2056327335
2129063922
2129063922
2089496674
1886633155
1968414001
2086143278
2087736630
2038904467
2093934699
2067143143
2093934699
2132322357
2132322357
2021851260
2132322357
2015820815
2060175080
2046030400
2127949449
2132444478
2120574294
2059030300
2048170813
2127907785
1957777444
2135681394
1294779903
1887994944
1666548111
2121097111
2135168146
2135168146
2128463163
1959622323
2037928141
1468450801
1695839147
2037928141
2065108704
2065108704
2140754111
2083657596
2140754111
2140754111
2140754111
2140754111
1922879286
1932326050
2055067649
2083750416
1996998428
1983036591
1632590003
1983036591
2083750416
2083750416
1903178280
1768234374
2123191246
2123191246
2116451203
1429440369
2058504144
1915492578
2076630525
1913530977
1851283732
1862548605
2065408577
2139271868
1540978228
2122203173
2139803180
1860446296
1909626930
1654954692
1946443792
2093937390
1533226409
1763321411
2014583792
2132570603
2080746699
2095371797
1948802700
2095371797
1948802700
2099884337
2121481062
2095371797
2130043688
2097116320
2097116320
2042644739
2042644739
2033718046
2025870236
2030257923
2096555262
2130461270
2096555262
2072265067
2064262290
2112108426
2118300815
2136604999
2083693992
1962242461
1962242461
2144444481
2029627694
1767605224
2013524361
1633416367
2066532136
2080969443
2114442644
2106196745
1863740526
1940710754
1782530202
2137165271
2137165271
2056380301
2106862496
2105133403
1968398025
1436408279
2111860855
2111860855
2111860855
2139134870
2128571749
2110565720
2128571749
2085246516
2075304526
2116417862
1427749531
2060009021
1367166456
2060009021
2127608360
1912041911
1992897810
1898281600
2102649203
1831714228
1854836112
2080646157
2094588759
1971149627
1660815347
2080180892
2074117860
2080180892
2074117860
2130069015
2095272948
2039960009
2111890331
2026144410
1704892331
1642098246
2068476517
2134223314
1950017719
2135812828
2032969231
2025163950
1857825790
2142540877
2012930783
2012930783
2127793354
1928836949
1461695406
2142540877
1955983135
1879518587
2090087182
1929027878
2075058879
2096704447
1926423802
1926423802
2093901560
1685409363
1846945808
2031662448
2075401067
1917531221
2090443471
2110895056
1885003413
1994978631
2087984940
2102870143
2016816724
2136725497
2068432303
2076944430
2041768476
2076944430
2127867197
2089315190
2061349506
2041768476
2076944430
2041768476
2059122978
2081117149
2009357531
2089492553
1999984586
1427352063
1608869672
2141414624
2085134055
2066191935
2131716730
2017459975
2131784303
822991083
2012169409
1229264316
2126108697
2011495527
2088774024
1610821772
2097429654
1929190798
2023445788
1963676779
2023445788
1790979284
2069710757
1984748199
1524576721
2090282190
2056343836
1642799694
1723795451
1949250292
497171125
2080796046
2079207145
2112747790
2112747790
2140686296
2112747790
2089672221
2137803826
1793214824
1975089242
1859929744
1530286543
2127535555
1575313203
1639669097
2132507618
2146499281
2146499281
2090440838
2106816344
2146249171
2091792226
1893169364
2112253868
1824796045
2112747790
2139460357
1893169364
2094490381
2112747790
1925892483
2099103480
2138196600
2142087019
2111996156
1827391794
2138196600
955753935
2143905790
2144194876
2143905790
2107813517
2107813517
2111955499
1668925909
1987587229
2005379006
1805666195
1919911136
2094671400
2141119468
1897634494
2099714264
2118824893
2029814349
2132437543
2029814349
2121528690
2029814349
1190309619
2135001588
2135001588
1683305075
1765614602
2129032161
2023746000
2059791437
2124359010
2129032161
2124359010
2129032161
1887495843
2089002260
2141173235
2094932230
1997923021
1787716526
2047089079
2136797057
2137882318
2137882318
1559713813
2086517758
2138414126
2107484644
2069276256
2086517758
2089002260
1995347527
2109167962
2066537514
2066537514
2066537514
1798472789
2066537514
1974107647
2089002260
1933787958
2066537514
2089002260
2044338664
2044338664
1822506078
2145025478
2052160168
2006647078
2025701329
2140987799
2098646883
2124128287
2019624152
2019624152
1803457934
2124128287
2019624152
1828861811
2022943824
2144133368
2144133368
1591850471
2139617491
2144133368
1965494586
2091611849
2089572918
2089572918
1295870052
2089572918
2128908117
2144133368
2035096253
2036517635
1570410597
2125761917
1998344500
2029266799
2143252027
1822758079
2116391643
1994903428
2116391643
2127923198
2044864613
2098299864
2073140320
2147075890
2059043418
1703832966
2007859187
2007859187
2089404718
2106665695
1488465143
1523718277
2106012780
2126196300
1950284897
2093793749
2096280597
1613191809
2083854719
2142949821
2135410715
2142949821
1909608928
2037178622
1411057772
1989426975
2049364033
1889011763
1564421667
1564421667
2046680725
1529223983
2106649466
1604338075
2140326249
1667580547
2099914450
2080422310
2071248970
1837330863
1258489010
2075012490
1848431782
2021143589
2025216673
2129452361
2055631042
2060384000
1506231743
1944533863
1924366176
1363803403
1967210886
2088712105
2055631042
2055631042
2055631042
2055631042
2132420756
1776562053
2051679813
2090806043
2051679813
1952385628
2025112682
2090806043
2091611849
1868937939
2103255159
2103255159
1868937939
2053863479
2095355428
2044241155
2044099237
2134464485
2134464485
2134464485
2061604266
2038686236
2090806043
2092707522
1966130656
2141032841
2019169925
2141032841
1104667689
2135976411
2139647905
2147033104
2135976411
2121308611
2135976411
2130770604
2115526006
2121344847
1707735345
2141032841
2121033246
2125014984
2001064838
2103842964
1443140483
2141032841
2056924320
2139206925
2058537537
1765545338
1886787050
2076654846
1910941748
2061080873
2111832394
2089302179
1890222472
2057071261
2119212486
2146203982
1909234824
2088368963
1863757607
2069356889
2039574759
2102713909
2091465469
1513171327
2125485156
2119130670
2057908498
2116292281
2135851415
2051909376
2137365610
1644402078
2137365610
2139305197
2139305197
2139305197
1815928018
2049615187
2138640360
1964672253
2106125668
1624502326
2144954856
2144954856
2144954856
2144954856
2010306195
1625240433
2109360437
2075163587
2144954856
2144954856
2144954856
1780182094
2145895003
2073439043
2073439043
2138640360
2031914059
2073439043
2138640360
2099179563
1976445864
1963498047
2120391781
2087872158
1804185028
1880442965
1978213891
2146601123
2020529545
2094402862
1410618666
2145579312
2122511733
2091629259
1883585982
2146878647
2104049042
2146878647
2056381689
2056876785
2146878647
2063611732
2146878647
2102968945
2102968945
2106230989
2056381689
1899347408
1935588481
1886791680
2015081779
2015081779
2106230989
2081772173
1928701965
1928701965
2015081779
1928701965
1886151243
2142630587
2039338394
2039338394
2076444620
2004986653
2075804826
1848300282
1983176015
1736210209
2107661447
1979343308
2094650538
2009132026
2094650538
2043316714
2106382497
1947312402
2108614323
1939122022
1956734236
2132698694
1704596745
1860636274
2137384116
2081690106
2111562998
2111562998
1854347744
2111562998
2041482859
1982529392
2118630299
2107944956
1895551478
2111562998
2111562998
2135561392
2110188075
1928673902
2062313711
1996161926
1805274609
1883693335
2071583100
2030866145
2070906854
2095200968
1891022238
1888515855
2123674814
1983130002
2073647326
2073647326
1700018903
2128743167
1507531304
2107286774
1507531304
1981407972
1821634912
2056952440
2138138305
2138138305
2138138305
2141938280
1428222936
2132294638
2132294638
1985960688
2008173083
2132294638
2108509036
2038529539
2146791597
1305661430
2059862663
1349952522
1508942024
1518351862
1764930601
1835377233
1988388622
2078693567
1945191182
1670648279
2128294881
1999666666
2144921264
2110239212
2128294881
1785763179
1801908302
1266827401
2143003729
1999666666
2140705085
2107362384
2140705085
2140705085
2140705085
1816112778
2140705085
2076762131
1866353689
2140169730
2140169730
1805661887
2027054943
2050094482
1977748154
2141626396
2106517608
2128439956
1611384984
2099460574
2087971693
1969215357
1618337202
2041576192
2064639443
2120190017
1742493486
2128518215
2105248747
2021915760
2112308919
2021883206
2145434376
2068016194
2071659104
2075235840
1926898317
2086448852
1933927598
2139988818
2062494629
2144361379
2144361379
2144361379
2034089549
1783613930
2034089549
2100411613
2116053000
2040283380
2099421045
2034089549
1977513970
2088418872
1826571073
2030050644
1854875348
2101346191
2020560564
1913831746
2022957438
2107338533
2093487760
1734210348
2086535926
2105511472
2031199692
2000008567
2079776920
2000008567
1941561528
2099729315
2112604992
1805781165
2073617758
2073617758
2090543585
1902511155
2007311510
1755775124
2007609794
2110758870
2141660193
1755482245
2080511078
2135202081
2132378786
1825901441
2121712447
2121712447
1986308378
2108912462
2136080983
2108912462
1653769920
1798818424
2023195120
2143480612
2143480612
1558882430
1585391503
2023195120
1002355434
1996013246
2034421262
2034421262
1417590824
2110150680
2058997441
1978665824
1978909911
2110150680
2110150680
2142706342
2119783588
1978665824
1765305934
2110150680
2110575663
2110575663
2110150680
1913991567
1788862423
1912284385
1997175761
1830890449
1974878794
1978837517
2110772487
2070467437
2023010790
2132780166
2110772487
2111968237
2103617049
2138101878
2129757896
1643424677
2129757896
1280918218
1978883380
2129757896
2129757896
2129757896
2129757896
2044897754
2044897754
2044897754
2115253956
2129757896
2053729629
1991622993
2088215811
2088215811
2090491663
1707098192
2009170675
2013008041
2009619828
1781271363
1899282139
2144929874
2117197998
2125849457
2099985607
1823683772
2069870218
2099985607
2099985607
2099985607
1446870173
2125377845
2125377845
2125377845
1113161496
2147467137
1165185091
2147467137
2129084984
1610599206
2125377845
2130677225
2125377845
2130677225
2130677225
2130677225
2130677225
2130677225
1987248186
2037144596
2078327866
2130677225
2141937315
2130677225
2130677225
2090886442
1642937018
1858469179
2139356725
2014733491
2096591665
2096591665
2102022775
2040958445
2059577524
2138595865
2060288329
2141205345
2102925189
2055900472
1667270758
2036765385
2096395957
1901220775
2062508031
1587254656
1998832474
1400562301
2128855167
2135893162
1602541902
1622574552
2089248309
2135893162
1831824088
2068640825
1968942698
1808398517
2139456043
1817509957
1916363856
1973749330
2065881179
2075349339
1864341325
2065881179
1998742747
2106002999
1018772561
2016773825
2077404508
2086506379
2144841451
1768801685
2088642311
2089403466
2128522229
2097030766
1751638922
2068122677
2010575915
1809395883
2094959440
2124641477
2075461714
2019486570
2019486570
2052632191
1702779164
2133019074
1943944897
1991641641
2062381083
2113945602
1812681364
2097505458
2002859957
1952720670
2091012975
2110628181
2110628181
2110628181
1782282667
2110628181
2108878441
2125169088
2125169088
2125169088
1941049244
2091012975
2105153648
2125169088
2125169088
2092568201
2100817100
2132996744
2050902777
2036123063
1879701575
2098294634
2071985446
2083533733
1814459525
2115998210
2115998210
1863661174
1315925675
1901190941
1526779879
2102419719
1920378523
2102419719
2102419719
2102419719
2102419719
2105182048
2102419719
1842237549
2102419719
1942351834
1952720670
2096464674
2015778092
2097829810
1921774006
1785160972
2097829810
2097829810
2085626947
1646034659
1967833026
1542860697
1701420928
1669243662
1720209892
2000172143
2104057602
2121862245
2062439427
1400485202
2105335295
2121862245
2062439427
2112618869
2105335295
2030115281
2132303229
1941446485
2118410654
2026126215
1847376959
988490088
2026126215
1941446485
2145358700
2026126215
2026126215
2048455116
2026126215
2028365677
1873901539
2048455116
2048455116
1877632535
2048455116
2132161007
1937599220
2048455116
2096585205
2048455116
1981749883
2092181142
1998200524
2005039124
2091813145
1949108340
1908945646
2100108838
2100108838
2100108838
1791926476
1941446485
2117161612
2114584171
2131211508
2089836729
1396031569
1819908736
2063460292
2105606347
2042637801
2069609965
2126587409
1626056402
2067517728
2046938403
1700015129
2126587409
2126587409
2126587409
1937811122
1917474508
2092146950
1917640658
1928124788
517288472
2123516226
2101608258
2135398792
1986973731
1785534464
1986973731
2120198452
2137357633
2119945831
1901154806
2119945831
2094152861
1992376980
2119945831
2086287822
2056119731
2120446025
2059527345
2120917117
2108706467
2120917117
2120917117
2120917117
2120917117
2120917117
2120917117
1843172633
2109221299
2136049516
2124860735
2040716737
2118414520
2118414520
2118414520
1566242753
2030276818
2030276818
2030276818
2103249351
1605865791
2030276818
2030659722
2030659722
1827353470
1759564679
2004577875
2047109122
1936930827
2092250769
2072213635
2099397144
2077863411
2077863411
2098309330
1988511997
2132780913
1962194836
2107136590
2121289377
2082299795
2097456894
2003218301
1673006556
1360687813
2113167622
2113167622
2113167622
2140587363
2113167622
2086347574
1849387459
2127758466
1993939119
2051455490
1513790281
1078271464
2069604093
2044668292
1283726195
1974984771
2109454842
2098309330
2011331164
2074289526
2044668292
1994577379
2098309330
2060058377
2041042159
1429674722
2122889796
2122889796
1910475911
2138541837
1479635242
2146330131
1518510229
1741206834
2089266585
2142512324
2109454842
2044368114
1939199947
1919700873
2085322677
2085322677
2134904209
1337659508
1717258814
2004912146
2076004010
1985192773
2039591581
2040411163
2040411163
1853622588
1452659436
2116486798
1986041342
1922139954
2001074192
2143863421
2109441955
1838001079
2040411163
2109441955
1929724656
1951759632
2087109428
2139029800
1988626568
2084754287
1892945428
1892945428
2080548413
2080548413
1909081901
2034613191
1819121725
2145191353
2035735665
2142772058
1928182884
2034637364
2033411257
2143272148
1861396055
2022170486
2145988216
1841237799
1914657751
2025491815
1914657751
2063163764
1900939036
2031381971
1807422076
1912246876
1803039717
1892437035
2115525289
530375940
2146171234
2124062815
2105921388
2118106339
1820797310
2139114794
2076061179
1916408601
2059282847
2081930518
2040806861
2141568966
1935269168
2140172777
2092701559
2109430495
2132688081
2082202208
2082202208
2128957128
2124876830
2137927702
1959747064
1985697256
2139114794
2052650870
2050465881
2119202553
2050973686
2050973686
2041034664
1997719891
1955861185
2096483288
1932818905
1503460512
2027322968
2027322968
2054160978
1980452282
1932818905
1702408730
1266374960
2073883063
1987271544
2104124232
2064011515
1870902805
1943144354
1655663745
2016874719
2108483018
2104124232
2142927192
2090625289
2080033291
2080033291
2143053175
2030296934
2098666734
1971094826
1591451001
2072903815
1065392324
2145371800
2049274187
2035432166
2137299174
1875277956
2050584860
2132179763
2068523125
2022555159
2130223359
2047190336
2143867105
2076562739
1689511760
2126189448
2126189448
2050683208
2126189448
1986108527
2107455563
1968219325
2107455563
2107455563
2026323554
1885358981
1964518529
1989238356
1985810289
2012347885
2133156935
2100770285
1796807327
1865855731
2002314231
1774080712
2002314231
2065127565
2140373961
1975155857
2037627651
2140373961
2031108456
2018631983
2100974359
456876658
2037627651
1977772609
2126337607
1953363504
2066308791
2082402594
2124516404
2084607412
2130026787
2111482996
1664737966
1636458682
1942125429
2118001307
1854769403
2121907165
1991170053
2006078535
1958551822
1958551822
1698405201
2074457370
2049268320
2098096193
2139382655
1984136286
2091466542
2117160806
2110246451
2084188341
2083402212
1679418723
2078393557
2107582735
2025745000
1667065750
1825595112
2088331941
2074453012
1400031960
2130949918
2129059594
2145478178
2145478178
1789018869
2085150708
2063670134
1995076109
1984685930
2129576174
2129576174
1249376819
2129576174
2130026787
2129576174
2125365913
1636698406
2004458464
1247290923
1949690947
1962421593
2139527971
1975989766
1965356225
2096062441
2068002553
1962290461
2140686668
1996523466
2108218517
1962290461
1696455972
1996930063
2077273116
1914262204
2045161745
1715007427
2051054613
2109825363
1829903178
1932171910
1436832597
1894888638
2089196993
1930100961
2135626688
2089278871
2078728510
1620040203
2146133671
1895219025
1981095206
1598978624
1353375749
1661008837
2142365632
2052315364
2106809641
2145393600
1827834735
1699315107
2125606398
2125606398
1954385970
2125606398
1836292014
2110592618
2112527905
2112527905
2138910113
2057936463
2109875631
2057936463
2098620480
2098620480
1887159668
2047488745
2107454506
1990202777
2147327699
2122493001
777321913
2090941299
2032517084
778189676
2023985923
2143766018
2116226992
2037503266
2037503266
1935303221
2039508979
2124335607
1991582644
1401061069
1935303221
2124335607
2074874988
2145622348
1706186819
1930829285
1983076808
2130636207
-618128558
2057231043
2055860198
2065542462
2124335607
2124335607
1962519520
2065542462
2095712368
2095712368
1820980068
1948978279
2113233878
2075283913
1948360343
1466989535
1785226759
1864193782
2103916679
2142582241
2103916679
2103916679
2103916679
2087121903
1953458637
2103916679
2103916679
2126922035
1953458637
1951580965
2112094783
2038735918
1855728258
1919051802
1879359815
1970255133
2054329323
1808081167
1973277839
2097166513
1912463514
1951370081
2063196268
2093054817
2050493250
2050493250
2070312948
1721257993
2047393289
2058367418
1879288323
1988985359
1909838020
1356844041
2134468948
2109854664
2090526331
2109854664
2140007386
1600001007
2144568612
2111179122
2111179122
2033357832
2132482771
2099990448
1572885122
1892947341
2120487311
2044449474
2116189209
2129141017
2120487311
1836552554
2136632643
2129593190
2065727994
1958868996
2145346028
1963314030
2138909729
2082304780
2082304780
1885764565
2145346028
2145346028
2138909729
1281664734
1741909722
1947769552
2018314137
2140013624
2099543889
1777703491
1808304410
2116515857
2022484269
2026359922
1355913452
2066908366
1855010636
2054316008
1968279873
1992653965
2068138629
2087588124
2128552508
2084855115
2093698626
2138673133
2129938965
1851022335
1479381939
2093878457
1996535030
2107928931
2107928931
2129635603
2115847933
2072457847
1996392836
1372187960
2042663740
2125657357
2037195759
1972378900
2132155019
2134179622
2060870774
2132517063
2115662210
1975021939
2146301243
1938431830
2040712006
2063904778
1988881432
2132435516
2118869772
2140250569
2082788930
2082788930
2140250569
2082788930
2082788930
2082788930
2086716059
2137225743
2090037212
2145198800
1902004628
2030472457
1651328063
1943574176
2070446612
2132044270
2128511062
2128511062
1922820743
1778784511
2110256974
2004799353
2119721899
1995533274
1814566527
1727838725
1835311711
2134857250
1919095154
2037920676
2132044270
2132044270
2147026349
2123783796
2026181778
2077562391
1632981287
1393901506
1701647355
2095684701
2102242810
1997519071
1997369694
1989057823
2145445066
2062994579
2128250213
2128250213
2065188315
1341420814
2144039234
2144039234
2080762253
2144039234
2094963417
2144039234
2135414384
1999883284
753316611
2144039234
2141216342
2109687020
2025996391
2135414384
1509942094
2135414384
1826411187
1998208687
1916782767
2103379544
1858256697
2117521321
1850872094
1982601789
2080143375
2123118133
2095456065
2110666760
2110666760
2144452891
2146770757
2110666760
1937139870
1738010688
1872020357
1613602989
2061315283
2124024830
2135500290
1778344615
2060826445
2129183749
2016607662
2079313747
2039669323
1970830815
2079333236
2117521321
2141360351
2069326834
1931882832
2111107756
2111107756
1777117847
2111107756
2016980908
1949184132
1849226276
1366288624
2119165387
1963319932
2117521321
2049689516
1948136293
2049689516
2107591367
2146087623
2113631860
1640129559
2063644768
2107591367
2063644768
2094748659
2137354098
1832158923
1773845364
2113137686
2107991087
1860532577
2048782782
1941710546
2077591884
2066868805
1916206530
1998911342
2146102344
1520302923
2113137686
2084484355
1827650479
2138725710
2071278227
2043117714
2102343990
2137521062
1998911342
2133583739
736311776
2075089716
2080211922
2142473932
2130152023
2130152023
2136733472
2136733472
2137599012
2011232876
1689903381
2063447305
1901966226
2121347767
1937070448
2056913354
2060579849
2128185773
2105860478
2142710468
2105860478
2044160079
2044160079
2044160079
2142710468
2142710468
2116695844
2142710468
2134883459
2146621768
1730235483
1275168097
2004072605
1824562803
1930359861
2062779555
2018844910
2105860478
1991887876
1887459215
2127779366
1991887876
2104023625
2135389703
1913140358
1990241528
1787954395
1979885849
2083082407
2003076967
1781364959
2145518601
2040881363
2136650225
2099011746
2003076967
2136650225
2099011746
2003076967
2047344809
2118133993
2141684299
921981304
2114163073
2031738167
1756603506
2018986407
2018986407
1875252958
2124711947
2121578910
2124331310
1997592096
2124331310
2024483043
1922455887
2053388796
1374620111
2028379770
2129046899
2129046899
2129046899
2129046899
2129046899
2129046899
2119382407
1645639984
1707523461
1892584368
1923823237
2054083939
2054083939
313562276
1998630307
1833879917
1966078478
1999075043
2015183022
2015183022
1999075043
2120039578
1729747713
2092933645
1934882165
2092933645
1981789082
2054192658
-33396656
2054192658
1817381659
1936469281
2030805816
2066032570
1932239224
2060156704
2065113712
2088359198
2079475715
2140408166
2019970898
2116026913
1818879767
2107632957
1818879767
2057097492
1983138775
1896659420
2027012716
2027012716
2139143491
2024198078
2117293183
2072008465
1628813271
2103572242
2113876223
1913475876
2014323443
2070649862
2070649862
1714385218
1435814061
1923636456
1750262609
1963419576
2104287590
2104287590
1899132869
2098924462
2069634420
2121602507
2104719231
2038758025
2050070693
1783060800
2029009880
1840178070
1803451776
1965916754
2125684665
1541297631
2071128205
1989454938
1917462826
1893002251
1931852848
1784298258
2139989410
1982002747
2048066553
1924639508
2139989410
2090347909
1948041435
2123328700
2123328700
1515980598
2142422932
1983574279
2011454283
2034505396
2036801224
1956373551
2086131880
2099618019
1779703248
840461941
2071590611
1304738594
1993900886
2088053283
1981031148
1981031148
2144393259
2032366786
2106354963
2106354963
1569856884
2074706605
1756049271
1881780696
2060056341
1844911522
1996614576
2032639884
2132473533
2125018814
1232095310
2126198008
2126198008
2126198008
2126198008
2078103496
2126198008
2103516454
2126452001
2126198008
1756049271
2126198008
2136779399
2010717911
2131353436
2089665212
2126419468
1821348863
2124385295
2124774148
1956410106
2085409057
2140198883
2070367083
2077352118
1993235918
2147210041
1862618515
1970890209
2127289461
2135779033
1904192416
1592320885
2015221442
2032457452
2046371955
2140198883
2015221442
2140198883
2037914813
1993158213
1993158213
2112315108
2143253111
2110432708
2110432708
2128050509
2069056166
1994133574
2113466236
2114093825
1907401023
2048177623
2119781295
1723511748
970179778
2124941670
2086190882
2129868089
1977155444
2055772766
2055772766
2055772766
2039764798
2039764798
2039764798
2057718827
1918905052
1937427653
1010088176
2143587737
2025262758
2143587737
1904428414
1463311348
1906029943
1967325208
2071918094
2046348339
2142772388
2142772388
2142772388
2015812694
2142772388
2092326350
2142772388
2142772388
1814523914
2114199951
1953827361
2114299384
2043549318
1972665876
2114710685
2122764755
1489221599
566047280
2079973784
2104701557
1833926367
2142388378
1792981703
2105697121
2142388378
2135043898
1021391349
2096916746
2075035623
2047913615
2007822431
2071220104
2146333605
2146333605
1702518218
2105697121
2052652475
2124119561
2124119561
2124119561
2063780960
2110150279
2045898830
2045898830
2045898830
2033222155
1816397041
1900125837
2063341946
1977340079
2037993287
2116758105
1949305067
2037993287
2037993287
1952364319
2146353270
1926209159
2142712197
2124108084
2109862159
2035311482
2109862159
1289679729
2062442234
2046967610
1972423807
2056547554
2134905190
2096264056
2138651214
2096264056
1919715851
2096264056
2096264056
1638777421
2063462797
2072350427
1898862518
1913828486
456947192
1905518352
1796761977
1916184850
2020889492
1325707588
2144792071
2020889492
2107897672
2078965153
1980341076
2069785598
1907441716
2003994034
1664469901
2122355738
2105551738
1973947545
2116428796
1973947545
2121898014
1968068727
2144856083
2121898014
2121898014
1730907564
1679564517
1679564517
1980481267
2034875038
2055474291
2108153754
2059834626
1995729761
2055474291
2090828875
2142485917
2142485917
1852573570
2139824347
1713715522
2126622777
2093471869
2110819452
1707696784
2139406319
2089518196
1976563349
1824109801
2021029072
1932655549
2136128255
2121074790
2128888146
2036720746
2105680826
2064768510
2064768510
2090720222
2090720222
1745937904
2091479415
1962674384
1872077125
2084318977
1668411144
2137981059
2046603400
1850343271
2084318977
2091479415
1946110952
1848317339
1744717276
2039795887
1334415675
1910283481
1636281810
2114120365
2135457583
2037792399
1920156260
2038300845
2092959771
2092959771
2092959771
2092959771
1557597665
2117071561
2092959771
2139093015
2136878882
1551296402
2139093015
2139093015
1898498564
1969795397
2146872758
2146872758
2146872758
2146872758
2146872758
2117071561
2146872758
2146872758
1475656950
2146872758
2146323845
2117071561
1512515444
1897097209
1763296168
2048350309
1763296168
2047357913
2111590474
2140423083
2047207531
2047207531
1897097209
1991920948
2120434290
2142911211
1651856264
2128263381
2128263381
1764750445
1816306401
1793024523
2124833270
2136435426
1857446733
2136791576
2020495744
1829337798
2048816243
2015604765
2063698575
1976112216
1864839310
2053224393
2116620037
2011577783
2001103601
1879708127
2001103601
2130876475
2143464682
1410210458
2133368170
2140877708
1828991917
1930485992
2127604309
2133659609
1111923515
2098874425
2057390966
2141510354
2141510354
2121584501
1938563957
2141510354
1787712998
1494365191
2143479912
1945763766
1948948661
2027727083
2135225742
1911899502
1843908553
1947127092
1964851589
1964851589
2006991968
2093444957
2110936389
1045430610
2060990266
1762848323
1439318047
2108760251
2108760251
1477507322
903155297
2074690154
1543632519
2144005427
2091669399
1950766165
1913043715
1506158250
2122019941
2039808743
2141508714
2138851434
1599460128
2141508714
2113645659
2019260723
2116780574
1365199003
2116780574
1882576599
2067803581
2138116217
2002830516
2073244028
2102648886
2073244028
2104529072
1379302413
2104529072
2092443538
1961382492
1398658547
2129552782
2129552782
2129552782
1931115098
2129552782
2135832044
1935048856
2042904087
2139803282
2139803282
2139803282
2103871303
1955441230
2124044638
2127798279
2042904087
1923408690
2042904087
2001951284
2001951284
2001951284
1621835294
1951764998
2006438160
1703484820
2036578124
1774538376
1771916921
2052390032
2111728427
2117785121
2108481296
2117785121
2024442570
2136776624
2108481296
1892955862
2124995037
2066986316
2082181348
2066986316
2090767782
2011728272
2090767782
2105474952
2101682289
2050612701
2011728272
1981189251
1912426632
1964620328
1814658469
1971426252
2065377265
1858104918
2065377265
1731831822
2065377265
2095839276
2115726018
2095839276
2095839276
1546627281
1761822657
2071484405
2029820956
1983814898
2097878280
2095839276
2128044548
2109047700
2065796665
2083071823
2109047700
2037025958
2138274934
2128044548
1749773336
1948021634
2082958774
2114270225
2037025958
2041793611
2105721816
1896444849
2019581371
2064509109
2050231328
2078696102
2134302339
1954063364
1951151455
1147128700
2108808676
2069682138
2134302339
2017658043
2141739897
1786871052
1617557295
2142572158
2142572158
2111233920
1669960364
2053321256
2135037671
1676764296
2123078467
2098391973
2141305028
2098391973
2025532308
2144668069
1987405096
2043411086
2118318243
695191532
2135892296
2135553705
2135553705
2135553705
2088971385
1630062624
2060958285
2042391125
2138140961
1840882224
2142996713
2124807990
1982367410
2126640874
2141459490
2108398163
2141459490
2108398163
2146380542
2108398163
1998685710
2053365950
2053365950
2010095721
2028853829
1913392659
2028853829
1820877901
2028853829
2123426132
2141549196
2044813061
2055696992
2131631427
2055696992
2079742100
2051542960
1989243002
915025835
2064870702
2051542960
2114487576
2011143000
1996725551
1918906222
1920761152
1920761152
1794601017
1920761152
2047281771
2110756563
1949983404
2021833235
2145132642
2001137645
2115814704
2014522271
2114487576
1945615408
2088716240
2132099529
2132099529
2113823567
2074502032
1962215510
2071718936
2116942776
2106107068
1935729607
1864894710
2028924596
2028924596
2114487576
2100372933
2007699015
2075977145
1942033069
2082381252
2082381252
1662989065
2146089923
1942033069
2088162812
2113145395
1481863614
1335810830
1861734357
1968020637
1935446311
2038702457
1968020637
1968020637
2132070864
2131782848
2136799055
1999473479
2007201178
2125985786
2029891034
2130924825
2115191465
2107235502
2130924825
1848250950
1794175227
2109486375
2107212861
2005252958
2037347320
1573453422
1985018536
1814114337
2070960773
2127844912
2098975495
2129876049
2098975495
2102392394
2098975495
1719789595
1995632413
1915561867
2138339217
2144879145
1929799288
2016741592
2146187411
2039346704
2146187411
2146187411
2146187411
2101854183
1871301880
2146456501
2107212861
2093074836
1777044714
2139213155
1605994364
2139213155
2139213155
2146456501
2146456501
2134330265
2139878165
2146456501
2093074836
2065933042
2093074836
2065933042
2093074836
2093074836
2121920308
2121920308
2077654470
2121920308
1454660513
2071981954
2066469613
2066469613
1894801413
2066469613
2066469613
2131751381
2026599947
2069236742
2078708224
1968144174
2110301040
1981270676
2138687297
2130638985
2110301040
1982220860
2107212861
1963461567
2116229746
2079129511
2116229746
1504242261
2137302902
2116229746
2098803882
2116229746
1992985739
2075200164
1480282228
1873006133
1709504459
1751161746
1979298802
1967111022
2101702392
1056213303
1690744448
2074600278
2131502461
2085976073
2112237610
1889154267
2134694691
2039284045
2008785326
2080942769
2069906322
2142788856
1691003318
2072802438
1925741205
2135205256
1834499645
2001344436
2055490783
2135205256
1973909214
1979298802
2135205256
2001344436
1925928684
1996661965
1810169933
2135205256
2107276511
1945112594
1751493196
1751493196
2135205256
1845361650
2038644341
2054831034
2131595365
1962374685
2008495554
2108281681
2128711208
2128711208
2105797785
2105797785
1978957773
2112237877
2069993715
2069993715
2069993715
1318013492
2135430650
1953683342
2022335754
1872278488
2139761721
2139499828
2139761721
1826471288
1855838215
1905116973
1926805126
2087888263
1845230448
1625442856
1754801505
1694388264
2141134109
2140539131
2089032178
2143683677
2073983290
2040585923
1173631754
2143934652
1945344650
2143934652
1995616704
2098735210
2134761480
1903344144
2008280026
1903344144
1903344144
2116973496
1903344144
1991254452
1952637558
1937199025
2091950557
2081854597
2134860006
1986602918
2055626767
1896079830
2114242928
1949408806
2036578583
2123422592
1907319883
2060548672
2075891006
2135296625
2062648777
2062648777
2062648777
2135296625
2060548672
1330500145
2060548672
2060548672
2033823077
2033823077
2060548672
2117679369
2047739106
2104722961
2146872956
2125917194
2135296625
2020286134
1528196868
2104722961
2113923619
2104722961
2140872788
2140872788
1996257305
2140872788
2104722961
1696309771
2144401744
2078223368
2083960126
2127563731
1990496354
1887434996
2010880992
2091736636
2144239118
2127563731
1736395741
1982154740
2116197133
1892714326
1870147456
2002824213
2126926000
1834236166
1993642649
1870147456
1870147456
2048171128
2015871823
2015871823
1241149271
1926814303
1860418525
2045609146
2021611502
2132973273
1435945097
2137557913
2132973273
2132973273
1873546605
2132973273
2132973273
-94156371
1740629184
1663891704
1960869159
2085151500
2029376200
858071277
2123782866
1923297000
1221288428
1920057852
1884146562
2145826668
2128023565
2125827923
2125827923
2133255444
2093420467
2093420467
2093420467
1945537565
2145551387
2114334280
2145551387
2081227405
2145551387
2084537203
2136946164
2093121173
1959501257
1660989331
1976284331
2099538221
2083932250
2073615303
2083932250
1781263372
2117245953
2139450910
2139450910
2020401308
2117245953
1927223455
2057068785
1856272645
2109183844
1689587056
2085385559
2050222665
2050222665
2141043035
2141043035
2050222665
1679427855
2009785364
2116494074
2141043035
2028904984
2098765043
2141043035
2053761714
2103532118
2093579473
2131535042
2131535042
2141043035
2131535042
2080373298
2109188557
1953303400
2089130099
2089130099
2076349217
1731019171
2108564307
2131945667
2131945667
2141499991
2131945667
2131945667
2131945667
2131026036
2049643234
2096984593
2090319759
2070946366
2089373860
1842123263
1842123263
1957035248
1937358994
1917116080
2089373860
2056152099
2048269621
2089373860
1761978891
2109906381
2089373860
1932173550
2089373860
2107640477
1643448477
1974466562
1988826251
2078997738
2065427599
1959763844
1869136882
2081386812
1853911099
2059070956
2127044828
1944216084
1662660063
2081574928
1954541110
2090489366
2090489366
1255507211
1866779807
2143821900
2090489366
2143821900
2103578008
2134677468
1949933076
2136239501
2143821900
2143821900
2093219126
2075204613
2008912086
2126389309
2099800310
2099800310
2099800310
2008912086
2099800310
2139279304
1848817801
2143115212
2079983614
2134245059
2134245059
1943096380
1972765285
2124457294
2137072526
1747483216
1861673106
1850768695
1650250661
2055144790
2089264692
1577521947
2089264692
1918617249
1729582277
2096753069
1650201342
2023263845
1671640515
1192198618
2131519458
1799346851
2132974021
2126726360
1849323842
2137761086
2079353345
1996714730
1849323842
2079353345
2137761086
1966138456
2138123183
2138123183
2029753597
2106942475
2057481418
2048228430
2047505874
2106942475
2105643585
2106942475
2133336805
2133336805
2133336805
1870193523
1997624889
2143219758
2009030400
2048228430
2135271168
2020939014
1999508375
2097175730
2143426873
1320793008
2143426873
2092092444
2040370271
2125044113
2040370271
1693280266
2040370271
2106254481
2128783013
2125044113
2128783013
1889407640
2125501192
2138165531
1253731161
2072633047
2123207866
2123207866
2114173199
1971783420
2081418735
2125044113
1994232278
1744712867
1987033536
567991515
1403782438
2114040523
2134249943
2060750010
2133899690
2133899690
2144374586
2140375777
2120620046
2078653176
1962326436
2094311860
2075936383
1631166598
2036936027
2077702749
2089626369
2109651173
2070121200
2032857399
2109651173
1430559606
2118812108
2056686803
2035735327
2099592644
2118812108
2122862221
1936439508
2122862221
2122862221
2122862221
2130462938
2140311679
1708104951
1932249935
2122862221
2087071885
1897994526
2122862221
2122862221
1219702233
2020861573
2119665949
1994259211
2020861573
2060034325
2089626369
1857884837
2070384703
2095870967
2005585957
2011997278
2097624682
2130548761
874815065
2130548761
2130548761
2068303697
2101959421
2070151138
2140923031
1966089964
1852811792
1900646688
1803480791
1887348642
2145923539
2047163606
2119165107
2140100753
2129259383
2030706461
2129259383
2083832436
2069516801
2072392357
2090264894
2137662413
2069516801
2008476085
1929928681
2105247159
1957640575
2131412129
2100695963
2116169119
2100695963
2045257473
2135308484
2101600797
1933263721
2081905643
1280409449
2009757181
1781642469
2077956201
2081905643
2143625596
2110143967
2051319427
1762574006
2138230910
2067838684
2104709952
1644373781
2070044288
2098783464
2069051300
2112438693
2123184635
1940648472
2122150444
2123044164
2032335866
2112577139
1981944487
2083386416
2028445043
1394932134
1491640532
2109874027
1745914289
2109874027
1996452924
1872869667
2004648979
2067166423
2003316925
1909054954
2042849993
2085059483
2115704118
2119642359
1984838476
1936293044
2015334552
2131412169
1954214492
2125770865
2131984542
2006597916
2122663299
2105202337
1964453844
2129210481
1968012900
1953776524
1914677808
2012458097
1871393874
2003621403
2011993854
1121610077
2082903629
1741199627
2122830076
2096547464
2008290029
2083061141
1774070481
2119695716
2119695716
1932060250
1927304345
2079559490
2049612651
2049612651
2110491822
2069845927
2098882867
1778779810
2054147014
2069845927
2092473081
1873399884
1780016596
1986567294
2129305496
1915762392
1066531320
2089036171
2122844579
2065367771
1491241465
2065367771
1840314621
2065367771
2099958693
1979644674
1572734564
2126479049
2065367771
2055318710
1925171349
2065367771
2118006212
1757200274
2081627440
2081627440
2146889900
1955498569
1969614488
2119780211
1322242792
2106807596
2126692284
2075748364
1712146468
2102050063
1963523200
2037192787
1786805155
1733090841
2142135508
1939417909
1981298099
2145135926
2122217114
2122217114
2144592621
2147369406
2122793160
2147369406
2126111184
2000900061
2126111184
1735264577
1612322441
1590113962
2116322592
2079311577
2061275965
1926599731
2002950743
2070303568
2078586977
2045437378
2101878871
1872869680
1675114605
2012020233
1978535853
2101878871
1930433180
2135651637
2058135555
2118291551
1616477332
2097578726
1928857524
2131801536
1906017079
2065420194
2065420194
2105734486
1814841394
2126349243
1950044490
1974406642
2118531494
2117646750
2075384221
2080577991
1981276000
2080577991
2107141112
1754704441
1847044326
2118401425
1750663918
2123308773
2142075405
2145064686
1858915364
2072302894
2001045032
1649327799
2042431221
2042431221
2042431221
2104239119
2087686660
2104239119
1896481192
2109795347
2109795347
2109795347
2109709778
2109709778
2055494492
2124298527
1724139162
1996753683
1919672802
1829383525
2002327350
2002327350
2047660712
2040677268
800138475
1490750191
2093997844
2004004544
2004004544
1803061795
1491492998
2109878497
2109878497
2109878497
1810314824
2127577002
2127577002
2141955570
2127309781
2036170507
1063152078
2133297061
2054605146
2107253436
2133297061
2114056591
2114056591
1840135789
1978476745
2128612960
1886692994
1808470010
1205571959
2067101578
1648896663
1914027086
2127203830
2068995659
2033770533
2090702072
2068441761
2055109160
2068441761
2132755303
1284192897
2075715591
2075715591
2075715591
1884410678
2075351327
2084934522
2084934522
1417992031
2075715591
1322792790
2134403154
2140304898
2104766741
2132094285
1937647918
2075715591
2059917529
2075715591
2059890776
2051438872
2124800225
1984974430
2124800225
2120522848
1167947098
2131837819
2059655223
1892052131
2124082496
1702679659
1376482107
2124324996
2121123666
2011841854
2121123666
2125086141
2029643639
2078561578
2124324996
2088574799
1927464133
2088574799
2088457534
2081353063
2141955570
1658617985
2014029236
1850896710
1937690682
1972211612
2124572880
1374857198
2141655440
2146206258
886803364
2138238338
2137605676
1876068524
1996060108
1659760403
2130833734
1791042233
2051299800
951006246
1892137399
2130833734
1846564352
2113951733
2113951733
2046137931
2077258354
1618314223
2127005816
2127005816
2074400465
2127005816
2096514410
2074400465
2127005816
2114723511
2079443490
2067364120
1932718805
2072601915
1943701463
2067364120
1931238381
2136930036
1934600579
1876279462
2136930036
1848160036
2139506666
1750502072
2139506666
1067094229
2117799603
1975424207
2129604819
2102123097
2054161859
2144154605
2142473350
1948992894
1808306073
2029885490
2127514956
1963615640
2060520480
2060520480
2077541670
2087484738
2104377059
2054161859
2054161859
2087484738
2082846505
2085756362
2085756362
2085756362
2085756362
1262295512
2102834210
2043663348
1988621170
1570038478
2102123097
2130959620
1964866708
1872769635
2000626061
2101378407
2069879728
2135195490
2069879728
1962545546
1956192485
2123735440
2056336928
2069848182
1896934070
2135195490
2056336928
2135195490
2127480321
2127480321
1994978569
2059988022
2114271323
2108811474
1351496754
1865231148
2052439906
2143052321
1965067445
2116831840
1275351909
1802915591
1855315470
2027178316
1800903395
1829105201
2116831840
2018637638
1780116770
1050348608
2124095934
2035246236
2086656999
1985809329
1985809329
2086656999
1171831998
2135304600
2084692082
2025570296
1971399073
2086656999
2086656999
1444730557
2083326440
1992819262
2114467365
2043853918
1954728909
2127330067
2127330067
2127330067
1656009290
2108703091
2108703091
2088108459
2071144629
2004894298
2142369226
2088108459
2026116993
2090192987
2088108459
2129126082
2088108459
2087581706
2132609342
2041885679
2087925327
2001156185
1844851510
2124499280
2028529544
2031657670
2108717341
2146219927
1917738385
1936664444
1537282275
1413562851
2041885679
1874410095
2085868279
1675650158
1727055085
2083547124
1819074182
2052079504
2071014212
1765108699
2082351562
1917052014
2082351562
2111337637
2082351562
2069592282
1859258906
2069592282
2069592282
2075937848
2011717036
2011717036
1755829891
2096437359
1898858735
1992586016
2112237398
2119774762
2043736877
2006420268
1999526668
1701334644
2112237398
1938350446
1928831371
1728633218
2112237398
2112237398
2097757387
2019789222
2084296102
2047754374
2049450859
1977272540
2046347936
2134132288
2142116990
2133945406
2133945406
2128605314
2128605314
2113694937
1991471615
2090103752
1838727629
1669531606
1047626747
800751939
1717914502
2104958816
1953456480
2145467808
1176857254
1633370157
1739510628
1833946017
1999173718
905437610
2133638826
2111576252
2111576252
1711866820
1826009099
2140890130
1966731139
1867958686
1867113279
2064681863
1906320120
2130016464
1874530938
2002550464
1990763971
2128090854
1971089929
2139216370
1907481868
2139216370
2109762846
1955620541
2088357402
2012867942
2088357402
1967135342
1848831809
2062187778
2139216370
1402697789
2139216370
1604608304
2093968948
2120266268
2093968948
2037627309
2105777697
2093968948
1972128686
1123564363
2139216370
2109845743
2109845743
1595769034
2016958965
2016958965
2045585446
1221387112
2064023154
1894473016
2064023154
2069084866
2133631303
2127139586
1757806158
2104799982
1718936680
2108762183
2140158206
2033550833
2143948034
1888435141
2112340176
2134153483
1726890000
2112306256
2059370073
2068276690
2110822191
1984607570
2040541954
1672050914
1631577256
2120904270
-67751826
2064914554
2093196892
2093196892
2078934952
2078934952
2078934952
2078934952
2078934952
2078934952
2078934952
1367746040
2050914848
1655520010
2050326639
2133162522
2069175874
2069175874
1877897110
2128875834
2069887024
1920063535
1568893881
2072423779
1924414563
2145134893
2145134893
2088482892
2145134893
2145134893
1999719690
2112772118
2004726072
2079336695
1616669227
1872772300
2138253546
2128038536
2128038536
2138253546
1919502695
1722949814
1929482673
1743461917
2045810315
2097291014
2138253546
1998606560
1932008697
1957960472
1643950130
1812839445
1957960472
2145758588
2113621350
2113621350
1823558042
1985783265
2113621350
1988400063
2126803901
2137927237
2003193874
1850661866
2032825015
1753652979
2056767367
2003193874
1591477040
2084017815
2100703376
1648035778
2145877636
2105129943
2145877636
2145877636
2129192075
1986081202
2065599747
2145877636
1942161728
2145690347
2145877636
1986081202
2065599747
1909029139
1845479888
1936682776
490692558
1774005216
2111403237
2117225103
2075064411
2089863169
2056516836
2056516836
2108489701
2056516836
2056516836
2077267530
2130474294
2068502708
2127423454
1994077379
1598293426
2068502708
1895211237
2140258437
2102814398
2100981328
2049212594
1964147727
2049212594
1990540356
2140258437
1790444902
1909367204
2047909171
2010405572
2131718744
2131718744
1574744109
2036214494
2105924980
2127967080
2134330286
2105924980
2132139863
2010577240
1927934249
2074012201
2103676192
2081471520
2103676192
2103676192
2081471520
2111264273
1526421118
2101784078
2101784078
1958860766
2037555541
2124819868
2080991111
2113478867
2124948247
2040102002
1836437419
1938577491
1982424302
2138558384
2127927078
1584526627
2045102405
2124948247
1900323916
2101535093
2137669698
1881512003
2127927078
2043887692
2120648149
1911505536
1606853780
2131265966
1597057576
2056947636
2140480837
1978912228
2145585143
1905032486
1987445866
1971438259
1633606800
2089573231
2123329246
1993484795
1397352751
2103160636
2121996343
2116888827
2115095081
2122425422
1848252817
1950166949
2098520398
1914651765
2074371882
2104726654
2014302777
1695831651
2071529351
2126446379
1919417886
2099916398
2008005980
2088738806
2099916398
2145829641
2118969400
2107695004
2069445123
2100120384
2130411770
2117318211
2079632358
2025172365
1756810682
2145193945
2041597156
2007440862
1574237853
2068939426
2078446375
2108284682
2081462853
1810557235
2001647723
2127120415
2127120415
2127120415
1981299840
2141196447
2127120415
1951817984
2127120415
2075117930
2101030166
1793495119
1708563512
2083611322
2089019502
2028392391
1863978133
2037339178
2127007622
2133165160
2133165160
2111654162
2111654162
2111654162
2111654162
1618487051
2130411770
2018780949
2117527528
1984910677
2134204546
2062840654
1731804836
2001136183
2094855408
1917699601
2096318285
1970691170
2147392647
1995204129
2006761218
2000373073
2130411770
2104966229
1863126891
1436840775
2121456021
2121456021
1868103146
1912505088
1853364465
2059252797
1940531430
2059252797
2059252797
1743543429
2059252797
2124265360
2059252797
2124265360
2124265360
2122172937
2049098484
1872146896
2139900276
2139900276
2129625419
2139900276
2129625419
1928575255
2034648051
2084225312
2067466316
1953668219
1806872604
1896943670
1141678351
1299741196
2083774032
1366849866
2069463196
2030270341
1995949577
1961295197
2094162944
2094162944
2069463196
2034047730
2139874715
2129621892
2124968271
2129621892
1929650717
1874482695
2006366434
1944458114
1726881906
1769054263
2006366434
1385219434
2146199526
2020690123
1751007740
2040747495
2084870665
1959379270
2088153440
1568457237
2048040128
2086547769
1789744307
2088329927
1920864868
1607155287
1971029949
2096480671
2096480671
2140522269
1842666268
2060126359
1708821385
2073350188
2114934712
2059854627
2119582931
2119582931
1837097410
1923585713
2063823375
2063823375
2063823375
1615829185
1999342642
2147340918
1942605186
2147340918
2147340918
2021416974
1893936484
2083383411
2083383411
2113361696
1923427673
2042595234
2079613618
1826127067
2069392515
1373820190
2079613618
2079613618
916083521
2079613618
1701207914
2079613618
1673210306
1521328074
1937988057
1917329949
1552912497
2132988942
2132988942
2132988942
1846641898
2015866500
2079091215
2071171209
1737863807
1831937346
1949001165
2050784065
1507797801
1449318673
2012504098
2015866500
2132053981
1742053412
2015866500
2027496556
2095158930
2101894010
1612794994
1949128066
2071368924
1831460406
2061498291
2135841578
1849578907
1876107432
2048421590
2030901332
2126676753
2099275599
2033350624
2074981883
2030901332
2030901332
2030901332
1845690831
1148310924
1807501188
2087044105
2024817124
2126279247
2108907961
1636745854
1907306906
2108312175
1848068092
1981315460
2139340704
1981315460
2139340704
2139340704
2129440570
1999828701
2106588750
2140440643
2026759271
1993209702
2097245211
2110821619
2111557441
2130162736
2095126883
2012420560
2006732389
2128875720
2101683983
2023825634
2113906754
2128875720
2018174654
2088861731
1950951340
2114530856
2093672015
1843551771
2067804517
2100792681
1164011207
1989094156
2130786935
1989094156
2130786935
2038463404
1792228821
2130786935
2137306792
2137702297
1831604960
2097185174
2121469421
2121469421
1722230601
2121469421
2137702297
2137412622
2086721149
1958068397
2137702297
2085356807
901959398
2085671098
2079177938
1970395006
1258806271
2137702297
2135775607
2135775607
2103549178
2075128942
1981908901
2056676717
2047223762
2096963639
2139081772
2139081772
2139081772
1968223796
2139081772
2129890812
2139081772
2139081772
1247280073
2129890812
2116338877
2129890812
2044501159
2138698097
2025580155
2087831962
1998069943
2046745748
2077189297
2129771602
1872136034
2132768233
2096395786
2131195119
2129771602
2132768233
2132768233
2135736757
2135736757
2137391207
1770981049
2093135176
1397849535
2059737185
2132768233
2132768233
2129771602
1948999434
2033056575
2084452499
2121548674
2121548674
2074327488
2115526805
2115526805
2002216380
2058035215
2129976516
2129260119
2013108243
2101525180
2085894478
1078209333
1638142580
2091882410
1638142580
2023329625
1932171783
2097085653
2104963278
1677000334
2096117471
1692693315
1651048634
2092570626
1765358805
2134401441
2125126685
2077040806
1765358805
2046226682
1931047924
2044628804
2086558597
2109709954
2039543889
2044628804
2097693545
2096336723
2117849239
2110728491
2118103121
2097439630
2097439630
1989377173
1966235994
2115124273
1809925994
1995172044
1936442946
1974724438
2133400952
2122590801
2091695850
2024256156
2043044764
2145483802
1479135257
2041055183
2119288770
2119288770
2044383825
2119288770
2082906783
1995490800
1880997458
2007255507
2144879411
2144879411
2125520546
2015938716
2086390341
1993225217
1717673181
2132838087
1946794024
2088809313
1687480776
1973544397
1973544397
2146262117
2026116533
2025187300
2122057827
1933925604
1935272306
2039344501
2124250971
2125978184
2125978184
1673327115
1917904020
1951723961
1968459880
1485244239
2136436579
2146045745
2146045745
1787516158
2076180938
2076180938
2089416324
1936422819
2115668122
2139477526
2076810901
2128172838
2128172838
1762431531
2128172838
2125173513
2125173513
1823029406
2120157333
2123113545
2123113545
2098123267
2123113545
2098123267
2139410720
2123113545
2123113545
2123113545
2142524900
2142524900
2142524900
1873671393
2147037848
1902722713
2107370047
2107370047
1977397664
1882418969
1957836272
2033571399
1787842349
2030639814
2110560817
2110560817
2110560817
1830975812
2110560817
2080017382
2110560817
1966007780
1844888679
1869329718
1655857400
1874320386
2104757820
2104757820
2104757820
2106861953
1953167490
2106861953
2042346922
2104757820
2139387512
2104757820
2142040628
1736515431
2080276303
2080276303
2080276303
2080276303
2124992684
2124992684
2124992684
2124992684
2124992684
1752688939
2049088769
2103045298
1907804112
2123467412
1717763501
2141022803
2118461841
1755987929
1949384309
1370287076
2022261561
2008832441
2134092541
1606052438
1756539450
2041677008
2088838854
2141523946
2130354630
2130354630
1871477388
2103432502
1829604388
1937446803
2115751264
2133931096
1837985728
2092315624
2115751264
1860829802
1941003900
1455876780
1956407742
2128798828
2044680372
2090664267
1800728634
2030414281
2116503700
1992088792
1948589074
2097471197
2146948333
1842356436
2054998040
2129564167
2054998040
2079692362
2048532053
2115461363
2069431990
-585640041
2141447477
2047842895
2088099914
1405960783
2134792966
2052163453
2013378002
2143480335
2081022074
2098771065
1958497668
1907389964
1907389964
2084081563
2084081563
1754033509
2060866205
2078225182
1865487221
2084081563
2078225182
2084081563
2139635496
2117116037
2117182537
2048517566
1928950678
2134333957
2048517566
2021070136
1989110242
-167281079
1824896889
1700550754
1705075295
2041996403
2055817365
2094394557
2119406868
2059386039
1988495051
2109519288
2139548153
2132357547
1971608536
2101808525
2110519287
1425961981
1462191704
1462191704
2035542182
2144729515
2087540394
2132814017
2004531651
1987994741
2069588340
1918817216
2127812733
2127812733
2034168213
2127812733
2054893976
2052700438
2056151894
1862638292
1957380880
1928870322
1797862782
1811182376
1979332198
1771014058
1369101457
2104474402
1295535481
2104474402
2104474402
2021618894
2015284483
1751294613
2132011860
1978862095
1472072773
1933402698
2132011860
2022882131
1933402698
2022882131
1989442468
2050981721
1860299184
1730562826
1856005551
1939988703
2037788157
2132011860
2147481384
1859777857
2124301974
1859777857
1450207399
2097866044
1625825367
2041405368
2128740524
1774578261
2100656683
1905927583
1933966184
2139935969
2066693772
2095665564
2108113544
2063833300
2131327554
1366295303
2132011860
1748362230
1813001159
2080537364
2105560731
1473484566
1912982345
2142596326
1719711752
1639104862
1932633050
2119419768
2138209901
2121353762
2115536202
2011459955
2121353762
2115536202
2115536202
2121353762
1977706525
2025244003
2011459955
2115536202
2127010235
2111115097
2115536202
1737368491
1826495680
1999081701
1848007221
1561315138
2050538943
2050538943
1650034335
1983893859
2016182796
2016182796
2145076898
2020169513
2028839039
2091768169
1618889638
2138558275
2138558275
2138558275
2138558275
1651056969
1604502030
2094446001
2111776336
2102209519
2137043480
2137043480
2117292098
2137043480
2117292098
2115652000
2131932582
2115652000
2115652000
2131932582
2101632501
2104355532
2132184880
2093568517
1852746810
1535902796
2104355532
1698207334
2119309756
2093568517
2093568517
2104457637
2111776336
2125573963
2139096181
2002102755
2107038312
2127805654
1248441651
2022525233
2075926987
1894220012
1755232208
1962916293
1965505792
2058049695
2075926987
2036247393
1965505792
2047584355
2109830782
2109830782
1770830156
2096776142
1876572071
1880336988
1560488509
1811115990
1951853251
1639776641
2088884261
2146279101
1587335013
2119370470
2107139991
2107139991
2088025606
2101188411
2001611873
2084274104
1664896090
1831212996
1998631674
2053247467
2053247467
1871516943
2037117372
1816901150
1914485809
1964328773
2098011186
2102529310
1936069071
1794441583
2035997549
1853794642
2147051027
2147051027
2102529310
2102529310
2032355048
1977443821
2102529310
2102529310
2049649167
1977443821
2019715474
1725949389
2122547543
2116271506
2116271506
2140373527
2140373527
2100409320
2111052506
2093577348
2093577348
2093577348
2125940235
1943884029
1972875162
2116271506
2079520795
1326169177
2084220795
2062631530
2111052912
2126611768
2100310563
2111150145
1972710080
1843567271
2022190556
2030649880
2069016534
2069016534
2067617581
1967322452
1613997046
2018509449
2053531011
2138323925
2138323925
2138323925
1676246965
2138323925
2138323925
2138323925
2138323925
2084001871
1910060703
2124605158
1928700286
2098287753
2063585587
2094850195
2118289605
2071302717
2104868266
2074685750
1892267756
2098668141
2142298045
2142298045
1809688263
2134945695
2113873727
2140034151
2140034151
1551755354
2072447073
2140034151
1842061057
2129682640
2133052029
2019419816
2104098201
2070929316
2070929316
1950115472
1950115472
1996231880
2003120616
2114540146
2003120616
2066940409
2042120617
2042120617
2129060983
2041669413
2059788135
1835119452
2063830053
2101039973
1968348965
1993335754
1866295100
2017499745
2012301678
2145866272
2051083827
1847447093
1899466681
1593276192
2138148959
2088380375
1952275533
2038237084
2139830711
1955840017
2124162699
2026639603
2084959693
1805286777
2095671757
1921119902
2030726237
1767949512
1999744192
2014317708
2014317708
2070196721
2095666516
2034546503
2034546503
1935929527
1999744192
1999744192
1531285622
2034546503
1978667490
1999744192
2051108798
2091198895
2114132094
1999744192
1999744192
1999744192
2051108798
2143245834
2136376686
1999744192
1999744192
2122798079
1999744192
1999744192
1874493557
1999744192
1794144733
1999744192
1934144418
2145369260
2108778551
1999782379
1841983982
1975050312
1975050312
1992899034
1265006686
1975050312
2116577676
1982631758
2018277520
1351222511
2126329980
1982140971
1745804634
2018657454
2119260853
2083791675
2080742084
2130773298
2130773298
2134639814
2145667150
2111337631
1826657720
2054532725
2020741103
2105815480
-329383238
1992168735
1830767071
2061820226
2125772261
2132694446
2100005528
2103900360
2103900360
2086847859
1764068360
2144963584
2086847859
1242453617
1426127162
2121618730
2121618730
2121618730
2121618730
2088986738
2027131697
2145621946
2145621946
1598425011
1287996024
2083296886
2072050532
2083808936
2072050532
1889782250
1694801426
1711540563
2005376461
2005376461
2106616273
2132942938
2059790524
2106616273
2106616273
2053803689
2102205654
1898275872
2120449884
2062293492
2048067171
2095384429
2123538677
2131718372
2010055928
2096365885
2097731451
1389406064
2112643630
2130640083
1536392408
2139984216
2146615599
2130640083
2130640083
1886305823
2099311423
1929164936
1975956693
2031062238
1975956693
1963577170
1938744182
1835677972
2129194624
2129194624
341771026
1994669192
2121709119
2131975008
2121709119
1628346483
1742312203
1950909537
2102545066
2120293048
2099979232
2042624887
2084476835
1802634465
2013865039
2075368097
2123339337
2042084186
2051853727
2099301291
2063819284
2127454508
2119137645
2135313533
1970413265
2103751597
1817958132
2077938789
1757108033
2106495657
2127454508
1818763905
1851364184
2135818439
1928535065
1626758031
1744957391
1894026640
2052162920
2139491983
1993397050
1958151225
1958151225
1866313408
2026684486
2085788862
1125812956
1991632570
2109790325
2109790325
2017331617
2145535195
1428478218
2136600506
2130691541
2035730758
1676344115
2038058527
797622579
2086439978
2003481381
1976400128
1976400128
1563984969
1989941263
2020003952
2008730368
2008730368
1958747468
2019854514
1708768803
2126955839
2110433345
2052873725
2128926286
1922810732
2128926286
2123437373
2128271534
2068182889
2068182889
1902685539
1860857428
2084101852
2112186521
2131480560
2124912077
2137058285
1536785930
2117302854
2128205066
1671379610
1207033746
2046336887
2046336887
2105319854
1939397401
1930757919
2124912077
1962521280
2144141893
2013597688
2144141893
1888110434
2118014318
1860647121
1985395800
2130673628
1707382851
2131021140
1956368471
2142748878
1757395312
2146247156
2081478015
1717150658
1857576811
1937848842
1073089751
2110034031
2098642043
2059413816
2089033312
2064879084
1947408081
2089033312
2071003914
1936816387
1771763356
1752109987
1834789578
1964038030
1552583417
2079586759
2115324575
1948219015
1979101397
1861159587
2100310670
2017620653
2088060259
2017620653
1898141985
2095039366
2133759756
2133759756
2133759756
2132598101
2051806134
2142665193
2003583687
2146676479
1948662082
2146676479
2056453077
2096141861
1742040701
2085247514
2085247514
2085247514
2145825986
2136756091
2074525070
2109151122
2123113458
1319302256
1588473911
2071332728
1797528957
2070737774
2047613472
1752330227
2142992477
2071332728
1999821947
2071110491
2058005515
1803906875
2128542059
2128542059
1266021981
2089808579
912396152
1943247921
2101952909
2025535601
1757364786
2047916976
2121029397
2101952909
1794798901
1921987210
2003047974
1976458126
2107699560
2053930131
2079511064
1861914279
1824419534
2114720324
2051588425
2039539841
2118566395
2030365345
2039539841
2078458453
2038193300
2145563431
2106655275
2106655275
2119199372
2009068078
1887716338
1484492939
2127925525
2125302137
1484492939
2114449837
2034416797
1988568592
1944487227
1853451848
2135432521
1342536413
2135432521
1999889660
1971046963
2094136324
2117181432
1738124102
1854549923
1970887203
2099404332
2099404332
2143118619
2050055313
1749404476
2071251689
2146781392
2012007528
2031799411
2093670761
2012583457
2132677692
1667736620
1939476677
2118704165
2132874127
1991856669
2112967358
2098872486
2112967358
2112967358
2112967358
2110363656
2124449587
2139927686
2123557198
2123557198
2050072774
2086708947
2050072774
2054479134
2110363656
2029974974
2101873290
2041282043
2101873290
2101873290
2101873290
1821778053
1303019836
1746472261
1989280195
2104601740
2050059581
2050059581
2136262262
2136262262
2139425951
2136262262
2134024555
2113351053
2136262262
2062624710
2140491328
496261632
1471103505
2085307894
2133632311
2133800674
1894574733
1734039353
1709721605
2146184142
2128267349
1805144095
2146184142
2132494498
1924847625
1950809634
2074504948
1166134161
2147347951
2128256036
2021470777
2074504948
2065760510
892275779
1983819419
1983819419
1824426719
1982057130
1874357018
1983819419
1921452782
2127060368
1661426871
1687379491
1731453264
1720095342
1924884532
2118501864
1893238682
1930890692
1799858499
2103710049
1956355643
1955316544
2114751895
1945168578
1989421252
2111101334
2064904172
1509299275
2094022020
2082807625
2095708106
2118704165
2102993876
2139030827
1809781895
1859595384
2116313923
1885342591
2031439003
2117997799
1863090253
1897230675
1821566276
1967927568
1897230675
1638470866
2052409421
2140988211
2015413547
2145779625
1091287545
2116313923
1897230675
1659590024
1946973781
2106944812
2093267489
1161112906
2081216125
1802158717
2129931538
1857413486
1923756765
1857413486
1901091613
1857413486
2083882421
2117110303
1924086189
1933394139
2099157717
2031683703
2046274851
1927678088
1957581932
2030649806
2103213324
2143939594
2020741418
2112838328
1660741348
2126051184
2095205129
2087510627
2024538503
2085185060
2053622972
2143939594
2135732369
2094616775
1491570296
2135732369
2141341146
2091001797
2114028546
2025938280
2143939594
2143939594
2145910341
2094486085
2123684630
2145910341
2091001797
1156968978
1898514647
2123684630
1856266445
1931967597
2011877855
1879553828
1964475101
2116886693
2116886693
1876870573
2068453592
1651895514
1437470244
2096658009
2092889214
1774637155
1968196745
2105531384
2099149858
1072141511
1815003931
1905272277
1990746773
1869437597
1905272277
1990746773
2056384670
1982796863
1834660813
1675101163
2088647139
2072064598
1639503347
2130325969
2144373993
1428499627
2085499513
2079150796
2087217970
1972628628
2087217970
2053885462
2126246093
2124611351
2124611351
2124611351
2124611351
2025820835
2106670085
2094968623
2113975525
2074711836
2044819718
2044819718
2044819718
1901690121
2136941742
2021491715
2069401305
2067315300
2123890619
2117920375
2044819718
1901690121
2090670002
2036009731
2088352423
2040397917
1199457537
2040397917
2119617487
1909965414
2032900164
1629343265
1801407013
1938840570
2113767423
1837883286
1907115535
2093547788
2025616360
1514006865
2118049399
1753103676
1818845502
1825687013
2039962536
2132931965
2145911309
2132931965
2011379086
2011379086
2114933107
2011379086
2087788047
2088352423
2087788047
2011379086
1757665379
2087788047
2129888180
2087788047
2095355718
2011379086
2108107582
2108107582
2108107582
2145499103
2080167991
1770928648
1168376752
1307029880
2047788221
1911192208
2103354138
2061974118
2062707071
2067387484
2047788221
1640527941
1975368107
1777315915
2061974118
2067387484
2134692943
2145037096
2030397634
2118704165
2074634492
2131601303
2011841198
2142333695
2131601303
1129200291
2131601303
2121378732
2133684892
2117742688
2131216416
2117742688
1726184728
2088598814
1928528709
2093148283
1906485517
2093148283
2093148283
2114755583
2093148283
1736461406
1824503776
2070265893
2141685354
2137650377
2049715471
2088565484
2081421961
2049715471
2141685354
1836539100
2141685354
2049715471
2104636236
1941025695
2107010339
1057416069
2107010339
2127182397
1343036950
2123900633
2055607738
1790687081
1773358444
1495239685
1953170218
1954958448
1915203916
2133885859
2024962530
2023032056
2023032056
2124494154
2113187812
1371219932
2096706466
2031206025
1593163043
2031206025
2050343702
2050343702
2050343702
2142696862
2080604295
1964676952
2086767895
1958680677
1912181447
2004186219
1401310640
2019336557
2110953519
2146341508
2024674980
1830761721
2123349928
670516004
2118257425
1952504740
2123349928
2142696862
1898798903
2045443392
1927853189
1553093907
1688327008
1550047531
1972411716
1967707057
2062926533
2129606574
2095954657
2084955216
2132322853
1972411716
1283802525
2132322853
2088546105
2147372426
1964369093
2088546105
1896268534
2033674864
2078381529
2140602703
2138934866
2138934866
1118277800
-329340638
2078976829
2042982125
2042982125
2042982125
1797805795
1797805795
1516239107
1966214941
2024514820
1797805795
2032925601
2023971440
2032925601
1878096821
2113902856
2106779794
2106779794
2112773700
2134829445
2106779794
2008522459
2085302685
1431782467
1800007075
2081359383
1833486546
2098805689
2006658785
2006658785
2087059592
2036145411
2018477033
1937958011
2060334174
2130448717
1537655385
2099823173
1906245499
2125424306
2067672609
1784188613
1904600721
1925242508
2094284711
1747381926
2084862519
2048865430
2064785889
1958885262
2147081699
2082398413
2147081699
2115310462
2115310462
2115310462
2115310462
1837912923
2116198565
1960086373
2103896348
2111043013
1794730899
2022977253
1984607092
2096686421
2006797195
2144886898
2131485872
2009937304
2061234249
2131485872
1434665759
2132998528
2117056216
2049578733
1411623488
1736105071
2083339053
1844619077
1859540465
1859540465
2125458463
1905024618
1095757794
2008265881
2134029329
1942595305
2050621809
2101596963
1783444778
2008265881
1968883214
1826468815
1762775569
1783444778
2108920501
2071732133
2001211787
2119832942
2130145938
2130145938
2119403225
1976010535
2130145938
2130145938
1918270183
2127610729
2097459146
1825206805
2107904730
2142347002
2109319085
1901296375
2142347002
2121814191
1795459352
1553543315
1982718837
2018140645
1930512758
1668699643
2121285079
2066925204
2135733839
2029387743
2112209536
1627043839
2041337738
2026112207
1677080281
2020649243
1728404045
1509279087
2121317835
2138058523
2097265190
2121317835
2080533065
2116938197
2121317835
2121317835
2010658429
2048119750
1923334956
2048119750
2137644333
2121201869
1821753939
2121201869
2121201869
2121201869
1567516903
2092256744
2092256744
2116590471
2142332796
2132436072
2117947583
1773547325
2098931615
2114741489
1144783699
2130901087
2078782832
2098931615
2146625998
1917669403
1895648236
2085390343
2078782832
604177412
1663624450
2047689627
2111552822
2132811606
2132811606
1358444045
2132811606
1803906295
2087829530
2111136095
1294853246
2063396598
2098665253
1884993961
2138806240
1858150171
2111136095
2096205458
2096205458
2096205458
2139281011
2075180694
2009281536
2013728922
1993367883
2046928703
2080055858
2114116951
1814667168
2141736711
2052434896
2064149788
2058369952
2116339559
2125613460
1652559371
1585757689
1974471959
1926487877
2026755019
2135574715
2098202813
2097379954
2097379954
2003144629
2118160471
2079805637
2063046846
2085122160
2140158504
1640662996
2078330226
2135574715
2118160471
2135574715
1299684346
1394183915
2133618407
1962791630
2090199978
2008289543
1786484893
1920687340
2125013449
1887273135
2141716492
2141716492
2141716492
2141716492
2141716492
2141716492
1786926061
2123384936
2123384936
2141099210
2011075064
1753592150
1278322709
2047030340
2139774667
2139774667
2086643444
2074882793
2061748155
1994472983
1944651534
2046692954
322011072
2137726964
2096621455
2058653113
2122241079
2120503059
1942804095
2058653113
2124919075
2109860327
1885549933
1668341435
2142689142
2004116970
1610377991
1829750539
2130905302
2098098765
2078299216
2078299216
2078299216
2012419254
2031715892
2078299216
2012419254
1867937667
2080630297
2121796116
1372835736
2009017525
1904076012
1726597763
1649805248
1506497177
2131098089
2069971852
1350410768
1942894179
2101695956
2139231000
2101695956
2113059370
1888620841
1896903613
2090012672
1494100810
2050930739
2023745163
2082898858
2016311694
2030858792
2047572200
1788516809
2047572200
2117969379
2117969379
2117969379
2117969379
1826038989
2126378071
1826038989
1944928422
2130789738
2130789738
2146723409
2005691453
1937253676
2132913818
1802861217
2141486214
1922698208
2053955380
2065804471
2141353668
2090575300
2090575300
1964960300
1931240743
1822101527
1875616439
2071845720
1977038093
1963237710
2111750434
1996278113
1888786063
1982792221
2136197417
1928634592
2093402437
2136197417
2044891452
2143440315
1786353300
1865710316
2056700682
2133473779
1871031169
2133473779
1873450080
2063092378
2124670262
2111812375
2124670262
1340938505
2132689487
1632603490
2132689487
1968453833
1972200037
2132689487
1654664907
2132689487
1968453833
1819314141
2133770660
1945196731
1945196731
2133770660
2133770660
2133770660
2133770660
1936342001
2061303847
2112206468
2112206468
2095234809
2112206468
2083563342
1924303984
1903184328
1929483166
2130217587
2030457284
1973454823
1993965085
2130493147
1967787437
1725784608
2045698279
1570049898
1374291740
2078007933
2114526119
2141961263
1567604253
1384059632
2092368586
1883922216
1794745257
2119215399
1966633960
2075151687
1613976672
2075151687
1815071151
2135997787
1890232213
2135997787
2059259657
1905476588
1793659211
1943072267
1932942114
2008386167
1999069681
1669959454
2024122556
2010984199
2109803474
1852699565
2124592615
2027918410
1847618360
2127860514
2064107638
1890484091
2127860514
2136370406
2104752820
1841035892
2090302617
2034604967
1999108035
2090302617
2023312848
2046839103
2019007381
2127860514
1740844853
2145367241
2127860514
2035548104
1852175075
2082974390
2082974390
1787300605
2137226514
2098230945
2094986509
1982414553
2094986509
2012656631
2094986509
2110916155
1885351187
1185731004
2119434479
2069295518
1885351187
1885351187
2114599120
1954437459
2067843496
2130903273
2095771673
2113111426
2009736689
2122753855
1827754691
1928984364
1930211420
2015509183
2024065814
1758036971
1463712251
1951031048
2120084993
1720376991
1944023331
2120084993
1990695585
2124250959
2127220213
2124250959
1682608504
1914750802
2133643004
2033498452
2004313039
1616518291
2047561708
1677623279
2119649567
2015397178
1614380843
2084459506
2085991526
1902560610
2063164810
2066309223
2088860167
2125758486
2125758486
2141168974
2125758486
2063164810
2114108900
2130368537
2123852058
2063164810
2145434836
2125758486
2060115575
2105570259
2129788583
2052951715
2105570259
2121811688
2140796056
2105570259
2040123233
2018774378
2142888237
1954891923
2033938091
1265674525
1624349336
1937681979
1674685558
1949300287
1954230735
1914537575
1928636164
1928636164
2064160996
2008620444
2070580592
1974546692
2143807486
1468573906
1867132844
2123744195
2144806419
1911243691
2123744195
2107384983
2144806419
2107384983
2016883262
2132979201
2079281080
2107384983
2104740212
2008274863
1579574355
2139556854
2008535169
2021273691
2099637277
2017959583
2017959583
2048867204
1954751433
2095268693
2080629900
2102199120
2102199120
2101210537
1910803063
2104445644
2140054509
2138662156
708051147
2138662156
2140054509
2140054509
2097978319
2057129329
2140054509
2138662156
2138662156
1676366283
2077371107
2057429153
1806121943
2088721258
2132593468
1909294380
2042928280
2055882406
2083677828
2055882406
2111245852
2036193508
2035025393
2030605802
2122828161
1123108201
2122828161
2122828161
2084670519
2122828161
2073860474
2012821951
2012821951
2045097463
1558302431
1972956403
2096145023
1728393269
1135110065
2121839990
1967128743
2132175722
1416333506
2119837459
1691261194
1910833605
1991204664
2135040269
1984315996
2137232227
2144790813
2137232227
2073264706
1872659027
2133591223
1872659027
2025692160
2045541558
1943743606
1253406552
2146284682
2045541558
2138141067
2138141067
2106311077
2138141067
1668925827
2001756251
2087733869
1891769056
1457404288
1928288761
1612930980
2095327535
2042163184
1501411620
1891368582
1847407340
2139271713
2138470426
2145638393
1953692707
2146868677
2128002004
2108955814
2128002004
2016566799
2134224934
2101824586
2128002004
2128002004
2128002004
2016566799
2016566799
1766858950
1506265194
2137014961
2019544379
2136268257
1995000373
1985875511
2122745439
2133892703
1850515789
2100756221
2133892703
2045790403
2119577896
2096707204
2043369161
2133892703
2143144332
2125797982
2006649181
1958167188
2015192329
1920111335
2005713990
2132941476
2031643195
1741398157
1023493959
1883336688
2040747837
1896385584
2073388530
1949060614
1648362655
2038497226
1840536436
1957007098
2139154872
2008308060
2143074143
2101844438
1975675231
1975675231
1975675231
2109633442
1886369931
2000544316
1920906142
2112622968
2076649965
1765867123
2090629215
2090629215
1765867123
2016064938
2016064938
1708272733
2090629215
2090629215
1045279762
2016064938
1940449187
1825531652
2016064938
2031375526
2111186679
1807183691
2007619375
2065506502
1912488582
2132049345
1976610910
1987316182
2091316891
2068883112
2052552381
2109072959
2132641568
1847432676
2051549107
1952481358
2127549211
2107981988
2061826054
2112625299
2132099107
2097764586
2144965381
1980975151
2105909851
2120096637
2120096637
2095423336
2120096637
2120096637
2144219650
2101199887
2107845478
2107845478
2137605459
2137605459
2118868902
2005678102
2126039552
2005678102
2080957590
1957117932
1653590310
2137605459
2137605459
2137605459
2137605459
2137605459
2137605459
2099834043
2022448692
2056301309
1910328625
2069825065
2074711636
2061917560
1982002846
2142257255
2061917560
1630958719
2072375745
1812383955
2142257255
1979060029
1911917579
2142257255
1786184790
1986652919
1999743074
2094689113
1896052390
2142681312
2140885471
2067737684
2044700390
2017598793
2020920802
1972414869
2134434856
2134434856
2067595412
2097079999
1728566956
1997506607
2140694719
2077113871
2059665248
2018411001
2122489152
1899246713
1901562234
1522315271
1939187488
1778493082
2146036379
1521811081
2124312649
1948373506
2051903327
2097597650
2102543421
2102543421
2115388123
2140861092
2102543421
2115388123
2130603805
2117772203
1927314499
2076173512
1947444207
2092806259
1988210806
1953175863
1702789491
2068744239
2115388123
2035531164
2035531164
1707448806
2079892821
2124301951
2097603583
2139464476
2117735038
1764356790
2077484902
2081950172
2121998186
2126367762
2047271779
2084640640
2123512870
2145409045
2074232680
2037054503
1969580592
1997110310
1920677066
1920677066
2073036340
2135840885
1869539342
1973523288
2140241319
2140241319
1943507840
2112599079
1885732873
2112599079
2112599079
1805532599
2102002360
2112599079
1943352566
1968950952
2136658376
1939774565
2003323782
2014706955
2006398742
2014554417
2110780207
2122329614
2047459534
1973316285
2053411193
2050700367
2145266347
2145266347
2145266347
2145266347
2145266347
1998598489
1690439227
1313012933
1803856568
2114189680
1833689165
1940404515
2065042877
2059758765
1961284688
2068587474
2072287730
1596114962
1946851149
1392530342
2098753826
1718200771
1718200771
2098753826
2065034359
2107621435
2107612812
2090584657
1778940618
2107612812
1686235942
2137418997
2108097214
1966238999
2133376955
2133376955
1527534912
2133376955
2145721876
2128365125
1822167280
2098990521
2039622766
1846095423
2106098690
1301414654
2128931055
2124277224
2061570745
2061570745
2061570745
2029653309
1946347040
1895871263
2044162209
2138560589
1996498390
2138560589
1668566314
1865261588
1472063493
2031521416
2113905452
1666926950
2113905452
790502783
2067695471
2067695471
2067695471
2083971118
1779906543
1971495809
1953429047
2081833952
2081833952
1855536333
2127889771
2067771770
2136114702
1742756730
1912844893
1837797253
1953076748
1953429047
1726588031
2110341245
1756335609
1786705445
2097033055
1988353792
2098525668
2122101763
2122101763
2122101763
2122101763
2107305557
2107305557
1830046964
2109154112
2115996900
2109154112
2082154347
2082154347
2143711865
2139974355
2114775997
2114775997
2126820506
2067948805
1666909160
2090423871
2072962531
2090423871
2090423871
2014631933
2072962531
2075430337
1821932090
2016217552
2010043950
2088865344
2079444407
2079444407
2088865344
1425215825
2088865344
2016217552
2099884521
2088865344
2136998191
2006144952
1930056687
2099014241
1639108505
2112276139
1574257822
2060558888
2072877090
2072877090
1748928405
2136134387
1962645416
1769649548
2087597931
2052275991
2010490401
2087597931
2058258292
2146396887
2081856386
2092004764
2092004764
1959869847
2144434242
1959869847
1898521038
2059727335
2053229595
1782490893
2084581460
2038661262
2117582247
2070229370
2124288870
2078258085
2063832912
1860203035
2008092580
1727331776
1537870632
2058259987
2081396599
2001052387
2091628232
2093595726
2146175384
2055845893
2087281047
1741427496
1769136383
1534457441
1925206569
2016107870
2081620201
2078176211
1938165673
1842573215
2138557968
2105602056
1650013055
1453286524
2049347649
1994068778
2137090916
2076565201
2122924797
1998480833
2122924797
2055998430
2063482395
2071292391
2076565201
1710327267
1837004086
2045490383
2129538262
1855437976
1885034186
975318382
2140804874
2140804874
2140804874
2122053152
1462874994
1544387703
1548165507
1882591039
1959790822
1696559396
1951676098
2141267762
2141267762
1951676098
2141267762
2141267762
1951676098
2141267762
1951676098
2094069672
850458759
1954422684
2089199050
2090679334
2032341185
2040958198
2121024349
1976400635
2083548060
2083548060
2065126327
1608048347
2017756449
2137074225
2137074225
1953520756
1882963492
2145307296
2145307296
1923932960
1420710287
1687134408
1898363741
1797340438
2100965762
2113777905
1488149049
2060432603
885790647
2067931647
2067931647
2130326243
2144825349
1841922163
1139609052
2121864942
1937249216
2060045185
1937424896
2065488338
1980729422
2036420951
2145497360
1908283601
1002143256
2078080805
2078080805
2122117867
2074776429
2074776429
2074776429
1206798899
2074597257
1567126948
1392578510
1995467774
1815370824
1997871003
2111995119
1418310025
1905098000
1989591353
2063557049
2063557049
1940550130
1650810007
2026826994
2050717829
2062928409
1923181375
2101676776
2136856567
2082779228
1904592779
1894818166
2096608432
2023176152
1747295674
2073084573
2069152792
2073084573
1835783089
2141481649
2139196720
1595567869
2104973268
2136699725
2136699725
2024517639
1847762399
2086685549
1519300378
1896602676
1960456408
1662700935
2080372683
1569888726
2102689832
2108320750
2108320750
1973777840
2108320750
1843240221
2136163256
1930503716
2136163256
2136163256
2136163256
2136163256
1988789749
1073948111
1106473856
2128552320
2111942319
2121507340
2115013038
1961142618
1822513410
641850848
2097934419
2140230765
2140230765
2097934419
2033479514
2033479514
2033479514
1882934751
2146466558
2007434338
2007434338
2058799493
2007434338
2108758445
2058799493
2042462769
1839722842
2058683547
1980865114
2128503385
2098701369
2128503385
2098701369
2134746679
2134746679
2101586414
1818493719
2031385634
2042462769
1779659775
2134423311
2130041478
2134423311
2130041478
1203005673
2130041478
1882526022
2138487554
2104198371
1684378743
2135059557
2115301089
2094823934
2136091040
2125914650
2098139951
1852742868
2116450314
2125914650
2073285262
2090099011
2030308097
1701830326
2084056562
2102004417
2129077270
2061679379
2086969299
2113951543
2124590812
2124590812
1368311409
2124590812
2113951543
1958862551
2067940137
2067940137
2138239339
2116362629
2145650924
2067940137
2067940137
2056244476
2067940137
2143407441
2135161855
2104943448
2132842941
1187368902
1955080820
2119741133
2110311903
1435552758
2089452799
1969252584
1257891364
1929327129
1793488230
2075736045
2075736045
1022411072
2071802036
1412004338
2064676477
1985265661
1972982795
2014041351
1884276395
1984119123
2132763079
2006651313
2049101847
1837627456
2094105044
2094105044
2036258862
2094105044
2008126243
1848145486
1640999236
2119349089
2119349089
2119349089
1821482344
1935537943
1650778556
2005227066
2087642075
2119349089
2123866204
1871703334
1808343131
2078561664
1620142758
2134536673
1715126662
889191781
2097079607
1611247376
1896204732
2055281698
1224472022
1928433341
1980921049
2139703460
2104802382
1970580760
1861664271
1780399077
1964356137
2142997136
2137997797
2097674617
2075414922
2068504386
2075414922
2075414922
1683963032
2094723870
1780663670
2106416177
2080922463
2108914115
2011746953
1485854618
1948555013
2146861814
1973296704
1945797771
2060875550
2139731488
1943640573
2112973919
2139731488
2056575021
2091256209
2139731488
2139731488
2112973919
2121223128
2061542804
2121223128
1983488990
1431055473
1955134527
2010838743
1955134527
2128071592
1943709187
2147289421
2128339833
2073558313
2112971918
2070584370
1549892018
2094481631
1999785281
2002970032
1703301925
2031087055
2109863548
1703301925
2073048403
2079362401
2064979250
2073048403
2141037700
2145676548
1797082289
1695424672
2139260083
1984427341
2003492450
2077543072
1775166262
2120715407
2117509110
1867627357
1736442041
2145758004
2137832227
2004347183
2118784046
2031281244
1932092805
2065385679
2104428993
1793422855
1493315127
2047645329
1689327018
1532167197
2135275118
2137536561
1960098589
2027521546
612639924
2146103061
1503981676
2120588203
2120588203
1947758057
1931126006
2047988875
2064120602
1267346923
2098729360
2111187080
1619157525
2135893319
2111294743
2041752377
2124129430
2071046117
2126632527
2124129430
2124129430
1865511035
733214784
1804366702
2016069629
2114662239
2067523120
1887744982
1995053747
2111421259
2014392212
2059619577
2080843784
2090639161
2080843784
1542631677
2123181036
2005640863
2057739527
2086384175
1879914726
1904713361
2127123911
2027958663
2026852963
2124831449
2027919951
2046388486
1951724112
2138925087
2120871600
2133831401
2118362690
2085772949
2133831401
2004756335
2133831401
2117783717
2140864101
1932430823
1196479713
2005893013
1977958399
1523281151
2146460659
2095535455
2146460659
2023299011
2106629012
2106629012
2072905391
2087495370
2011313079
2120776208
2120776208
2011313079
1596765505
2116276380
1866356191
1960751637
1799723346
2127811302
2122578822
2034323433
2078975783
1776900513
2088202913
2070781288
1890296575
1869418800
1809756944
2109158099
2109158099
2077370211
2083407812
1867199827
2033588358
2124421799
1914885634
1316499453
2083407812
2079161603
1591974855
1565616449
1990913835
1915595015
2013863196
2040904325
-1427319482
2100366471
1928185162
2076830540
1731405413
1444399511
1964114867
1637106810
2023034674
1986335827
2081192402
2069657686
2133524852
2035516715
2139618710
1819208478
2139618710
2139618710
1904608375
2139618710
1856068383
1911569167
2101630775
2139618710
2139618710
2110642538
1600142215
2139618710
2139618710
1660247531
1971971647
2115492620
1870924137
2006934084
2132623858
2051478588
2053115845
2003858901
2143624828
2143624828
2094703160
2091283999
1745051533
1911763000
1911763000
1911763000
2142303049
2131792904
1622824990
1776405688
2114804367
1576699264
2084739877
1536667069
-935521812
1727402808
2103642138
1922566465
2021707284
1943425735
1915740130
1678517592
2093095921
1970392994
2093030589
1984659628
1864430219
1658980489
1988848383
2084310454
1842707634
2063765254
2039114546
1981479887
2039114546
1800113069
2116103786
2052609347
2136442345
1845757152
1845757152
1845757152
2114657641
2114657641
2102219032
2073391393
2092341036
1902845661
1261269938
1997430937
2078206473
1329077023
2060268096
2060268096
2060268096
1286280428
1913372104
2060730561
2102144103
1947249763
2038582782
2056321674
1838098452
2140313531
2028608330
2080882039
1955378024
2140878451
2140878451
1163214434
1964942856
2056637395
2106226755
2056637395
2064727151
2126030656
2107974205
1781674186
2100337037
2100337037
2100337037
1989864323
2083282507
1953823699
1898583394
2124056542
1970449236
2125635934
2063250356
1645688882
2128057089
2102627835
2108710179
1874517043
1824902278
2126636132
1709379017
2107892452
2126636132
1907056038
2126636132
2126636132
2085983486
2126636132
2136562456
2123681005
2131542014
2062773540
1829415828
2038149804
2129603252
2119718360
1966445797
1909507468
1653955712
1405019004
2136972321
1847143462
1104483980
1795811184
1838945387
2053669963
1758536689
2053669963
2099415634
2053669963
2045621587
2077250880
2094791426
2071922349
1915870382
2081828917
2081261268
2086615781
2113402124
2086615781
2113402124
1911168787
2062661087
2135934809
2135934809
2135934809
1821463626
1842842885
1776855159
2136562456
2125919927
2133649566
2125919927
2143009511
2055970069
2004924920
1494766806
1363625047
1803270347
2136562456
2140446175
2140291594
2130653637
2039685760
2130653637
1684516523
2130653637
2102062423
2130841962
1763572440
2078330331
2078330331
2077918234
2126087978
2126087978
2138132730
2121102474
2138132730
1895433798
2103982052
2142022870
2137560029
1980461815
2101110361
1895433798
2077605078
2097277650
1962717902
1470609380
2078548322
1885371158
1812948912
1812948912
1683196911
1811477224
2136911056
2133649566
1801605227
1909494265
2038537142
2081649827
1912016380
2081649827
2062650820
2062650820
2133649566
2106031101
2124189180
1956659793
2046161785
1518240264
2136988639
1943300770
1676028649
1696019135
2116680241
2039986884
2114180634
2114180634
2114180634
2114180634
2114180634
2114180634
1171463285
1763794703
2145618487
2100270994
1943399243
2100270994
1949443860
2145858703
1761433729
2098376948
2145858703
1949443860
2146042544
2143395189
2129666753
2109738078
1882238745
1815405145
2120498539
1869155710
1882439431
2111852867
1897814844
2059319119
1902123485
1641482029
2002119224
2123912890
2123912890
1799034341
1904317907
2125130315
931071702
1868314590
817087232
2057975386
2057975386
2057975386
2057975386
1985027799
1957203801
2100505936
2027713903
2082845051
2135814803
2074125654
1502859648
1361532347
2024901605
2062192496
1955607319
2057766282
1877734216
2047535988
2038458702
2108869938
1425946687
1953209114
1914450184
1914450184
2025557470
1600077343
1045190749
2103558457
2081065037
1978459361
2005305183
1882559772
1982856482
821975333
2136128496
2102531556
2033918433
1769720780
1998600704
1998600704
1927889717
2142508630
2142508630
2060672385
2010933322
1908026086
1823552045
2091136083
2023910459
1908258472
1908258472
612207783
1908258472
1352253636
1833478466
2143501129
1804666598
2057766282
2125187632
2143501129
2125187632
2143501129
1835604108
1992798810
1867355185
2138342877
2126830803
1996140511
2074730003
2135506367
2115128075
2097263215
2097263215
2072568517
1954856177
1619877816
1976469909
2022725096
2141093539
1939991338
1896879859
1659926290
2034604899
1689946327
1760006360
1834397431
2001238217
1591028903
1887999254
2035988852
1917062854
1902209314
1902209314
2090409620
2075429604
2020234525
723551751
1992375459
2131136115
1861805125
2042128091
1844628755
1873500342
2146849364
1594424586
2018548846
1732495142
2112615829
1878858864
2126522323
2126522323
2101271924
2126522323
1085653144
2135068770
1952985578
2135068770
2058049683
1874428247
1594858555
2058049683
1726855285
2058800197
2118762265
1659751155
2118762265
2118762265
1798885537
2086267116
1975271317
2002153274
1928883209
2086267116
2139983427
2050360428
2123465322
1903130985
2003807831
2003807831
2144304900
1959734038
2080969012
1900158476
1934660964
2127855021
2001194099
2133527370
2115655953
1989077061
2091279544
2132336148
2091279544
2091279544
1667097074
1737888567
943249746
1807336487
1813259991
2144926283
1897512969
2038737853
2134264072
2144926283
2144926283
2144926283
1640865749
2019062014
2032215496
2020828331
2123741856
1820227042
1936990986
1885427358
2118152807
1798410919
2118152807
2118152807
2114582301
2114582301
2101656972
2114582301
2110580826
2110580826
1846000976
2136612150
2078755439
1975861117
1825103319
1865394363
1859601769
1929659133
2002316119
2002316119
2091136083
2091348811
1858256980
1722842027
2126581097
1892287710
1858256980
2102879812
1746846434
1901135319
1769696608
2146758291
1962632371
2123840739
2123840739
2102816035
1844148341
2023075281
1990400593
2120820893
2127613592
2123840739
2133179594
2123840739
1996858001
1994468320
1431465207
2015741122
2123840739
2140807269
2094044974
2090787064
2123840739
2123840739
2090787064
1524021317
1519286514
1862092546
1446455448
1462203266
2046273865
2075380776
2109774861
1979587418
2145365237
2145365237
1953444973
1928570449
1997130450
2104184492
2131299701
2131299701
2081030096
2083611273
1245468484
2091322749
2091322749
2110412062
2127325040
2127325040
2023649159
2139131196
2139131196
1960728684
2090165838
2119476348
2144054752
1908949712
2001671128
2124228247
2001671128
1918315487
2112557136
2017345645
2119115057
1862988887
1956922529
2086819037
1976052761
2057281244
1627366368
1999037750
2140112168
1832028912
2140112168
2122540099
2142383324
2110892477
2128762265
1204075005
1801781938
1883595063
2083336342
2087635830
2141631239
2088628728
1992848083
1898259747
1953897187
1953897187
2126268255
2128838776
2128838776
2087934812
2087934812
2087934812
2122494478
1984171464
2128838776
2076118205
1992848083
2018901087
2070119129
2056791458
2144823407
2070119129
2070119129
2139588780
2104665340
2139588780
1844934973
1902733611
2120893181
1917021641
2120893181
2105564488
2026275279
2142494159
2132677643
2139768704
1671241536
2113091494
2123080984
1935926399
2140481174
1413540441
2123080984
1647704855
2145026103
2068785161
2068785161
2062326492
2125920058
2106291056
1999712596
2130318604
2111647192
1822527179
1976362922
802188258
2063628090
2049758261
1748566674
2134938186
2135221235
2135221235
1881788421
1369919276
2147036558
2063628090
2132445070
1403162567
2006352551
2147036558
2094751607
2090016629
2093782564
2139909605
1966680279
1877350435
2075199718
1960801114
1960801114
2098357713
2028242241
2118893033
2063628090
2127989004
826684080
2118893033
1923517182
2023204828
1968543723
1381525833
1933637840
2074659775
1814776341
1944871767
2073544406
2034268173
2087962918
2023204828
2087962918
2099608168
2034268173
2034268173
2034268173
2031038595
2042932362
1873612895
2122280872
2122280872
2122280872
2122280872
2111531211
2141152716
2141152716
1579552014
2054650132
2141152716
2121342582
2121342582
2125717580
1918967633
2138853207
2066490094
2100446667
2100446667
2041806091
2072444632
2100446667
1996200155
1894738226
2049261015
2031437375
2113523052
2114045894
1995789030
1995789030
2065166884
1832931706
1995789030
1754917408
1962354911
2071156196
1899707818
2120787105
2119480585
2090741467
2107681258
2007438901
2089275747
1951745210
2071727431
1777314149
2071727431
2053305298
2001782650
2041613021
2015664119
1755667312
1823191489
1952653033
1994006375
1729481174
2091389352
2123906650
2052454294
1645780879
1406103235
2147006930
2147006930
2147006930
1977263108
2098228411
2098228411
2111729781
2062111666
2087473421
1930662609
2116817128
1836044042
1126693125
2116817128
2048979976
1036173153
2054540721
2126582985
2126582985
1889867268
2126582985
2054540721
1674291452
1985184469
1840018626
2142727257
828594356
2057518553
2001979014
1997430951
1840018626
1997430951
2147314264
2147314264
2145744182
2112728437
2147314264
2145744182
1979403046
2147314264
2147314264
2130905791
2130905791
2145744182
2146227795
2041723885
2071420071
2104504155
2135559208
2146227795
1990198596
2145744182
1964935203
2034668858
2118755266
1962242877
2053895522
2140101304
2127073910
2121711550
2121711550
2099151345
2107831660
1987534574
1845309850
2109334417
2019078559
1942010812
1987534574
1310268667
2076398507
2093498734
2146132471
1987534574
2146132471
2146132471
1896675611
2113181741
1727440257
2113181741
1884737922
2087174101
2128140821
2087174101
1962983188
2117130912
2117130912
2117130912
2028279111
1345827162
1898399423
1912810413
1973612879
1736405885
2070738626
1663135401
2114505951
1867975219
1703866651
1969323961
1634080368
1663135401
2085072939
2078429951
2078429951
1620200537
2078429951
2094136041
2133925801
2124120919
1688567389
2133925801
1932515517
2096856715
2096856715
2096856715
2131206476
2094136041
1522547350
1908757013
2126789855
2145308365
2145308365
2021910300
2073537423
2128908501
2097221755
2097221755
2097221755
1889487404
2097221755
2086829290
2030762887
1875392591
1889487404
2011426187
2093413333
2128316178
2128316178
2128316178
2128316178
2128316178
2128316178
2016114767
2007215289
2070919169
1949227713
1871752300
1969129805
1083608159
1974183503
2059302179
2144814256
2144814256
2099362277
2122844020
1028280919
1924548833
2139768704
2106968366
1716653863
2107746302
2107746302
1936617310
1936617310
2104010994
2082511654
1716653863
1766848870
1899224122
1238597188
1799868441
2121128046
1978277415
1962889122
2108902111
1920198071
2028007317
2013768705
2013768705
1867164549
2138089447
2098039687
2138089447
2050550148
1894711880
2003465198
2038851150
2059495457
2123055330
2121069420
1874594985
1981904323
1977492180
2074206211
2095784441
1996511528
2017736678
2104132187
2104132187
2104132187
2120402625
2101833848
1945821516
2104132187
2104132187
1868079572
1986067385
1830530719
1960866728
1889530009
1889530009
2145565031
1816784456
2129037882
2141314165
2127403641
2141314165
1795312433
1904243815
2119428822
2114648750
2063190796
1739416228
2143113208
1771726721
1702566935
2108151183
2105850883
1944516249
1895961267
2026121676
2136252106
2124779216
2121498129
2143025732
2121498129
1997501616
2133496825
2060799849
2064913491
2121498129
2049681824
2033413589
2077835373
2081031305
1993834363
2019567573
2082841793
2131948625
1340489317
2108475238
1726856346
1405350275
1868137517
2062615794
1479476940
2062615794
1734200174
1380484541
2062615794
2046013299
2108908265
2121533947
2097310286
1986212721
1823555278
2027652261
2136757566
2114563932
1919050916
1551789925
2125921048
1985892074
1985892074
2076489498
2134083256
1119869074
1985892074
2095712912
2126222849
2126222849
2126222849
1972497838
1925862856
2118630399
2134083256
2136205555
2024712283
1787862548
2101770301
2034705369
2057749469
1951211181
2097128224
2040449008
2035730470
1764028235
1767029391
2030035166
2035730470
2126576857
1819120755
1979210615
1970910752
2107510239
1895007107
2107510239
2139540671
1895007107
2125887320
1993953898
2100724347
2036292613
2104821487
1976142551
1986418334
2101063912
2061857843
1947176128
2061857843
2061857843
2061857843
2077255042
2115176922
2115176922
2057385646
2115176922
2095034703
2104253905
2115176922
2115176922
2082001205
1676838169
1849110041
2099705384
1978147523
2144444722
2042402642
1978147523
2068144365
2144444722
2012931744
1978147523
2140610786
2108128728
2114649924
2108128728
2062767403
2144444722
2144444722
2103769541
1732505238
2062767403
2062767403
1910615644
1910615644
2069161453
1910615644
2144444722
2007165409
2134110023
1921287220
2113115032
2128989518
2134110023
1981793100
2128989518
1422107656
2108269684
2107405333
2067154325
2090309719
2085694737
2139440300
2139440300
1760140335
1651841892
1576739854
2112420540
1935558811
1998360025
2128080869
2125765033
415109014
2097401129
2125765033
1784454519
2006910510
1898976300
1898976300
1950287120
2141625118
1874172147
1957317090
2082166552
2043205181
1950287120
2098110412
2098110412
2015600205
2097768398
2136517136
1927344227
1919513621
1911841320
1203557188
1524380871
1676923911
2092161792
1796374895
2092678192
1707491686
2092161792
1697582024
2092161792
1950060031
1640726957
1871480657
2080391253
2100681022
2132475632
2132475632
2022747245
2073526772
2132475632
1969257175
2105435917
2128055611
1989382085
2126121977
2060317000
2017149022
1986703920
2137152756
2132079988
2004576009
1638736668
1767007123
1962068711
2063138528
1985003565
2124768173
1408178794
2136137247
2116413273
2116579869
2104332490
2006584377
1692451297
1942663826
2099874385
2099874385
2111668451
1773576460
2040395464
2073746629
1956989794
2126851849
2145627894
2126851849
2140301800
1852406389
1836410172
2136217058
2132017444
2132017444
2132017444
2132017444
2133361839
2133361839
2123285093
1772750734
2123517218
2067091056
1611906591
1870340245
1870340245
1963604946
1677253000
2133361839
2018598108
2018598108
1899507982
2131544851
1961368671
1984879124
2065450414
2110100945
2027519333
1965716812
868866852
2055189604
2095209103
2078284124
2095804337
2095804337
2120336009
2018906395
1735111938
2048069855
2132583548
2122906630
1789721824
1992811996
2011402872
2130752453
2019758145
2036491697
2141867983
2138449373
2064722100
1959831443
1848903650
1774031654
1959831443
1816272635
2125423553
2125423553
2125423553
2072317073
2125423553
2014104223
2114951385
1801265451
1869764113
1745947608
1873488273
1933894143
2111033750
1376919656
1713874425
1845448697
1685657927
1981503803
2139826025
2139826025
1725853712
2139826025
1712796643
1869401587
2129627208
2129627208
2129627208
2129627208
1558107238
2105283259
2116805677
2090775156
2010006222
1302088622
2105283259
2028125405
2139299249
2139299249
2139299249
2129627208
2068453591
1734743807
2080784821
1478259558
2094652359
1884557801
1930108385
2070495840
1936132298
2070495840
2070495840
2070495840
2070495840
1861166235
2055493188
2070495840
2122450758
1850698207
2070495840
2122450758
1486432342
1649379275
2121605239
2128635087
2066960569
1620568031
2046571159
1764475533
1908979249
2088396287
1166654771
2088396287
2142401988
1961125106
2020866809
1993426355
2020866809
1531464334
1938220671
1938220671
1918944953
1968226799
1880925345
1807316065
2112430015
2122480290
2112430015
1956628478
2044138029
2044138029
2096475538
1865357467
1676321965
2098658082
2098658082
1719674402
1724802094
1638651850
1997311938
2112802785
1969727200
2111020970
2025457015
1930334340
2142401988
1978716653
2138924886
2025457015
2138933489
1912118833
2073652402
2129895124
2127662860
2127662860
2095269008
2127662860
2127662860
2127662860
2094000344
2111020970
2090120021
2077474217
2118880228
2142401988
1946586001
2078166733
2138012306
2019201226
1801294279
2036666448
1106168882
1875353155
1848978707
2095299445
1982231890
1584803427
2089905174
1935729699
1203297650
2136866475
2050073730
1521193153
2136866475
2030686838
2142401988
2030044512
2027228015
1981195532
1666798026
2091382142
2135677190
1884027638
2107373065
2025660478
2143971832
1997663298
2139715215
2104585720
1922393814
2075823275
2075823275
2027077632
2142401988
2081077346
2081077346
2138017370
1851742056
2115906938
2079911462
2115906938
2057892280
2102223070
1155707205
2068953596
2059617338
1749365483
2147373047
1584791027
1490243715
2146792973
2042016764
2054113210
2146305316
2054113210
1783157309
2065614548
2065614548
1840750809
1423927926
1886610369
2065614548
1719436582
2083478113
2065614548
2052859839
2091314246
1380638633
2091314246
2091314246
2091314246
1885716341
1363846617
2128301657
2128301657
2128301657
1990530405
2127102358
1723383953
1681675272
1896874433
1957509491
2126525504
1789275687
1966624316
1836719323
2088915596
2142328684
2130839450
1931474868
2044359158
2001878550
1885746913
2076018123
2112455124
2143335343
2070060658
2139382731
2070060658
2087430396
1972805322
2143335343
1972805322
2027379720
2133866823
1951529848
1577850618
2143059181
2133866823
2108471453
2038641844
2123283195
1864699045
2110067546
2130942797
2147373047
2113456459
2110067546
2130942797
2102964575
1803918794
2143059181
2056200258
1851512339
1997227575
2077817812
1851512339
1692127098
1729336052
2058858541
2058858541
2140340726
2140340726
2134568710
1936463070
1941239474
2124637527
1975037694
2014114872
1904629738
2073413996
2143059181
2012190381
2057295733
2057295733
2067501691
1956671925
1223382391
1945675344
1747898961
2119282637
2119282637
2119282637
2119282637
1636005121
2117266256
2117266256
2093705991
1870903010
2068264675
1947484925
2136890919
1991712736
2129739598
2129739598
2129739598
2050977501
2050977501
2050977501
2129739598
2129739598
2012808502
2129739598
2144220398
1988783201
2037486644
2037486644
2134442096
2095672267
1981821768
2079270691
2145455881
2145455881
2134442096
2145455881
261345872
2101585225
2145455881
2145455881
1916876154
1712464678
2145455881
2119953508
2142358367
1853863627
2105729069
1949632175
2033243561
1846461443
1878708260
1981354766
2062163966
1945732104
2113051263
2136567489
2136567489
2018862085
2126526360
2146996600
1998905760
2015264562
2080239117
1999297347
1688137862
2136069483
2136069483
2136069483
2137123535
2080239117
2127283648
1857176218
2145765864
1831870713
2145765864
2145765864
1961432633
2145765864
1856342045
2014043739
2108875380
2142416204
2142416204
1638308672
2142416204
2062522541
2106478183
2141650333
2096378587
2073817045
1368008895
2139408680
1922076675
2073817045
2122602450
2094398711
2063761127
2140365103
2120231172
1654795149
2145467111
2120231172
2126455146
2142098700
2120031632
2142098700
2129701258
2091501297
2018153488
1497364510
2057812325
2048797895
2048797895
2048797895
1931805849
2104276698
2077645527
2134122358
1767185449
2142695630
2142695630
2142695630
2113869550
2101787134
2134454546
2146594531
1889155660
2134454546
868265740
2051279705
2116961705
2138357790
2138357790
1705972413
1953847994
1947369940
2138357790
2115495656
2141732053
2141732053
2141732053
2085934022
2116876598
2116876598
2116876598
1707740180
2116876598
2116876598
1882750984
2106507211
2120266174
1608483959
2045199580
2054624703
2133067870
2049679313
2049679313
2102662841
2133067870
2078485261
2049679313
2049679313
1819260008
1964109697
2061261768
1948444701
1879326317
1879326317
1857894124
1913506678
2103483093
1892720593
2074595264
1848943244
2126243643
2103735521
2048958942
2128720644
2133558831
1771095985
2136729884
1980237697
2142659090
2138842660
2069244633
2069244633
2097410274
2131283523
2085522887
1948549305
1948549305
2058269172
1522322660
1784461857
1511454224
2058269172
1991920037
2016581272
1766878422
1892225129
2114787784
2048855566
2145523505
2081330869
1347277674
1895323800
2145523505
2133291423
2145523505
1979081024
2027889156
2133839181
1621576068
1566280395
2088617418
1740305683
2143053280
2143053280
2133839181
2137879131
1986552426
2005263825
2029198797
2145672688
2145672688
2074510956
2145672688
2145672688
1458141380
2100103831
2029198797
1711290450
2029198797
1652399994
1777264723
2145672688
2112697707
2059789550
1917696934
2078347952
2014805803
2066908701
2053463665
2142347816
2089556449
1957050848
1959660575
1894205642
2110627851
1779285714
2033764898
2066958002
2140254641
2004546478
2147462960
2147462960
2147462960
2120154041
1297446012
1681397816
2135513092
2057288868
318103923
1728624179
1958303156
1962313148
1962313148
1962313148
1966998371
2110052966
1961091397
2131629407
2136402651
2020249130
1922015575
1979083206
1922015575
2128335495
2128335495
2128335495
2039896858
2128335495
2024616557
1900113187
1951242761
2048758451
2130517828
2074136312
2112162587
2030396643
2112162587
1905095510
2030396643
2050116259
2123592443
2127766610
2050116259
2069805684
1847157606
1987688413
2143072400
1769831148
2138641259
2104276308
2112704292
2104276308
1884445258
2096799200
2104276308
2114361343
2104276308
2123104927
1979375867
1997918287
1884445258
2045873639
1954185304
2049115913
2049115913
2049115913
1888799771
2052854905
1888799771
2049115913
2120561127
2145689450
1958431817
2094394829
1858036503
2014471646
2109792481
2031167559
2062040780
1599931739
1669294863
1771310005
2123922749
2123922749
2081246718
1725373639
2125583448
2128080954
2128080954
1965122805
2095253072
2038025675
2114931420
2054462049
2137597859
1967230477
2141457635
2075394784
2094686014
2078311521
1938171080
2137021130
1636480440
2081023444
2139213976
2081023444
2118170295
2125128485
2118170295
2118170295
2126998703
2126998703
2141896012
2072678078
1961220840
1837120524
1773359955
2120113392
2084308105
1876277698
2063694329
1602775288
2131924842
1815156430
2078564307
2135602214
2078564307
2088947707
1996767472
1996767472
1983050509
2043321257
2144946921
2144946921
2045125786
1951262661
2002897495
2059282767
2078827073
2040493035
2005741361
2118355165
2118355165
2138228927
2090500185
2098101975
2098101975
2069490440
2115181147
2115181147
2115181147
2115181147
1829974944
2112745147
2008803456
1923816371
2031549290
2136765803
2136765803
2136765803
2006326006
1927716996
1746884051
1994075945
1965637877
2103536555
1507464454
1745938677
2068247942
2134811843
2099383019
1718507106
2141309569
1975524388
2004660243
2091810515
2126219538
2134626150
2125330314
2116020117
1903780802
2084151254
2127650934
2067587202
2127650934
2127650934
2127650934
2135860545
2089452948
2129671424
2129671424
2127650934
2118142741
1918564671
2097210468
1748507401
1901200158
2113255276
2114799954
2051311365
2114799954
2051311365
2114799954
2051311365
2051311365
2131170669
2051311365
2114799954
2113255276
2113255276
1600640445
1884330553
1935170414
2119843863
2119843863
2103786213
1859238433
1897831255
2103039132
1727392586
2108975442
2126219538
2104175108
2118320497
1820242422
2124584827
2111241183
1960575904
2000463561
2092996003
2056204735
2062314450
1690185254
2081615519
2052850728
2056204735
2055390818
2070749944
1560897860
1995267871
1981695286
2035960334
1995267871
2139881132
478379652
1956397406
2057486442
2136666976
2136666976
2014260025
2037776015
2124047309
2136886196
2136886196
659327731
2136886196
2147426736
2123925921
2123925921
2045342102
2045342102
2123925921
1772910643
1828033580
1997451728
1828033580
2045342102
1990415046
2054366576
1998212183
1998212183
2124853275
2135544474
2135544474
1998212183
2130845345
2017737369
1969010047
2099324287
2131171296
1867583014
2131171296
2131171296
2131171296
2112430793
2040137343
2045867380
1695406502
2113534580
2026051211
2088147318
2146523917
2093259713
2088147318
1962084528
2146523917
1975104675
2068844530
2132910989
1950090896
2135205933
2100819642
2017376572
1902030476
2011853935
2058385684
1830724641
2102843967
2124214819
1986224051
1529805294
1967830056
2117263760
2091337964
2137958478
1726318815
2137958478
2137958478
2111076356
2077959699
1933675921
2097381613
2071483514
2138047509
2129396522
2038498562
2121934766
2127291788
2096348926
2096348926
2137389353
2137389353
2032812078
1907273695
2137389353
2126750379
748805134
1841685943
2126757776
2146944898
2123785296
2123785296
2138797555
1646392288
2138797555
2075349295
1854655193
1970503890
1994056075
1752396779
2103699503
2031154891
1849039597
2129760155
2139845757
1696700767
1994014543
2095501947
2011278577
1994950191
2118593819
1980760604
2143323708
2143323708
2080543257
2147471195
2147471195
2147471195
2017284690
2143768270
2143768270
2143768270
1765963255
2074649397
1993280255
2129925956
1385305320
2025334829
2131138552
1998848634
2070030531
2133189326
2098217348
1813084734
1912765686
1049754352
1800006984
1813084734
2087207795
1396755784
2124297599
2146080880
2124297599
2027949231
1855991248
2002920060
1851128334
2085016807
1071794171
1428929690
1967986770
1803319361
2085016807
2085016807
1958078833
2140745882
1539063409
2039381121
2052305744
2131782458
1824696462
2119944713
1947190402
2143667167
2119944713
2122540494
1725866767
2139467660
2115664275
2064481768
2042691808
2064481768
2064481768
2042691808
2042691808
2117360184
2055207362
1765634559
2101859403
2044840708
2044840708
1955834418
2081933396
1867272052
2027645144
2015905767
2111058897
2097971153
1922506425
1755748178
2071617011
1943321805
2062313767
2071262740
2017253104
2066508030
2071262740
2046974245
2046974245
1863014878
2075520997
2062181024
914851998
2068117859
2040367545
2130554704
2038591741
2121807152
1615011986
2121807152
2121807152
2083570851
2072175001
2121807152
2083570851
1950542574
1950542574
1812874551
1061402002
2146402095
2039840845
2076995866
2045302083
2146402095
2146402095
2088134949
1956106687
2107432090
1674991616
2072416673
2003538380
2130541299
2133761765
1857498567
1755389473
2127782630
2069152006
1759801352
2103369795
2008036609
1830116488
2129943234
1874429270
1820871724
2057782207
2021750718
1655334075
2052187008
2021750718
2021750718
2021750718
1302091286
1995101708
2066625080
1712971398
2111595196
1874546633
2111595196
2008641716
1882178428
2060357699
2060357699
2060357699
2078036074
1824752855
2060357699
2143032353
2078036074
2136401085
2110988854
2059441747
2059441747
2116377323
2059441747
2059441747
2116377323
2052689109
2052689109
2033508976
2120199269
1469052531
2033508976
2042881736
2014951686
2014520089
1940804468
2042881736
2115715251
2065033698
1827134760
2067975780
1715057629
2093377044
1827134760
2145793807
2137687825
2092831234
1777052841
2137687825
1971544209
2046284176
2085817225
2085817225
2085817225
2146515577
1705105683
1797241764
2093946315
2095450621
1797464099
2043058114
2105233174
1699895084
2105233174
1848474362
1797241764
2046131597
1874387333
2035701845
2110399263
2110399263
2134657139
1849251370
2082516482
2123902902
2123902902
1864285946
2045419030
2092392405
2083878381
2128028451
2041647919
2045419030
2146255424
2023507765
2100595721
2074722871
2065737886
2099451472
2071459771
-1369072430
2146160099
2056740642
2146160099
1841397010
1616920209
2142408518
2142408518
2063167035
1774639329
1687360985
2094082699
2105549908
2099679454
1933795962
1933795962
2145945926
2119906661
2026074386
2085829759
2074695160
2104238688
2096451160
1964059979
1964059979
1964059979
2132464113
2103232122
2103232122
2128321410
2066754680
2043109925
1844907048
2124717073
1945953211
2114218044
2045086998
2094842727
2105159635
2071881642
2128377780
1802448265
2119181652
2085075080
1936082912
1819468734
1036316839
2043562037
2144324947
1782484741
1702459203
2134293008
2103774301
2140604586
1347481417
2072006572
1944879601
2072006572
2031714733
2002348237
1875609842
993565171
2131425478
2145987265
2104982123
1732515388
2131425478
1952500170
1952500170
2107353658
2050879550
2138775266
2085075080
1792564733
1796037878
1911860991
2126638128
2038186389
2053610487
2069375594
2019058081
1647320030
2119084162
2147199259
1858717862
1899472764
2127336097
1857194368
2004059015
1462521342
1584952331
2110262889
1828737267
1143864027
1766594899
1881039920
2133328071
2057248826
2105913253
2007830141
2069367079
2145581897
2069985093
2088842914
2088842914
2116072943
2088842914
1970623007
2039829472
1684552775
2042883472
2085439442
1707436072
2085439442
2085439442
1567419761
1965218472
2140269197
1840838859
2126036966
2126036966
1644446479
2143605621
1934539804
1934539804
1981459299
1855904330
2011701505
2144766913
2066183244
2114686659
2066183244
2128354795
2084352631
2071158015
1381547968
1373220373
1701532108
1979713831
2146123857
1599207966
1707782600
1952687737
2121438053
1994803605
2107052463
2107052463
2144540691
2133767087
2095219706
1972402804
2136989181
2037382311
2098923114
2109356258
1402014347
2109356258
1966702937
2109356258
1556628845
2109356258
2075620642
2035266193
1930056519
2137282172
2098955466
1821163326
1970979281
2014426768
2052082009
2086658108
2072492015
2086724249
2117119054
1889367109
2026809835
2141288434
2086658108
1313032058
2018597510
2064394078
2138873243
2138873243
1732467757
2127398323
2127398323
2086658108
2138873243
1872142261
2138873243
1982298477
1995923657
2010878442
1713998639
1961403467
1494097924
1963402445
2015796464
2033291094
2100347428
1616943746
1546048340
2136018719
1814215450
2146373247
2054396794
2054396794
2071534352
2044220456
2105380548
2142333237
2110167615
2105380548
1971077514
2128179752
2095041399
2104485640
2104485640
2098565714
2120763601
2120763601
1614214558
2010630459
2105501650
2096500866
2120763601
2131529036
2140946609
2128239185
2128239185
1987909111
1975784617
1822193288
1652447473
2128239185
2128239185
2078857715
2060022750
1987717390
1961637982
2130137807
2019874872
1319593728
2034183764
2063148446
2123172485
1985767446
1871497060
2128313291
2075866953
2012463857
2063528112
2082783774
2089060563
2137574881
2133889009
1808204781
2133889009
2133889009
2133889009
2088544833
2120688605
1999187448
1999187448
1999187448
2114786008
2114786008
2114786008
2134925975
1982664982
1805936850
1854010884
1527421870
2037754972
2128645056
2112169437
1655128484
2087136329
2091252892
1517716139
1440800597
2128645056
2139982371
2056166841
2056166841
1378275603
2094909489
2094909489
1971784869
2094909489
1966562068
2108527293
1976710487
2040922759
2106983817
1518212795
2084981512
2040922759
1652970421
1927216802
2086921809
1927216802
1847803104
2034438277
1918520159
1922628864
2095100990
2136793288
2120488834
1767527879
1767527879
2096813537
2136793288
1946877370
2136793288
1666081892
2136793288
2113454978
2113454978
1675744556
2075972796
2136793288
2141438689
1866771705
2138132516
2138132516
1993240060
2118216469
2034444357
2118216469
2120405811
2147014650
2044725982
1777252794
2147014650
2123052662
2127242956
2082170368
2115318846
2040438827
2047302448
2141345571
2125994994
2125994994
2125994994
2091304404
2063868238
1886489703
1907551269
1907551269
2115365699
2084945117
2110357482
2110357482
2106086187
1703992186
1839270483
2145890861
2129387792
2027790075
2117086753
2022652151
1973272062
1962508695
1791974123
1998850313
2110185602
1820669918
1992237451
1962508695
1994687273
2134941566
2076866990
1430533507
1943174105
2029586192
1904090731
1876491553
2121643995
768934674
2032221270
1928604677
1685980827
2107745442
1971679813
1965185840
1581732013
2074015719
2143095627
2143095627
2144607485
2018999745
2065073425
1923288204
2107227435
1898092796
2107227435
2088467911
1362254981
2107227435
2088467911
2090225201
1974764845
2127664066
2067936142
2139224277
1774059906
1996096637
1696512240
2128519083
2006792287
1996096637
1996096637
2142094477
2103485314
1996096637
2103485314
1996096637
2103485314
2048719843
2115795881
2011323583
1968675587
1840913512
2099857028
2078998603
2078998603
2078998603
1866649486
2078998603
2078998603
2091221954
2081660938
1196045113
1690345334
1605508762
2077454560
1690345334
2144934094
2144934094
2144934094
2114111483
2144934094
2061423591
1948595972
2052907116
2052907116
1925694883
2043520903
1798593503
1854608051
1881609896
2131158367
1794089707
2039349558
1956680840
2043166534
1361354437
2068362362
2112091407
2111495653
2121377561
2015695512
1908251150
1887353702
2102930169
1887353702
1794512171
2007650395
2102295887
1891849384
1142886926
1903051738
1742786531
1648682681
1433928392
2100270763
2100270763
2130385968
2100270763
1409469502
2059558876
2009051391
1952208076
2142856823
2129122053
2038792567
2050064158
2107722314
2114616428
2082428056
2142856823
2078565177
2134698192
2078565177
2078565177
2021927686
2047844261
2047844261
1759418012
2109395888
1968198157
1989220699
2034242350
1848866866
2136557958
2000547899
2136557958
1226217174
1978208530
2092300553
1963366082
1993912584
2141477788
1833215861
2109158259
1392959647
1913915588
2129288266
2129288266
2007780934
1924748598
1951001993
2129288266
2055728496
2129288266
2064472317
2055728496
1721493495
2070946205
2129288266
1087834088
1833643239
2140180751
2036194260
1816445541
1813540208
1761948523
1861784628
1675356537
1819024637
2116280876
1649786838
2116280876
2116280876
2116280876
1847936917
2116280876
2003206449
2116280876
2116280876
2044846700
1999588670
1481045539
2121562477
2099451646
2099451646
2137219221
2092243660
2092243660
1995262123
1995262123
2125455617
2106861696
2057691577
1975117631
2085868086
2118364823
1987834971
2010935434
2010935434
2092463924
2133872558
2106285652
2098946933
1769202657
1824982299
2098946933
1916018406
2098946933
1959098352
2046297139
1973241462
2071211460
1801397284
2046297139
2074427181
2115415068
2087918579
2071211460
1824067217
1801354293
2003023304
1965980414
1720592936
1483740482
2118515396
1907247196
1993469854
2007152221
2050121983
2093807716
2088315170
1870341936
2131564187
1979074497
1992467359
2112491722
1964261344
2118175568
1895589676
2076406703
953405662
2048350944
2022743671
1849061270
1842541709
2079772943
1841450289
2114917762
2138969291
2142866142
2054445576
2093380836
2119695545
2082890311
2095777497
2129393693
1836633512
2129387564
2145945464
1907122325
2125328459
1816911750
2048876951
1906602666
1369033892
2095777497
2133801591
2089831583
1678290707
2075981753
2147296669
2118538001
2125711539
2120479491
2120479491
2139936486
1888803174
1929414476
1778020645
2035919700
2126608288
1695310915
2126608288
1859319537
2077480185
1957930294
2024093459
2061863612
2012798470
2034223455
2052393802
1894639084
1937497861
2119398012
1743561916
1799246082
2009194176
2065576619
1951769001
2127636011
1563849060
2082760667
1988370255
2132684291
2075440336
2128490436
1450442045
2127038833
2125359634
2125359634
1927551844
2009842047
2099585851
1882608044
2099585851
1661852428
2064674263
1769474380
2116078852
2127273723
1643763269
2127273723
1899097151
1972783254
2079674989
1994231400
1952747378
2122565931
2074409094
2133271222
2053186755
2125353605
2111798525
1839079187
2074409094
2109648419
2054949110
2075429405
2054949110
2047600402
2099016289
2098856228
2068318039
2054986066
2068318039
2070758526
2054986066
2054986066
2054986066
1738603835
1911843872
2054986066
2066409460
2046189086
1912326101
1964462630
2069504908
2139744276
1931731509
2080396975
2119002825
2015365860
2145888971
2145888971
1983669637
2145888971
1615944789
2068125406
2130562319
1816552138
2086213451
2068125406
1907206785
2104473607
2113144732
2114057631
1978525774
1397362681
1403316785
1916222706
2039751578
1931795699
2047411330
1734554372
2123338326
2129023020
2095378527
2129023020
1415344481
2118515138
1767851538
1965298647
2143611334
2143611334
1407158625
1642815098
2145083970
2098018064
1980295328
2145083970
2088985751
2145083970
2116675038
2116675038
1971403460
2060885539
1821201821
2125679034
1847616498
2020201609
2128603423
2089024019
1961194977
1760996647
2092453948
2099895292
2139253667
2139253667
1929287690
836793648
2048330798
1948581384
1957764767
1876574363
2048330798
1876574363
1823690243
1959671275
2145263174
2145263174
1688916897
1940548733
2146249107
2146249107
2146249107
2146249107
2146249107
2064069201
2064069201
2062614567
2069177213
1905908682
2125582960
2116529139
2145983445
1650952126
2095910899
2123544990
1726190189
2085750257
2043286230
2060750081
2084087156
2121516582
2084087156
1906361194
1898311640
1775773770
1904344758
1898311640
2129379638
1672275205
1860660448
2109012463
2042722354
718715179
2129379638
1911139263
2080330154
2080330154
1860855049
2080330154
1942335345
2129379638
2129379638
1978653178
1991926653
2106632656
2106632656
1988166225
2093626927
2093626927
1766054941
2103043860
2103043860
2025772790
2078941430
2136425994
2026009787
2026009787
2079820524
2142086212
2026009787
1917955757
2112265100
1941712198
2137380087
2130852673
2130852673
2071410870
1852851631
2050670621
1887668200
2015417487
2053613854
2105409142
2116867884
2098680517
2098680517
2098680517
2116867884
2074942949
2098680517
1426636291
2135033659
2135033659
1362195913
2063112685
2063112685
1959838589
2088067351
2138926067
2099337433
2099337433
2114478491
2099337433
2046463270
2065356928
1999852718
2099337433
222846840
1843714260
2009597747
2142764769
2060472632
1913460877
2111821114
2142764769
1964943078
2079329134
2142764769
1924460810
1344787994
2142764769
2003272413
2001918062
1771298558
2014175266
1856063441
2040616735
1640591033
2060374240
2103846196
2036956751
2120173481
2103846196
2089972331
2089972331
2097018367
2138666804
2120173481
2138666804
2111979143
1266354490
1929441932
2077888653
2007621346
1506095346
1929617498
1466325999
2000277046
2140006307
2082241654
2140006307
2137045640
2018244247
2109869990
2137742063
2109869990
2109869990
2147437198
2147437198
2064866958
2095740171
1698079814
1948343828
2118843302
2120745678
2133659299
2105277982
2105277982
1941882652
2136945613
2130952338
2105277982
2059424906
2029821725
2049637720
2101908741
1563742739
1734293549
2101550791
1305403360
2121084083
2101908741
2060898143
2122413333
2060898143
757455251
2083516379
2117641494
2130434703
1960631712
1923385802
1585670135
1991908528
1991908528
1935770928
1122319096
1941712198
2121003761
1991908528
2071317782
2038467951
2132905650
1991908528
1794156587
1873828387
1850499149
1731544483
2078743095
2078743095
2077856701
2119008939
2102109626
2128374264
2131089969
2048295632
2145886804
2146002653
2146002653
2027211032
2072246361
1946657600
2002972097
2139145315
788233327
1131897081
1946657600
2044768786
2068656058
2041690746
1957663870
2063026259
2071169793
2039147165
2009740982
2133237139
2111518474
2089920893
1871349268
2139228439
2072226240
1515066872
2110588232
1476768351
2133237139
1979614299
2133237139
2087288236
2122110401
2122819313
1369930228
2133237139
2134794161
2063969077
1632649066
2126388958
2126388958
1849671658
2126388958
2113690695
2126388958
2067703192
1890413991
2126388958
2133237139
2126388958
1987765092
2133237139
2139281783
1414715299
1903326535
2101669442
2125685015
2070869716
-377251538
2070869716
2070869716
2115120995
2002845567
2070869716
1452166170
1933627705
2011895110
2088875547
1811376055
2044417718
2125665013
2013666973
2129841000
2013666973
1753920131
1422012224
2129841000
2094774989
2072892200
2135721326
2094246161
2135721326
1478645917
2122636947
2135721326
2135721326
2135721326
1933644609
2003139873
1847831053
2141776553
2019298505
1926705188
1847831053
1918462252
1934821704
2004540031
2121075432
1989452419
2098041975
2033031554
2121075432
1911416693
1883327882
2110564369
2121075432
2041937605
1966116376
2104583494
2086924996
2045539694
2075095858
1641243903
1917618558
1855935451
1954667871
1793769965
1998684359
2039325395
2136701279
2114833927
1916408238
2124014105
2141776553
2134731544
1872442580
2097980354
2143898691
1787888830
1852222766
2017721850
1292136604
2017721850
2017721850
2092435055
1830119392
2122902608
2018854036
2134528216
2134528216
1973803803
2134528216
2083882802
2098014140
2134528216
2134528216
2098014140
2112719650
2003838883
2137636300
2137687385
1953878078
1540999093
2044569969
1947182068
2088900131
2137636300
2139739543
2139981976
1760643568
1942741582
2075026784
2011509777
1693772541
2146542013
2146542013
2122798866
1346866221
2017599443
2147119759
1943640139
2076648857
2145849279
866635256
2134782028
2071247582
2055180792
1990410635
2095507800
1304193673
2112642707
1785351097
1913149161
2125013863
1311997875
1304193673
2141633494
2077536764
2072091748
2072091748
2072091748
1911365081
2019614698
2019614698
1807272799
2027280775
2021307537
2141776553
1985672892
965305028
1743419256
1900019387
2123088902
1498550701
2105867677
2060484966
1840191844
2105867677
2105867677
2130387935
2146471692
2146471692
1868831895
1682008456
2018316643
1915796473
1864838434
1895929559
2040997650
2040997650
995636486
2040997650
1677127462
2094481741
2124114326
1879938758
2144217151
1990385492
1973580656
2144217151
2144217151
2132152444
1969105108
1810861229
2095210324
2088386800
2132152444
2132152444
1161343427
2031954193
1940435857
2119748045
2108200960
2114893206
2123561700
2123561700
2022623668
2123561700
2123561700
2112674701
2030881099
2123561700
2048552387
1910672155
1162322825
2126666318
2039652942
1842088559
2003471038
1707957318
2138288519
2007506368
1974028998
2007506368
2143169002
2113538724
1761234171
2046599222
1899965197
1753422526
1984723779
1859504933
1309307771
2065921284
1957089346
1889889673
2117321546
2016691721
2117321546
1941196885
1941196885
1948161484
2101862116
2101862116
2101862116
2054764478
2112874536
2136250048
2042686475
2136250048
2057344088
2136250048
2121295896
2050960362
1973855188
2145960792
955819018
2033128346
1863440634
1918555372
1988091179
2050960362
2098642558
2114247663
1988091179
2114247663
1842964489
1988091179
1973855188
1992618523
1973855188
2126917895
2100484638
2080680675
2142702941
1927903628
2008327455
2098374897
2035797558
2130239213
2130239213
2010999412
2146692521
2017994036
2129602370
2071086332
1708841305
1774233367
1461116115
2067514245
2067514245
2083060031
2120638764
1454472726
1764213346
2120638764
2122064935
2097341431
2041915989
2023833679
1971633617
2114247663
2141700039
2012229407
2054155203
1984822857
2091551766
1910723882
1910723882
711184003
1635089459
2061130591
1657775280
1905393554
2056137519
1905393554
2061130591
2018081763
2118394835
1942066554
1551959180
2021279835
1235921274
1556031448
2042454932
1620157454
2037604103
1932454221
2042454932
2025690328
1636817796
2133545450
2098551642
1930636159
2098551642
1879502152
2084398877
1666952253
2108511710
2058312467
2077528509
2077528509
2077528509
2117946681
2109578864
1409748642
1689906600
1816725209
2092258021
2112346751
2092258021
2042454932
2092258021
2072054866
2064551491
2092258021
1325270413
2087075749
2105996262
1889217762
2136854610
1815929938
2116639957
2133255549
2116639957
1800050436
2116639957
2074347218
2074347218
1971252416
1351178543
2029878093
2136562553
1817530299
2141675876
2036450276
2026877687
2080213325
2002518766
2145871358
1528425969
1518948298
2081000463
2079256576
2008918986
2079256576
2133336822
1975044445
2131604675
1967325564
1719136069
2027073120
1999848002
1999848002
2105791197
1380409320
2068267908
486987708
1706033323
2063169895
2071913327
1984537221
2076448792
1266239606
1557116974
2035885893
2087689442
2139798138
1959143517
1759124143
1965418934
2130507704
2130507704
1978356947
1402100523
2057411007
1813114749
1859510514
1419241379
2138458162
1852409856
1650164151
2137108773
1873759034
1960501468
2094071659
2090991927
2090991927
1603489430
2055508538
2094311210
2123747926
1955157499
1587184102
2135255660
2096990585
1561612703
256487843
1928172749
2049373863
2135810811
1691532274
2069236660
1915562970
2099466268
2145658701
1653514331
1823829071
2026224984
2080850137
1771699423
1979706663
2053983847
2032249051
1605091628
2123982093
2003921115
1680330385
2066644602
2066644602
2106811452
1789493128
1929229621
2034677112
1789493128
2133322940
2091678629
2145549894
1855856868
2128903144
2097614768
2009824813
2009824813
1308149661
1851994305
1588024615
1815584645
2045294323
2108306295
1514243930
2059724757
2089372263
2009544104
1979114173
2131975973
2130408927
2021192416
2030061882
1768686012
759360932
2102822963
1722666918
1938108685
1998670871
1942539909
2121000042
2146975388
1977234621
1812659328
1905623572
1982812385
2096315103
2008850656
1717241583
1904116469
2145750627
2145750627
2144619513
1636341501
1877286391
2049056052
1626877271
2034066400
2023610929
2126800005
1610264822
2016348988
2126800005
2072467587
2039228345
2121380371
1904794786
2099132470
2131211338
1983901680
2060537876
2052405263
2125954674
2138535513
2091716016
2147028733
2104792427
2085339963
2126470476
2143012889
2143012889
2138180086
2138180086
1801405068
2138180086
2077478936
1961737323
2058836535
554503356
2006287999
2116401060
2071903731
1700849332
2097493044
1898313563
2083939255
2141366143
1898313563
2113768359
1994686821
2048108740
1802040918
2021703218
1946522509
1667387606
2141366143
886191779
1883040084
1880782571
2129808070
1914083147
2135313007
2129808070
2128664097
2036106380
2104704409
2133323964
2133323964
1601678892
2133323964
2133323964
2133323964
2070232278
2133323964
2080049074
2091798863
2067487489
1930406983
2120137978
1511176436
2098278642
2098278642
2098278642
2098278642
2059024522
2122517624
1916323013
1853640004
2094625426
1953090534
1953090534
2098438303
1914609583
2086824717
2037227392
2127476835
2006483949
2024777700
2127476835
1919661592
2029652509
2142065398
2122772143
192764564
2127476835
2081953927
2141419904
2044023959
2050176032
1216728047
2078138086
1967610100
2078138086
2146035852
2146035852
2078138086
1740885414
2107016380
2107016380
2141953970
2107016380
2007347665
2107016380
1981154070
1979495969
2073749176
2131785367
2063671981
1941067076
2032134589
2079152135
1970360347
2063671981
2034487218
1805788172
1891494527
2113835461
2123633515
1805788172
1893176496
1883398212
1970360347
2144988436
2132495777
1262351827
1926790355
2072631872
2115548324
2131273160
2042206699
2042206699
2126637939
2092923554
2126637939
2065770801
2065770801
2065770801
2022985715
2077850520
2112197079
2115462073
2077850520
2077850520
2077850520
1851062199
2077850520
2077850520
2054336089
2040126463
2054336089
2112197079
2054336089
2087880101
1879063907
1796770633
1879063907
1778419858
2052169099
2056072343
2056072343
1737407531
1023441741
2056072343
2052823981
2056072343
2081854363
1625020302
1854010985
1854010985
2110545096
2110545096
2103089158
2059919540
1645633726
2128791281
2107612451
1932674624
2076646775
2024720727
1932674624
2028411613
2111108459
2040178452
1403046219
2102418358
2010513928
1867492955
2146110007
2146110007
1844474665
2140080332
2146110007
2146110007
2146110007
2146110007
2146110007
1575689895
2140080332
2033036868
2076646775
2004751660
2112272494
2141370660
2141370660
1915648283
2141370660
2141370660
2141370660
2141370660
2001545362
1634329870
1786121962
1588684143
2087807493
2087807493
2144824975
2107023336
2105559766
2119159390
1900939815
2110274805
1589479578
2114958597
2114958597
2110274805
2110274805
1577571139
1720673419
2027391072
2110274805
2110274805
2061411759
1685744866
2000192855
1994779790
2118630582
2120164930
1532298807
2127342174
2102795670
2147153595
2123471104
1606366645
1904455895
2141740463
1806562325
1755913839
2015041796
1806562325
2144427236
1851550049
2128791281
2121400347
1815736226
1335519858
1979358399
2106706404
1608796072
1940855804
2145272425
2058181720
2058181720
2066219412
2085789722
2011474305
2051259300
1967257790
2145692433
2145692433
1820013788
1636063846
2145692433
2134852772
1869462446
2023150992
2095587625
2095587625
2085481751
2121633348
1857585436
1857585436
2020600060
2086870661
2131217055
2021935667
1769295025
1981024851
2109073459
2146260576
1437674926
2085627078
2127934673
2085627078
2038345182
2127934673
1947330152
2064891335
1924161170
1810683934
2115285664
2115285664
1805253011
1975150282
2120254214
2107134233
1807887690
2115285664
2115285664
1780043287
2144882719
2115285664
2115285664
1362554272
2119345919
2115285664
2092990397
1975259142
1812447840
1917517110
2134122611
2064197032
1829814046
1690906736
1935041349
1687634152
2127776556
2127776556
2127776556
2127776556
1859267849
1912857926
2114034285
2128508217
2062027574
2109134582
2049387842
2002067823
2133692360
2037030096
2134251122
2134251122
2081592636
2081592636
1975119376
2102466200
2044000825
2047021078
1520122371
2122895732
2084149951
2120319419
2094537307
1861210716
2094537307
2084149951
2128791281
1990591984
2070159021
1704507243
2084149951
1961518485
2092566742
2067141922
2147207523
2043949451
2119817352
1448623874
2075662279
2035704035
2094535581
2077532937
1998138111
933586556
2140892880
2143116573
1862062733
2116117955
1561285659
1758127661
1282928015
1860818392
1841439561
1986569288
1890241793
2118642374
2118642374
2054882412
1951272608
1392791269
2064347040
2137677526
1651228458
1430336593
2001282940
2075038988
2087421735
2007002392
2003282784
2141317620
1961152040
2024846552
2047141309
1509794299
1941544340
2062916376
2139413314
1966185433
1927311374
2139413314
1780066463
2135933209
2146330134
2139413314
2114754380
2114754380
2132678804
1951278829
2114754380
2135933209
1873017830
2013518825
-206132850
1706820576
1867602963
1361025755
2084826984
2018944590
2147065446
2083426320
2109037631
2109810356
1902431124
1447217401
2144081633
2061572816
2070997911
2097364962
2109993842
2054242074
2050741680
1786608938
2109993842
1698581217
2131163211
1555892875
1663585740
1922120564
1922120564
1624872652
1972996878
1939257793
2109565844
1922120564
1922120564
1893354015
2063550733
1968272574
1728758851
1922120564
2139733645
1807374573
2139733645
2112071557
2109253311
2142772206
2141143619
2125778732
2125778732
2138025444
2017002519
2036521238
2092463229
1755521306
2139531140
1189186302
2002289657
2096717073
2002289657
2144760772
1854657514
2111895162
2098578551
2098578551
2006285352
2083279061
1962578955
2076321337
2088206432
1978562511
1920410774
2104683042
1073483406
2126644205
1866216115
2044960607
1953455322
1954636941
2122322236
1953455322
2029958525
1921210802
2062410472
1592201538
1955039156
2141190250
2112584617
2077184498
1971823146
2132067736
2087948279
2091615061
1994322807
2044960607
1961276258
2114826941
2114826941
1854086881
1868886858
1811104009
2103387961
2107522252
2083941913
2076796842
1806917622
2084782469
1806917622
2130920636
1754622890
2006221616
1547140374
1806917622
2130920636
2013125709
2130920636
1843660767
1811317571
2123655045
1929631631
2092894389
2099487748
2099487748
2089481309
2119218999
2099487748
2131837040
2139985202
2112060493
2145723618
2145723618
2145723618
2030329194
1934645912
2117760583
1268227172
2096557294
2066119974
2102318231
2102318231
2099746716
2113477455
2128279433
2146454337
1951650206
2065347457
2133520218
2135983032
2133520218
2137828681
2088065170
2068148766
2046799010
2091546906
2096754838
2120430425
1894268469
1708569775
2134969899
2124763840
1733891643
1985641024
2041989731
2111378331
1627009995
2066768829
1994725204
2051803688
1996926877
2015577796
2127232698
2069015749
2109561323
2145064920
1876711999
1793466821
2109555025
1764121788
2070927001
2088494096
2094306655
2104175131
1849168801
2137355214
2120755442
2019629842
2045709199
2105137389
2103524539
2054387196
2122411441
2122411441
2054387196
2029901463
2042183836
1897540889
1866978562
2115066625
1515950851
1933122380
1717406979
1643929985
1988797144
2059315556
1953261015
1952672867
1953261015
1887050552
2127048086
2133055799
1766723292
2123702528
2081116089
1869689633
2118650478
2089579209
2089579209
2043798299
1913457939
2095672232
1713884000
1856099569
1993417020
352753219
2089612702
2089612702
2089612702
1993417020
2137423123
2130544198
2097643716
2137423123
2108179844
2064751155
2125707676
2104519169
2104519169
2116200449
1973449726
2082305375
2087620092
2078926863
2137345455
2137345455
1884298381
2035401911
2035401911
2035401911
2027324150
2108878555
2142147170
1702719356
2044526727
1912943483
2117565540
2109228390
1894445964
2100905679
1492212212
1990978422
1948767926
1993870992
1843359372
2098419336
1687951675
2106334858
1922371527
2068924949
1515407708
2068924949
1942449104
1178296436
2074023744
2117689104
2094019747
2074023744
2143027181
1939127939
2007200367
2129101779
2109029371
2109029371
1982738673
1788767168
2129101779
2061575989
2129101779
2092159451
2104706622
2120839934
1982352215
2061525610
2061525610
2116512227
2116512227
2061525610
1834157084
1903584111
2081918787
2076850800
2009418754
2136625100
2140331437
1678122918
2105954030
2136625100
1990393189
2106953519
1999801263
2105954030
2027246477
2135153575
2133027018
1206747874
2008901476
2135153575
1933765082
2102244113
2136075673
2059297288
2077590790
1640032837
2129101779
2026640757
2059175254
1538315386
2063804591
2129101779
1678937217
2126351544
2145808568
2129101779
2038215910
2031613770
2110300432
2101265553
1831699450
2110300432
2032393446
2110333851
2017820788
2001923948
1981822460
2074385059
1507490951
2090325601
2090325601
1763751551
2131634327
2129450233
2131634327
2131634327
2131634327
2090325601
2143211605
2143211605
2131634327
2143211605
2143211605
2143211605
2073682366
2143211605
2039861985
1854859891
2083970082
2130659289
2127887981
2107961224
1960278686
1998014048
1996049938
1876691691
2061209638
1844234547
2041978327
1902049582
1995355703
1947492491
1977726410
2073682366
2066995679
2113966756
2066995679
2026909358
1863506441
2066995679
2124202303
2045188454
2138048391
2138048391
2083590010
2142082245
2069099334
1964410456
1963004812
2083590010
2088048923
2076255775
1965286199
2012848848
2124799864
2133855059
2137009852
1922612455
2088147622
1980967706
2088147622
1489019365
2008916072
2088147622
1864297404
2123789133
1788271909
2078990496
2094361994
2134090167
2085188653
2059769910
2008480692
2146808230
1656632229
1522062033
2146808230
2054685840
2016298538
1900916974
1881854204
1870103287
2102781195
2060342484
2142997447
1882745775
1767825614
1815512238
1935760714
2011969197
2135717561
2130505014
2082534032
1927114846
2044036085
1779764896
1684613927
2107707051
2145358895
1932950610
2074547318
2146388867
1465416670
2137888674
1430407761
2074547318
2074547318
2145284519
2146694508
1998593165
2136717367
2144185608
2125091626
2144185608
1519896974
2071044240
2141518629
1881207391
1924223157
2107674593
1671106933
1991451378
2086124509
1991451378
2108354055
1375084584
2086124509
1981060895
1953680019
2001110587
2106138132
2105540255
2106138132
2130052330
2117591706
2117591706
2072140160
2102645869
1941152753
2096906871
2146058917
1941152753
2146058917
2088155516
2146058917
2114524522
1949469075
2146058917
2027264542
2055746717
2083131627
1778408608
1998411073
1737339147
2086715753
2123135305
2086715753
1817889967
2067534546
2096348989
1995157080
2142258573
2142258573
2102806272
2071630881
2122052005
2136969798
2088281657
2083258709
2021368186
2071630881
2136969798
1646314064
1580302078
2072155156
2072155156
1693803059
2072155156
2067071987
1578929577
1885660891
2002283929
2041045509
1844453024
2078657536
1957670840
2079909592
2045107331
1995762817
2099116443
2087974127
2087974127
2109956712
2109956712
2020594288
1271431755
1969250955
2132504191
2031437990
2102228554
2124280259
953270264
2124280259
2035463005
1770728251
1955135889
2086579930
1709943758
2137601741
1661247039
2137601741
2137601741
2031713377
2042430407
1935696477
2130394208
2013156076
2130394208
2140846128
2098483582
2118964098
2111729661
2094324853
2111729661
2044670493
2133205433
2111729661
1972761001
1972761001
1187350138
2129620623
2133205433
2145391974
2084878874
2088039232
2142630174
2143766267
2112551622
2146372604
2112551622
2099809209
2108906866
2021819148
2146372604
2146372604
1982681622
1768157066
2090628581
2117938624
2128672508
2085381978
2085381978
2030255949
2089070460
2127692084
1978454783
1978454783
2087034777
1978454783
2049930458
1829930656
1875029810
2120113608
1829930656
1978454783
1954370942
2087190642
1952727571
1891532067
2096676549
2014734694
2060351417
2060351417
2087879812
1848563856
2125035230
2139107165
2060351417
2060351417
2126184788
2137877657
1585587067
1743092959
1988860090
1816509024
2103695339
2103695339
2035396052
2089865003
1683078967
1959610219
2103695339
1788320087
2013018757
1968422900
1851444306
2112358674
2068828038
2068828038
1936734960
2068828038
2090746390
2107109223
2134455528
2107109223
2147327314
1954052903
2130273440
1814547688
2023889278
1581823823
2111495615
1879749632
2111495615
2065583490
2136643631
2087822021
2094220945
2139324574
1736926428
2139324574
2139324574
1725068840
2064528262
2130509978
2134314937
2130509978
2087208257
1953235857
2099912369
2034401346
2089341336
1850589789
1863457403
1954630109
2091366960
1983970991
2093232579
1905335982
2087534585
2080690422
2107526342
2109258799
1870691550
1677496622
1394142461
2099451114
2096912235
2118184802
1785336844
2119730936
2118184802
1868654826
2006368901
1877926498
2138208897
2031615779
2098483634
2070222246
2106321476
1345916596
2076939107
1993447895
1956638099
1348613133
1861643544
1725543475
2143796537
1956638099
2032359002
1942083755
2135280405
1661086206
1908833969
1879067147
2040204692
1954574373
1659632227
1835238936
1834770552
1659632227
2019578435
2091925998
1930176980
2113768578
2039706512
2036274282
2036274282
2084324524
1978677757
1987514800
1003487597
2060580849
2066663285
1944153144
2118201430
2132847725
2064986577
2098750946
2132847725
2141865670
2131164922
1870115370
2123206617
1159807832
2019733582
2010873777
2143958151
578404169
1986191791
2045887965
2143958151
1924759427
2143041499
2125186972
2116530955
2126352901
2119566499
1693310728
2023519054
2023519054
2049209209
2080673450
2010223488
2010223488
2080673450
2080673450
2068581685
1274903093
2002295901
2121517990
2044034775
2062005869
2082205811
2082205811
2075227476
1904185249
1970157996
2114489659
2081010762
2006163375
2146996908
2097369217
2146996908
1154053265
2070151389
2060831478
1827901025
2111680868
1815004994
2025475285
2144357649
2144357649
2129883317
2088515683
2111680868
1973997089
2129883317
2135053042
2135127507
2026989206
2121164961
2142842065
2135053042
2121164961
2002633803
2093010831
1545457684
2128340324
2114954489
2127418309
1877154852
1553003335
1927223186
2094043138
2086389249
2022918395
1298718052
1920656108
2001196556
2101772486
1793496719
1875314374
2087465917
2091154029
1971287424
1997028938
2070819566
2091154029
2146153002
2136336544
1969294796
2110433699
2110433699
2044056226
2120717096
2120717096
2068189373
1709773460
2114369715
2066891092
2105592317
635221843
2057841713
1952757747
2100277892
2048305897
2002105888
2100277892
2100277892
1156026766
1899692193
2100277892
2120879540
2048305897
2115440947
2029160777
762533872
2051332108
2135948965
2027559329
2097810073
2118096896
2027559329
2130938653
2097810073
2125578103
2139706628
1598599131
2110520521
2036417323
2064701236
2110520521
2138589081
2103075057
1851050096
2138589081
1969581287
2110520521
1950057048
1976574150
2109651690
-997159405
2041556698
2074463148
2033488790
2142844077
2142844077
2022243587
2142844077
2141898031
1654231700
2026843375
2061042768
2080995073
2018483410
2091791345
1878423104
2053305159
2026843375
2144981807
2142294496
1878423104
2144981807
1946489694
2143368755
1753733623
1841711628
2114996059
2073666786
2032162445
1894828699
1808838049
1809674526
2036415864
1507292625
2126304000
2066008809
2141414679
2137930803
2112250735
2112250735
1890269465
1933951426
1927415599
1930840389
1927415599
2071358895
1939560980
2083613509
2146532640
2039399448
2036328065
1747834094
2039399448
2120124270
2028648304
2055573606
2091382676
2091382676
2139790522
2092259466
2129845592
2129845592
1930840389
1496518406
2111906785
2043819000
2116987993
2145900559
1776274070
2110265203
2065748117
2065748117
2065748117
2065748117
1953598322
2129532006
2129532006
2091790710
2129532006
2123185450
2123185450
2059135094
2005345441
2122728774
2122728774
2112612208
2006373128
2114736149
1977798023
1995116371
1982410856
2097724357
2120378012
1676918001
2083046591
1960979013
2030617843
2072722965
1926674664
1946193319
1768800942
2007379933
2139726705
1970795124
1986107264
2032072351
1977301591
2066553629
2078474248
2076830042
1875426668
2018205163
2003919423
1966132556
1594074635
2145500007
2128481251
2006070137
1821124432
2130740332
2136187354
2136187354
2136187354
1774398924
2091730504
2091730504
2111474907
1614739958
1053319248
1979354669
2091730504
2056943025
2120202600
2139173194
2139173194
2139173194
2139173194
2139173194
1983568396
2082846946
1762839512
2041950986
2098725890
1800970959
2140476020
2130740332
2140476020
2107401463
2049535996
1985979574
1893326734
2050893287
2118037882
2147453442
2146360930
2146360930
1826331549
2146360930
2146360930
2114153195
2146360930
2007183444
1999398622
2146360930
1855126549
2076200672
1478898734
1823977134
2112261453
1970174904
2112261453
2125054446
2112261453
1998622780
1994929911
2010399557
2035483558
2117163851
1844542423
2117163851
2117163851
2019910620
2136320544
1959394132
2136320544
2086993818
2092432859
2136320544
2096480290
2092432859
2092432859
2052822680
2136320544
2015668806
1849877276
2015668806
1956183531
2136320544
2132175506
1728359548
1932691271
1389721534
1870242300
1032993688
2141413854
1420413808
2126811998
2018272737
2137813321
1851868244
1906159341
2087502239
2017528515
1953846429
2114116230
1495288236
2088241477
1689655097
2054980260
2040135248
2118040771
2139971068
2040135248
2139971068
2139971068
1966676475
2077116934
2023834133
2144428011
2144428011
1359391342
2119202644
1694406508
2087118526
2087118526
1851787478
2081599531
2095579907
2060570468
2139100681
2141546149
2129592951
2141546149
2129592951
2142825451
2087720813
2040848694
2120221207
2012313174
2040848694
1670365626
2103177643
2118458155
2128524532
2075148653
2128524532
2143491718
1993658771
2143491718
2143491718
2098532004
2095820944
2017420835
1231694382
2067941594
2030020331
2050577644
2020634892
2097689299
2020634892
2020634892
1887284089
2020634892
2011146728
396321426
2055421055
2064938459
2055421055
2145153277
2145153277
2062197481
2142682157
2048053699
2145153277
1907092003
2145153277
1907092003
2098747551
2145153277
2145153277
1994865642
2021785701
2145457884
1783800398
2013215629
1984655048
1984655048
2142682157
1812609834
2080007195
2080007195
2024150027
1892928176
2123216365
1774524354
1913515357
2068468448
1857566143
1143214526
2143757776
2143757776
2143757776
1865220358
1970345393
2127046276
2068765923
2070998640
2127046276
1841260825
2105387055
1049012380
1960568332
1940912428
2131390913
2138599508
2138599508
2131390913
2086498100
2127046276
2106746584
1836327265
1698637058
2116784476
2069213364
2032003662
2055464048
2010272125
2125809935
2105544245
1966613884
2122133928
2035406631
1912843954
1802098236
1777451041
2067121120
2142398472
2144694248
2144694248
2142398472
2142398472
1783358816
2024479467
2139961283
2041520291
2024479467
2018414623
1441873015
2049229224
863949734
2126665262
1978827279
2140094725
2140094725
2140094725
2126665262
2122500474
2009368589
2141257258
1907673102
1094787620
1803123971
2092278354
1896863625
1993035868
2073420107
1710134563
2143128553
1993035868
1741131155
2025925203
2125285728
1726032286
2141303662
1971112551
2137898800
1923969540
1714346048
2137898800
1751418718
2137898800
1148569719
1771367403
2137898800
1972816913
2137898800
1902496034
2041693458
2048877397
2115311261
1475500150
2048877397
1847690478
2090331926
2090331926
1716848459
2084073848
1762908590
1998467830
2057156926
2057156926
1050407915
1942554317
2048979248
2136953437
2048979248
1854483314
2116085570
2041080162
1872708882
1637205756
2081696483
1817465668
2113316254
2028617768
1999658463
2135591895
719887856
2050783966
2108199193
2146205599
2106040012
2046987766
2038524868
2130919792
2041999981
1893167586
907556421
2104759220
2087258564
1920756493
2062930770
2104759220
1824759097
1904918675
2009510660
2020713250
2110654731
2020713250
2114471348
2114471348
2133367363
2103268758
1873953815
2114471348
2121570796
1497971738
1764059715
1701019661
2107960447
1806336611
2101533414
1869225489
2024395623
2104575218
1742913777
1686170906
2134867707
2054201782
2035717135
2134867707
2107960447
1594167964
1929498884
1676034618
2094843134
2058539036
1917096916
2143167175
2139792683
2143167175
2143167175
1950833107
1760728174
1980864487
1822863188
2018453234
820873703
2046425654
2107133647
1677421807
2054943732
2107133647
2069327003
1985896448
2040100008
2113052412
1648490432
1947039257
2068682991
2068682991
2068682991
2068682991
2083071831
1467786521
1798061270
1981404993
2128569666
1940244254
1990311806
2042441822
2145897671
2064200120
2091787764
2092807923
1927853519
1240586721
2042685784
1817110448
2042086751
2109670666
2144349437
1962090647
2110782279
2106234726
2122575906
1992280227
2120594019
2087341225
2006563917
1996433765
2059254270
1341481094
2059254270
2028267490
1873578559
2031935773
2076558301
2010818466
1888358431
2031935773
2080333313
1899552632
1787655965
1791993416
1862639136
1998308652
1897071384
2031352921
2040007418
2058118604
2058118604
2055332097
2001357686
2054810553
2126658893
1721290283
2052333736
2140954440
1731698274
2052333736
1712482467
2042871549
2042871549
2017952219
1588099358
1588099358
2114940520
2079975417
1945365520
1945365520
2126492568
2126492568
2075870967
2146372167
2146372167
2130069475
2138087101
2076966573
1992606363
1764742236
2123454687
2113926503
1873316900
1506339691
2100524771
1869062592
2006729857
2143430630
2100524771
2109699706
1728824484
1954069467
2118962388
2017907411
2141857239
1728044234
1436875219
2069368410
2069984092
2114630944
2069984092
2067536704
2068705874
2120727636
1816312526
2120727636
2126649644
1707511486
1968206148
1984729002
1841701740
1898366593
1917467764
2132511923
1806556889
2129444405
2089054205
2129444405
2132511923
2132511923
2132511923
2129444405
2129444405
1783267964
2129444405
1987523282
2136282300
2129444405
2129444405
1812642942
1909851939
2109140835
2102371791
2102371791
1954448463
2116067591
2116067591
2138992797
2112077714
2112077714
2112077714
1974558967
1974558967
1611587387
2123000833
2143115019
2124258391
1777544210
2133499308
2025544476
2124258391
2135845281
1769085193
2103783049
2106566169
2106566169
2121893563
2139753193
2130221681
2139753193
2125495764
2138508058
2138508058
2122141417
2135479313
2097252646
2097252646
1857661152
1987119256
2012849515
1889744422
2085696701
2047695416
2143948838
1945838834
2031978275
1658623138
1875739082
2056185117
2143543567
2097389107
1890452687
1896359674
2143948838
2143948838
1763515001
2071087381
2146946000
2074008394
2074008394
2074008394
2146946000
2095886208
1453476738
2062109392
1523188692
2045976804
2062109392
1964270508
2107708744
2034044175
2144795437
2034044175
1177908042
2129761009
1618796594
2135704303
1707046266
2064077870
1481321164
2125148474
1241998335
2108641650
1295362697
1976302222
1998411891
2108641650
2108641650
1900550785
1975324973
2146231923
1967672197
1810055307
2108641650
2099858033
2012435903
2085180868
2019585482
2141145520
1777889620
2059639289
1754576677
1736208005
2123834862
2118894508
1899330519
2144838164
2090355697
2090355697
2090355697
2086417465
2086417465
1924043926
1994311900
2133616056
2125861821
1817847870
2001033213
1939629123
2077987608
1993008453
2100144926
2028610201
2100144926
2112137236
1989701598
2030492052
1709201820
2113412084
2051357885
2113412084
2005128147
1739651564
1896308016
2142413096
2102581649
2132778654
2142413096
1911419639
2142413096
1932834803
2142413096
2131780976
1936383047
2124968384
1808116805
1464354126
1999370585
598963536
2055445342
1982265823
2107598288
2112551392
2045752178
1266199008
2123127312
1764577225
2099709496
2102848319
2097239361
2109837541
2079200050
2079200050
2037645253
1865597546
2012120611
1999226664
2124880895
2142217291
1891383074
2146755005
2138336880
1832556629
1970596248
2007296893
1970596248
1595185936
1885586725
1975628952
1878638440
1963026417
2008070815
1897369257
2107203443
1947796556
1980698470
2147317630
2107203443
1772503752
2104219171
2104219171
2104219171
1784930516
1677324511
2107203443
2105557352
1960563255
2092143664
2031641126
1890660811
2092143664
2031641126
1677324511
2107203443
2107203443
2107648202
2114943514
2073693799
2053179197
2068413249
2110290378
2145006229
2132770919
2057725742
2120394176
2120394176
1476416515
2074278393
2120394176
1382271628
2090628148
2020437764
2020437764
2020437764
2059467347
2004924375
2067276186
1659580477
2020437764
1949484052
2146275459
2020437764
2062924566
1964799063
2081706533
2087082798
1989074376
1673436325
2054751098
1993279994
2081706533
1987390533
2031148517
2133531023
2127563700
2133531023
2031576290
2145206859
1916923470
1916923470
1927178347
1773283327
1794693076
2088266803
889429034
1973650373
1975775112
1819942699
2141435374
1523383993
1936915548
2088304853
1525020921
2061340650
2139306326
2103229985
1969776453
1888037201
1789011185
2136445346
1551546538
2093697406
1955674617
2069771512
2082155674
2132428396
1994917628
1959611024
2000555147
2000555147
1687231353
2000555147
2067856002
1989981887
1635879661
2113764907
2079241652
1986997829
1960529018
2056749323
2046440289
2010863551
1987818874
2050049691
1538662862
1854199849
2081029421
1242679748
2066568425
2016868480
2101758922
2118838443
2040988061
2066568425
2066568425
2066568425
2121958014
2119291813
2066568425
1865336457
1885174604
1981482403
1611366794
2121958014
1666026636
1865336457
2098183762
2098183762
1971611349
1629364052
2026567899
1849821837
2121958014
2046714249
2119103971
2144272294
2011500948
1300078526
2088381972
1986890464
1795370889
1954198794
2137202664
1918986120
1942485226
1978003056
1917774999
1717864612
1934484999
2004515184
1915627609
1740982222
2127450633
2118876860
1777226748
2080064280
2132801174
2003805750
1427049603
1709947765
2143297509
2124946399
2080064280
2134672194
2026522646
2055201563
2122911994
2122911994
2141513629
2122911994
2141513629
1891703303
1941591651
2100182721
2098547463
1937871769
2144868993
2138525991
2030894282
2133508857
1691572645
2108358373
2125087788
2087259489
2122269884
2063959948
1918370031
2085313839
2026064720
2139075889
2026064720
2139075889
2044070904
1693139194
1693139194
1998505538
2044070904
2145768569
1911812804
2139014748
2139014748
2093620741
1598372777
2054852362
2144394286
2054852362
1945078300
2104744715
2014698264
2022530609
2139424095
1971126765
1943445711
2070457098
2118392704
2070457098
2077286142
2077286142
1678697562
1660923939
1893209604
2053106925
1766551904
1959758664
2063032071
1606667433
1937034937
1601100726
1718169843
1979165424
1944669363
2096450223
2086440543
2133108223
2032987408
1543391753
2032987408
2141844577
2078361267
2078361267
2141844577
1747304983
1937968001
2084852145
2078377692
2000464028
2116778123
2104892821
2098846799
2077303800
1906252364
1992920370
2116778123
2116778123
2057615999
1896563382
1904110411
2134676361
2134676361
2054017747
2010498248
1442257914
1976462440
1996915065
2136090156
2136090156
2136090156
2136090156
2136090156
2136090156
2136090156
2051829441
1804333465
1969836548
2130742342
2051829441
1918783664
1722903196
1752211664
2125971724
2107376616
1490721481
1768509459
2068072907
1745208838
2090197948
2096946076
2096946076
2095993119
2096946076
2096946076
1471436873
2105235496
2096946076
2089896555
2135788050
2096946076
1594070527
2063153449
2011511838
2087264181
2100920962
2011511838
2065217275
2059828175
2011511838
2062930266
2011511838
1733285653
2063153449
2132020900
2049691059
1886409844
2083052473
2016823176
2083052473
2106053513
2069349675
1775870054
2115108414
1865888071
2122966305
1063668345
2138059323
2138059323
2066536922
2116733077
2125522257
2146208734
2035606266
2016217604
2008738792
2110883093
2095014586
2070577349
1971632940
2110883093
2110883093
2143364558
2145912942
1517384885
1894918675
2081608612
2098451155
2098451155
2090270402
2016217604
2016217604
2121334480
1704431214
1589542287
1909879252
1736540336
2115985195
2110883093
1932405066
2096924047
2097238523
1841271242
1841271242
1841271242
1841271242
2125699610
2125699610
2010212163
1989094056
2125699610
2113185053
2140983745
2140983745
1815525046
2140983745
1841271242
1815525046
2140983745
2140983745
1713082706
2115802131
2132045369
2115802131
2115802131
1903911684
757451619
2137926108
2137926108
1366777191
2137926108
1698676317
1764979836
2049706903
1963425025
2006263033
1742600729
1698676317
2137926108
1224847451
1813607973
2134290034
2133067314
1982990560
2139747299
2139747299
1378425307
2116548376
1978385240
1958259854
2095465269
2124200313
1662417330
1910008341
1869675805
1929014844
1688854240
1973864901
2073150810
2073150810
1973864901
1792938955
2103421819
2103421819
2103421819
2098744187
2111143615
2112672673
2109904737
2000136410
2127591540
2080483432
2083723129
2098887431
1993551350
1523691521
2106621110
2125775671
2131947668
2097215464
1794560362
2137325527
1986017328
2142254091
2147070332
2117938217
1562887477
1717200449
1562887477
2104902019
1965197218
1813632658
1965197218
2145959516
2116170204
2116170204
1568878634
1795010373
1480709939
2088555398
2140632988
2126716316
2126716316
2064415691
2019132123
2127561658
1957390947
2127889198
2142375807
2090148594
2127889198
2090148594
2127889198
2138644802
2105896057
2105896057
2124017214
2105896057
1744916189
2124017214
2107167935
2071654891
2124017214
1931859213
2107167935
2144405089
2129797797
2001578930
2129797797
2052774644
1729935811
1984414401
1949886086
1949886086
2116114061
2103167047
2138644802
2090070964
1971898080
2090070964
2075142623
1814224522
2061715127
2113339444
2057861816
2116297671
2046287416
1999065179
2078312017
2072409139
2028236603
2136117404
2072409139
2140533165
2124874692
1979674759
1979674759
2124874692
2124874692
1979674759
1979674759
1803742289
2121666716
2110526425
2127624196
1848942388
2069949730
1649440223
2052918353
2134722771
2033473530
2036371110
2062765385
1182015170
2105459358
2145845740
2116916403
2071140001
2050792970
2107719548
2135071788
2144514487
787467841
1793222195
2024661489
2079502406
2079502406
1960735043
2079502406
1888554714
1205150228
2078344515
2001266976
1877786611
2104545099
2001266976
2078344515
2019972995
1702427977
2019972995
2090088306
2116383089
1975994607
2019972995
1829735496
2001266976
2010190106
1304159273
2128012797
2131307006
1148767461
2065044352
1952614492
2014707084
2093560880
2093560880
2049629444
1909446056
2127493262
2127493262
2133543367
2108923942
1909446056
2140772955
2116248731
2116248731
2144351875
2144351875
2144351875
1839324803
2144351875
1761759633
2027831652
2089551035
1884404739
2056489658
2089551035
2089551035
2089551035
2089551035
2089551035
1429694674
2089551035
2089551035
2117780559
2008271259
1935342741
1430737912
2068905746
2056961626
2116376817
1909877799
1662923694
1480567978
1521474852
2009178256
2060836705
2060836705
2132015688
2116376817
2142224570
2102313055
2095068885
2020494638
2095068885
2082446103
1592809205
2064874957
1920112051
1848969462
2010742068
1911467668
1911467668
1911467668
2139159986
2139159986
2094781941
2138672563
1505476456
1698838757
1845606403
2093498830
2128154941
1987774684
2116670831
1815874444
2127758603
2127758603
2115282370
2115282370
2115282370
2114173448
1980491047
2114173448
1562604015
2058029037
2058029037
2100353089
2105414468
2108530787
2087976957
2087976957
2115137137
1744318505
2115137137
2115137137
2051945109
1954972758
2025991321
1782447299
2138253932
1918720990
2039597755
1913169266
2115713310
2145111554
2124312618
2115713310
2095060600
2115713310
2053586126
2095060600
2115713310
2087505799
2095060600
2095060600
2095060600
2115713310
1962448882
1987813531
2061949499
2004857851
1503390729
1761683100
2147073732
2041920691
2115713310
2137302999
2147073732
2137302999
1818980594
1950235838
2147073732
2062737920
2137302999
1800994726
1601808467
1495046479
2141755228
2141755228
2050419773
1984992153
2096908063
1709046548
2067412830
2050556106
2123766408
2095400177
1390118495
2035134922
2023660115
2140994664
2095926530
2018284937
2050556106
2012104163
2049946812
1677536719
2097138954
1911143248
1956008709
1664533259
2089081691
1949898556
2095243803
1752474006
1388462890
2038786231
1388462890
1999683971
2038285303
2144463824
1875328512
2099524728
2146641085
1887873173
2146641085
1836882206
2050556106
2035063343
1930465377
2144744896
1576148984
2096637930
2127440997
2127440997
2035907267
2050556106
2108215262
2060227983
2143316538
1726571129
2127740619
2143316538
2011546029
1690061143
2082117955
2004037291
1854046582
2077076705
2004037291
2126840014
2126840014
1950396801
2130086224
2115051130
2130086224
2058158070
2065132926
963926411
2125054610
2110740178
2055822976
2137614057
2132832881
1811580963
2081417132
2098966818
2113914949
1877698778
2113914949
2066357674
2074057106
1899765009
1864732224
1982423947
2141932855
2144724579
2114828488
2134541546
2135283196
1975370016
2074047390
2015661803
1856302877
2007235231
1380001107
2015661803
2058364191
2034819640
2137577532
1900481882
2061323602
2061151785
1313524711
2061347501
2078598191
1757927709
2052692059
2052692059
1775758822
2088674933
2088674933
1789738804
1996458455
2130494449
2144326613
2045087612
2058976388
1786573075
1997517998
1332268272
1753100582
2144139106
2144139106
2146508380
1981710068
2086924750
2051445848
2143902843
2033822259
2033822259
862436937
2107679118
1406801085
1969518974
2141811310
1741917209
2033803118
2144139106
1910593931
2121426203
2131182460
1970260345
1927312128
1979547894
2090412898
1979612354
1875157146
1790788172
1185213943
2131229199
2075424469
2075424469
2075424469
2075424469
2119142713
2133326081
1414659676
2125107820
2125107820
2140546184
2034588188
1534864129
2143810538
1599215768
1982907332
2049258930
2130245220
1837962911
2084341388
164515140
2061014874
2006930260
1914607535
2106433425
1923797182
2131229199
2057065153
1868853976
2092768207
2125887620
1916891993
2016331753
2026665172
2125887620
2125887620
2125887620
2045666594
2094903217
1999365166
2094903217
1884967942
2102332175
1874716288
1738466195
2102332175
1942351286
2074248234
2130400116
2072907607
2031437955
2084736671
1998541913
2095498713
988782070
1921617661
1706427992
2119278176
2082787982
2085047316
2066701979
1862361448
1963123123
2012947360
2012947360
2145977755
2041695500
2041695500
1969260293
1575049077
1463546356
2014771771
2041695500
2089838059
2129959057
2089838059
2129959057
2091958414
2091958414
2129959057
2053537012
2129959057
1469171272
2055483373
2139486152
2130499145
2067254171
1869857222
2089762565
1993529323
1814372483
2119219321
2147243594
2142848164
2068168744
640685339
2134934661
2041439460
2142848164
2142848164
2142848164
2142848164
1922222440
1996703726
2098881630
2030940368
2030940368
2087618970
2117716926
1896408358
1683792817
2135949111
2135949111
1693365765
2135949111
2143948447
2038337061
2122175421
2049780078
2005995014
2140456284
1969635455
1857070271
2005807989
1691983198
2037273136
2064286106
1807578973
2124903350
1953294976
2094558274
1760903856
2084941418
1929104080
2084941418
1696110331
2084941418
1946589632
2104919759
2105869595
2034309342
2068099578
2105869595
2131442809
2105869595
2144769377
2093697599
2036683776
1619624775
1912269747
1929936800
2108366726
2108366726
1762540076
2108366726
1947917570
2146530632
2009746666
2029371064
2105005552
2087958088
2042374087
2109391638
1459816056
2055489664
1423558489
2087153056
2087153056
2046674315
1986933307
2132566904
2146708768
2058812463
1953375549
2110183821
1919641650
2122721627
1730282014
2114543434
1956237942
2085181493
1994404166
2137401956
2022866758
2137401956
2087904710
2100519452
1082880097
2084128543
2071513801
1845205558
2121834371
2066871382
2094271587
2126293302
1965378424
1694529978
2121834371
2065134496
2062640404
2067169174
1839172909
1965891238
2092262344
2060697612
2138738761
-186333820
2121834371
2121834371
2060697612
1723980980
2041158216
2018983572
2072389839
2132288726
2072389839
2101935747
2130648895
2036566058
2093610482
1847358019
2002305999
1837181074
1645474023
2042133696
1929690540
2063576844
1609601392
1793681199
1825559684
2079689071
2070715989
2070715989
1796710219
2070715989
1605804396
1823928312
2082898391
1953880184
2099170779
1248843396
2046826509
2129307283
2129307283
1954494050
2137226269
1702963451
2129307283
2142506420
2014448574
2072050124
2072050124
2072050124
2073885741
2072050124
2140528298
2140528298
2140528298
2140528298
2031928712
2132325515
2043568104
2018317779
2132325515
2132325515
2071756013
2112553323
2132325515
2045670661
2132325515
2045670661
2132325515
2132325515
-303848694
2132325515
2052809863
2128702866
2077271204
2077271204
1864053421
2093590179
2089600161
2103003825
1958694074
2118450895
1971796592
2037594939
2091496597
1971796592
2129834894
2129834894
2129834894
2037537396
1864053421
1931562376
1771746051
1963783276
2129834894
2129834894
1904034494
2129834894
1904034494
2084957681
1428594287
1460732184
2129834894
2096735211
2106143422
1713022353
1918757465
1719346911
1729371807
2140040617
2049161954
1934553084
2047398799
2075481251
2075481251
2016718684
2085955376
2075481251
2063400013
2063400013
1982889759
1990390057
2087205136
1420432850
1978232631
2036612385
1231266695
2068637977
1965160081
2043147315
2123229856
2123148584
2053684553
2109004694
1816334435
1893068848
2109004694
2109004694
2082490741
2142497460
1964707363
2142497460
2097902718
1918538568
2142497460
2142497460
2146267650
2142497460
1738546478
2137454671
1874397577
2097902718
2115106557
1689152323
2143849596
2133393006
2143849596
2143849596
1798911532
1695550156
1671968498
2106417805
2039721225
1830861314
2039721225
1875731133
1751717224
2102028207
253482879
2106629034
1990390057
2134998501
2138789484
1983825159
2138789484
1752079628
2138789484
2138789484
2138789484
2138789484
2102028207
832490962
2077075345
1804017946
2024267830
2143995134
1882126465
2140016490
1761972448
1963002782
2145472997
1793229303
2072526198
1902451494
2109263806
1882686799
2144700734
2144700734
2080246141
1605469490
2031852805
2080246141
2057227194
2104835326
2104835326
2141846830
2144828632
2033674153
1836614831
1730974516
2109263806
1923701334
2042086662
1831114198
2039757044
2078290054
2009661328
2033642934
2132364355
2145653499
2145653499
1966113571
1879025168
2053377646
1923972782
1664087062
2139682021
2106599777
1923972782
2105179209
2001008470
1857665105
2140599516
2143092218
2135201865
2103542594
2095844282
2117353006
2023068933
2089008529
1941135772
2119528318
2116133010
1874344829
260803043
1114547228
2123565180
2143284662
2143284662
2145281511
2145281511
1685703381
1908321249
2113343247
1687762177
2113343247
2113343247
1908824943
1937999506
2081068145
2081068145
2113343247
2081068145
2113343247
1908824943
2138515548
2138515548
2033961444
2076817334
1993703996
2039769001
2114469855
2114469855
2010695195
2114469855
2031107126
2010695195
1937875581
1944897137
2089800216
2146063547
1879263667
1925513134
2139365508
2136487032
2093353411
2093353411
1806264143
2033543416
1706940568
2093353411
2126628722
1863993950
2136948810
2136948810
2079379789
2065670658
1942833389
2137780042
2000006807
2072920774
2072920774
2072920774
2072920774
2072920774
2115543825
2072920774
1894970803
1374172280
2118833216
2141065459
1606487264
2034096910
1514303032
1808792949
2028105130
2014664149
2031924258
1899352905
2144197655
2066847841
2066847841
2095850968
1473640772
2146837340
1563998194
2146837340
2146837340
2135991412
2063702916
2135991412
1379083047
2040953230
2040953230
2040953230
2063702916
2080566674
2120315346
2040953230
1978545524
1962600314
2124019209
1696697540
2137135866
2120315346
2114515763
2034072827
2143458348
2030951736
2097704680
2143458348
2101766643
2141637363
2143458348
2035999626
1851248827
2088586067
1836924371
2081717067
2022774358
2064579137
1991080774
2065492573
2065492573
1828144962
2145921298
2133907148
2109599142
2145992375
2123209841
2139526009
2071642951
2138335674
1902345962
2071642951
2071642951
2052027283
1839734337
2018721210
1930650102
2080346369
1953735909
2120857898
2120857898
2111359394
2120857898
2120857898
2120857898
1643735110
1807308522
2131458526
2131458526
2130232241
1942254938
2021144112
2053291953
1943445877
2021144112
2119960148
2106115985
1940347276
2111581999
1916362990
2140611743
1954635379
1889947768
2131443931
1937946340
2001950943
1942211802
1843363082
2078605595
2078605595
1753069790
2072693091
1993371444
1920365046
2070596182
2070596182
2045867415
2072478959
2045918101
1811382070
1249140848
1563750534
1873898468
1704944973
2122129721
1474724113
2122135101
2123036508
2123036508
2081687945
1920957659
2123036508
2128298521
2123036508
2025152362
795746503
2032917647
2145683060
1928697966
2045383606
2145683060
2114496159
1956521425
1956521425
2145683060
2102282018
2109245522
2132892243
1784217530
2063899881
1985197006
2074411775
2029413169
1408200849
1689980839
2092775976
1735860488
2092775976
1956425751
2110121274
1814871635
1539112570
2098784190
2078645814
1908940486
2146508716
2146508716
2098784190
2098784190
2115800599
2032252368
1911557731
1922783979
1984914682
2016757484
1622890480
2136272087
2059225037
2006854351
1864203141
2110410114
2118434260
2112745402
2073329638
2110048458
2138360774
2068286649
2073329638
2110048458
1839894593
1951519773
2133114378
2133114378
2133114378
1696404306
2072357656
2096959143
2096959143
2096959143
2121301323
2121301323
2121301323
2071957125
2101844290
2014105248
1575476312
2084992751
2144282105
1633364974
1997114025
1979571761
2147275119
2064014249
2147275119
2048078580
2147275119
2005624965
1497999618
1953898296
2059368718
2140528817
2127321682
2086683443
1781691123
1781691123
1863987881
1618683384
1454515132
2082507653
2076760435
1398332667
2111465764
1768998590
2090544618
2091928520
2144118788
1945688095
2017859892
1913731140
2141327566
1996365223
2063639304
2086670231
1608136461
1769737318
2139276806
1991318230
2047423691
2094600993
1945741173
2110362233
2101134349
2038365096
2060631110
2085091669
1864488656
2139276806
2026177101
2130301678
185158966
2130301678
2085506856
736293884
2110362233
2110362233
2039123192
2039123192
2052933204
2135289657
1939277855
2052092805
1346136591
2134321174
1944130639
1820834232
2054505039
1982562207
1993005492
1993005492
2140326616
1993199653
1993005492
1680181728
2140326616
2026348495
2090297772
1677544569
1948415784
2140326616
1939277855
2140326616
2140326616
2140326616
1939523054
2126569902
2090297772
2090297772
2006518382
1905860604
2015171723
2147300243
1813025139
2034277991
2043179064
1856334699
2002286134
2131616409
1966346302
2142060933
2086786047
2078976864
2143603635
1369413731
2139523843
1872848981
1672509114
2139523843
2096456241
2122075368
2143361616
2109702421
1812922458
2055938294
2094126106
2094971481
2075531850
2075531850
2113530981
2116300865
2039555617
2114752571
1449429848
2012134695
1715175686
1931323822
1992427342
2096782401
2033056969
1239616236
2033056969
2004013177
1992427342
1800786978
1951925930
2079479256
2137194459
2139179996
2132400112
2120230269
2132464083
2096782401
2079479256
2025705820
1692642600
329772046
2096782401
2121408649
1899282376
1935080718
2110542494
2087495716
2110542494
2048244775
2105882296
2077928286
1942115195
2039494980
1330865205
1663292715
2117411285
2138058863
2138058863
1692766876
2045138906
1275064907
2117400751
1994743975
2063749760
1861165081
2138058863
1994743975
2136236958
1994743975
2086409087
2138058863
1953689732
2120425974
2028727426
2118701157
2120425974
2037610964
2119539474
2044655278
2054629205
1701623467
2131131291
1919086601
1933768074
2122657846
2020767010
1571843594
2049435078
2049435078
1923007085
1745205477
1772171883
2058176712
1745205477
1686674013
2058176712
2095148119
1702378528
2056025916
2120466136
1917435063
1664372048
2127890041
2138862603
2127890041
1790264958
2095237600
2029311667
2029311667
2122077233
1991981940
2068560082
2068560082
2103667652
2144068530
1942122586
2113491277
2086589219
1958254683
2031409859
1886251144
2099012309
2023507469
2038464263
2109084571
2046044297
2135941558
1314679675
2032376333
2104917295
2128303707
1901791963
2058366730
1757744848
2127436712
2090222392
2017247403
2110119649
2136329492
1912892636
1900612937
1165637851
1839461162
2147054787
2123439370
2123439370
1982420262
2127464005
1582013058
2141368194
1935132315
2093534354
1746767795
2127464005
2056913491
2133321899
2133321899
1878835743
2138625026
2100236962
2111590136
2100236962
1887375395
2122870557
2100236962
2145657710
1022776770
2100236962
1983367633
1818137365
1248628962
2139161667
2078258338
1923434470
2047087437
2070677405
2070677405
2011893739
2047087437
2070677405
1926773782
2064858106
1949797560
2025108914
2025108914
2144956649
1953004186
2144956649
2109353818
1968428329
2129410525
2085405289
1967350255
1967350255
-267058496
2113673836
2003186291
2039345365
1777094883
2039345365
2113673836
2113673836
1339654243
2001676857
2113673836
2113673836
1832985088
2119199698
2144275676
2015658345
2146334895
2131590843
1730989237
1926866046
1647146583
2146334895
2083964803
1208859252
2139835693
1725974893
1918717645
2139402546
2117546425
2117546425
2117546425
2117546425
2108741820
2145933595
1970854003
2097193643
2097193643
2106268654
2120757008
2120757008
1754152167
2097193643
1461310580
1461310580
2117948719
2039082039
2137526932
2005884501
1678016417
2143745715
2079137429
2086696245
2097417971
2064917416
2120936641
2120936641
1981326394
1981326394
2068822207
2064917416
1531026758
2071102182
2140324761
1897990832
1706917127
2132426170
2085906177
2075655455
2017978841
2017978841
1951060035
2061933896
2061933896
2125409532
2125409532
2007782458
1400036703
1876958424
1901152774
2019751340
2128173105
2028836701
2043837832
2111638152
2138604366
1262962197
2074505245
1853037331
1908775372
2138604366
2043837832
2079364999
2025590572
2025590572
1207887758
1895964042
1994238312
2103780159
2103780159
2062865575
2086660658
2000824147
2000824147
2000824147
2000824147
1844808418
1861530958
1575265702
2108610737
1841605040
2095976045
2096049790
-177256601
1960333196
2065294085
2146248979
2126944760
2087054000
1912736903
2087054000
1997888452
2077301615
1984845556
1837292302
2018885491
2071599914
2113189652
2113189652
1987249443
2113189652
2121539177
2052976634
2127437584
2080488285
1994334921
2129150543
2038946399
2030154497
1987192846
2090228592
2098272381
2133775099
495799907
2113231066
2094314682
2108020439
1045439885
2019632309
2094314682
1983306825
2019844391
1803513088
2056230143
1918226502
1918226502
1974939557
1875074413
2065406739
2124129878
1871105331
1638985812
1971992345
2034183441
2137877603
1978491894
2135461494
1920895033
1954600784
2135141257
2024628695
1909706314
2060931791
2135461494
1818224604
1836455988
2011614982
1981984270
2011857017
2133379273
2138165608
2003390964
2146756883
1985966456
1811041919
1836222344
1785133095
1868128880
1781616797
2047159993
1797192237
2045621398
1603117572
2071051476
2078433182
2066450870
2066450870
2066450870
2118137979
2018653581
2139851044
2139851044
1998461955
2145979752
2078433182
1916127653
1760288377
1981146759
1954298907
2110265551
2110265551
1792028481
1922752393
1802852739
2141269318
2097250985
2047820958
1792028481
1967549974
2097011685
2145019715
2012258804
1956141053
2131680625
2131680625
1912079154
2131680625
2013938009
1715406950
1924612251
2100426936
2100426936
1726406166
1899369245
1255814612
2099662910
2106952079
1881455775
2028832519
2031679994
1949402241
1453207288
1892723522
2127689376
1986397451
2127689376
2045857505
2127689376
1547894015
2057659721
2127689376
2141867978
1700830110
2013192858
2102957109
1216067929
2120217816
2021524167
1836102133
2105345468
2037120772
2109039545
2060079757
2109039545
2143275974
1764469370
2132583332
1311632952
1879865827
2132149277
1973387884
1973387884
2090439714
2104129938
1985389372
2059357274
2069570867
2059357274
2025901079
2010251105
1985389372
1683144006
2078706122
2108663716
2022211193
1803816290
2104129938
2063019652
2104129938
2110459364
2078706122
2078706122
2020599864
2133168333
1887291428
2141445123
2075762062
2109460463
2109460463
2146717830
1716951202
2076895951
2057908253
2085576640
1895715411
1998922866
1805838462
2115906470
1840336375
1656024643
2084573168
2013684907
2079788946
2078218928
1740035496
2143401921
1651221226
2094416000
2094416000
2144505856
2057913496
2144505856
2028838827
2107321063
2039325944
1962349739
2113844197
1948677931
2102303489
2054980344
2108111638
1828568201
2145907846
767544959
2085811795
2137746094
1170300550
2027156997
2100773965
2128005390
2125140883
2112843701
1683460496
2100459433
1993931538
1682621903
1699728795
2024269957
2085137173
1719177622
1902925675
1803756018
1914397931
1960856640
1508351207
1423828510
739162146
2131627977
2090208342
2051100506
1985752614
1782790352
1983458487
1662228155
2022656797
2123960455
2075126220
2075126220
2102222124
1724153073
2050287428
2020080750
2043684937
2026675685
2004283780
2021812138
1416509793
1751903140
1710633589
1970962834
2086830954
1887700269
2087627348
1934465228
2112305408
1907646914
2132052082
2068715830
2087627348
2068715830
1812164930
2030650480
2138704373
1686511924
2079141119
1922883081
2060303168
1625973405
1567199450
2070433968
2112625829
1855930794
2122125018
2079141119
2122125018
2122125018
1649952906
2101488334
1784869140
1750468871
2008137102
2035487918
2062575907
1945704902
2068935038
1603169586
2125580450
2068935038
2121516678
2124050887
2124050887
2124050887
2142088062
2142088062
2130260271
2130260271
2063567244
2028079955
2138828591
2128808849
1904456346
1717292617
1604880884
1839313489
2072021539
2115037396
2115037396
2076180529
1983656311
2125693769
2139980356
2034919187
1795650693
1948276056
2034919187
2040515599
2119049539
2119049539
2054902754
2112443151
2017024974
2095049815
1771600722
2086481038
2095049815
1961371381
1948038504
2081034541
1986955577
1607620628
1875937223
1771600722
2061887320
1990705050
1964185270
2061887320
1942044823
1662884869
1632459315
2031953785
2098891994
2075053578
1205916240
1691576831
2072514729
2106992307
1817552246
2110021398
2110021398
2075986904
1819151884
2133253385
2126204801
2133253385
2000625027
2126204801
2129238336
1897356480
2118768488
2080805722
2118768488
2031933768
2031933768
2146703582
1825522134
590467191
1834864767
2121107817
2105621962
2074876327
1760144292
2138986947
2096667764
1024985157
2138986947
2110110317
2095181337
2137803408
1780964502
2110110317
2099669369
1782017926
2033831839
1987578550
2128157740
2056205734
2127333106
2029482191
1943420910
1943420910
1870525910
1869794441
2045950955
2123738931
1967348282
2039480758
2012910418
2040144210
2130842147
1946658120
2000777241
2004960622
2004960622
2131658649
1743385745
2121929279
1302933974
2119879607
1864262442
2131658649
2108610541
2108610541
1739374003
2095644847
2009516631
1957078546
1954409178
2126977316
1954409178
1710336267
1875378763
2134992629
2134992629
2134992629
1875378763
2007767656
1970789427
2139200104
2122068826
2101553309
2112455351
2142351789
1404486410
2113090601
2081505249
2017313132
2017313132
2112384208
1993198520
2048706550
2013939721
1993198520
2131522676
2097939520
2139232193
2041413212
2131522676
2105930071
2028260941
2028260941
2013136909
2125852647
2072191560
2136844579
2076314420
2072191560
1988909039
2142884827
1981435611
2003452761
1985886143
1895635122
1643782095
2122440837
2122440837
2003452761
1731681954
2126889785
2122723599
1854058843
2126889785
2111802878
1689276983
2132077505
2111802878
2126889785
2051510049
2122440837
2122440837
2067362079
2051510049
1677972568
1618839969
2109581398
1999992280
2052185837
1753815653
1814689145
2139538025
2017802412
2042087515
2100968832
1459636206
2018491225
1607258205
2100968832
1792757657
1673335486
1912844214
2114536067
1782645524
1464978517
2110242618
2077263802
2077263802
2110242618
2054263335
2125432481
2138182832
2125432481
2125432481
1884013545
2121650542
2117315570
2137468793
1904740792
1637602630
1570014844
1306097212
2040245739
1919007315
1919007315
2090085823
2000324024
1382194132
2110610226
2029050093
2110610226
2000324024
2098157343
1947084407
2033452829
2142635053
2142635053
2125449093
2142636195
2135419593
1802605370
1965358932
2066820467
1965358932
1967527489
1527264756
2143860273
1967527489
2145720229
1936981086
2062659145
2145720229
2055800372
1656151213
1875659783
2055800372
2105937577
2133534609
2145720229
2145720229
2085915209
2031990449
2145720229
1784562798
-613275157
2129871391
1281367916
1697175341
2140720088
1746759181
2133696218
1973562893
1844818899
2113493057
2145497596
2032886272
2034763216
2032886272
2032886272
2055861013
1983577466
2043583679
1896930466
1370773114
1843296623
2032886272
2032886272
2103383717
1799334374
2001980368
2144040592
1916025071
1879457154
1957708835
1985718473
1331647550
2138340862
1352981347
2138340862
2130201944
2138340862
2075753539
2073029033
2062761652
2108357318
2097438447
2082658642
1926295769
1996317561
1885904648
1977747836
2132421802
2132421802
2097708227
1912879620
2132421802
2144922444
1944033364
2144922444
1944033364
1539666116
2073169900
1979844292
1781905089
1744195522
2112850725
2117287394
2103845182
2024848261
1431208181
1810217499
2135938401
1795578867
2132651801
2140400858
2067458386
2137568045
2137568045
1994981849
2116666159
2057679407
1878251760
2121276884
2114154348
2064972642
2130958095
2055053472
2132241951
2132241951
2138867568
1883653940
2016434594
1691689505
1915996272
1978783989
2141023553
1734332145
2141023553
2141023553
1978783989
2141023553
1197619609
1935427356
2119931034
2042214120
1821930717
1503207489
1616704128
1852029129
1901910118
2091571979
2119931034
1479864639
2138789075
2101429765
2041351237
1854843550
2066808124
2132245040
2110018860
2138325861
2138325861
1542565302
2026289223
2107666426
2021883187
2038449448
2045124681
2100027669
1333173029
1948461515
2036841105
1898328207
1898328207
2134212058
1559458382
2117045822
1921501306
1796919951
1921201721
2143451167
1913210616
2135965441
2089556195
1930247127
1400815978
1885819262
1846917556
1939352570
2115390078
2133492197
2133492197
1395956608
1698064896
1836086546
2133492197
2042084083
2042084083
2076791975
1886257049
2042084083
2139926686
2115390078
1792606781
2064829707
2139926686
2064175108
2139926686
2139926686
1962484629
2139926686
2139926686
2139926686
2139926686
1356033758
2123404005
1835309462
2123463009
2135809403
2077224396
2135809403
1922901860
2138454960
2125818379
1865027836
1964969605
1826297527
2028319481
1745020244
2028319481
2114113163
2028319481
2112754466
1862885257
1751047623
1862885257
2025285436
1744590475
2143742261
2048955552
1862885257
2110983455
2127355329
2063806762
2063806762
1999534805
2085598431
2063806762
2103109895
2063806762
2063806762
2104448834
2023576550
2058070884
2023576550
2058070884
2098536818
2017688527
2095266101
1999534805
2058070884
2072866746
1885706726
2058070884
2143205829
2091878359
2143205829
1898410530
2123171740
1995177141
1923657366
1847408268
1922503642
2020775317
2044823153
2076839516
2044823153
2044823153
2003637961
1483143492
1218078273
2044811618
1889656895
1889656895
1746001771
2141037671
1413477395
2098280231
1837915755
2064878026
2097440431
1910464935
2008418547
1976658089
2024095632
1756768390
2024095632
2080203220
1388643856
2065548028
1102583576
1877333570
2027650149
2008418547
2023954302
2030660852
2134613421
2134613421
2122041993
2064923251
2064571743
1841402266
2138755201
2141760129
2128124483
2128124483
2128124483
2005008222
2098542761
2139273501
2146625508
1895396339
2105041173
2105041173
1711033676
2038203399
2143701808
1899388070
2146676685
2083215835
2083215835
2083215835
2056626830
2074433606
1796302935
1483772029
1693006481
1606846082
2143695701
2099666080
2143701808
1434199282
2092386489
2143701808
1958677517
2143701808
1848832446
1848832446
1946738010
2143223788
1833138741
2143701808
2027437498
1917068980
2098797205
2143223788
2141187603
2143701808
2141187603
2141187603
1868494393
2141962356
2141962356
2141962356
2143701808
1678817342
1729497341
1999739946
1525024023
2016717297
2016717297
1956160927
2143701808
2038979851
2077304829
1452646099
2063482357
2020927832
1778896382
1657968501
2129573536
2123721377
2076221832
1936972034
1936972034
2142707988
1919057894
2047831697
2022798327
2108206931
2135505590
2135505590
1791826578
1658464240
2121831156
2121831156
1848014097
2121831156
1972170354
2132697845
2052032726
2132697845
2096492315
2147373951
2147373951
2130855633
2147373951
1763482098
2147373951
2147373951
1779412443
2058054603
2114822723
2077461853
2112466974
1975267581
1871620278
1850329123
2132722098
2037682638
1552127369
1629082404
1944612506
1650043406
2107231144
2132722098
1962739330
2095266294
1990221114
1990221114
1990221114
1902387641
2132722098
2120913783
2132722098
1727782421
1878321944
1954401767
2132722098
2040404374
2113802175
2113802175
2070645372
2015858994
1821708894
2096748737
2082049071
2087709267
1660718737
2120780263
2001120899
1999964080
2108703639
2130038133
2113830466
1999964080
1999964080
1559131195
2084855015
2113830466
2063096699
1892634172
2016300874
2097996665
2109342287
2109342287
2137010750
1744201362
1955191495
2144938239
2144938239
2052738814
2019002399
2116842886
2132422969
1846861806
2072976016
2072976016
2095227827
1964964451
1208800388
1157687927
2036682972
1939853988
2105970211
1977366574
2041719511
2036682972
1777820709
1993704151
2134100166
2073335619
2073335619
1762796966
1940978344
2127209423
2073335619
2073335619
2094321314
1952394837
1914995538
1971890975
2037690608
1971890975
2000656524
1831972357
1629244007
1994584569
1983132665
2115052971
2115052971
2012790260
1591312893
2023327624
1958501631
1981930876
1984271704
2033773550
1973489722
2033773550
2143697468
1612085640
2103698951
2085123141
2085123141
1990070434
2103698951
2093431682
2103429169
2063039714
2147043989
1959061752
1901947922
2006400301
1675512991
2147187007
1624483878
1993383300
2032576316
2146850679
2001323896
2103698951
2118292631
1941307358
2110746071
1961231252
2098704870
2016782367
1976202153
2101077093
2104877331
1747210440
1097138817
2111727793
2088781541
2141343292
2141343292
2056287155
2112063190
2068694055
1761931915
2069046486
2031547822
1760397847
861710830
2036784110
1987054828
1905329544
1871009460
1823494783
2134362345
1830903490
2024083610
2024083610
2073835093
1635715360
2123825094
2118198960
2145237560
2071181376
2071181376
2056469456
2056469456
2056469456
2056469456
2062225977
2109822385
2109822385
2056469456
1700549723
2109822385
2136525741
2138556363
2136525741
2102546423
2136525741
2136525741
1961203709
1783486665
2138556363
1983775614
2135358127
2125831847
1765114450
1500237590
2049623909
1540479284
1563589142
2048767374
389380656
1862735946
2081987864
1997485981
1953869985
2071740896
1889044180
2040102316
1623391600
2008186107
2064221171
1686830012
2145276729
2114785640
1938002828
1889044180
1940240553
1938002828
1938002828
2074771994
1938002828
2074771994
2071318409
2071318409
2071318409
1889545120
2104791702
2080396613
2080396613
2053363759
2119037346
1589898676
1630798348
2144065730
2144065730
1948206179
1764310747
2144065730
2144065730
2144065730
2121658063
2042335252
2017339134
1550741230
1942032515
1855665958
1808100598
2144455373
1179126951
1282707704
1998817414
2140952717
2140952717
2067040320
1980595182
1963373048
2074612488
2136682931
2109764700
1409257149
1874164715
2124007425
2039314476
2102264416
1787832224
1958728480
1874164715
1874164715
2143970178
2143970178
2143970178
2138806983
2067697581
1779140683
1325489929
1457961196
2107352046
2110177614
2107352046
2107352046
2105505798
1939155357
1939155357
1939155357
2036198083
2113001224
2092971270
1795202806
1962485228
2082540668
2068196111
2115305204
1884664972
1904406172
1985608599
2079457231
2013818282
1770267207
2127417531
2142096854
2061234730
1986074165
1870565936
2133505098
1984296206
2107029387
1483510394
951927693
2085556719
2091985465
2091985465
2085556719
2085556719
2128198430
2112330816
1908548254
2095982073
2095982073
2088528229
2106123818
2114261169
1160537146
1718079195
2056917901
1754600754
2137614957
1981577609
2072717064
1854668199
2082459974
2137614957
2137614957
2126087852
1370160447
1863610125
1917009558
1705687279
2094058992
2092983797
1856442370
1950749035
2140272410
1812145337
2147024465
2055875159
2126950052
2139604135
2008055405
1984611352
2076823387
2062081324
1976563778
2076823387
2076823387
2112434875
2112434875
2104842106
1976215261
2137916041
2088626337
2063837414
2104066463
2014344217
2147203252
2063837414
2072607449
2122999006
2072607449
2122999006
2072607449
925835613
2113273381
2128033446
2104631586
2123428814
2106883389
1361472897
2138232040
1848667691
1836350172
2122999006
2026784656
2106787190
2026784656
1935899291
1845041987
1962550297
2114009009
2068420091
2147129864
1894334745
1931183596
1907900513
1999328498
1967611620
1527308083
2048246022
2048246022
2048246022
1805240564
2048246022
2083086961
1345575591
2059607987
1805649120
2121792833
1895728722
1783128409
1983940370
2108264104
2052512672
2138247960
1700974498
1983940370
2064440973
2124623191
2061313856
1977983370
1356316980
2061313856
1864426157
2073098270
1909387243
2005206163
1968171211
2112813868
2112813868
2011341422
2105327370
2107561150
2069530842
2147330335
2119133604
1732718141
2143696434
2143696434
887247337
2143696434
2130969913
272484281
2143696434
1969852116
1955610216
2088228835
2089235279
2073413144
1226587857
1918106091
2121185213
1759051240
2111692077
2073920615
1310357570
2145480251
1436894842
2050578703
2097966203
2145480251
2145480251
1941779319
2068544716
2077555536
2012038940
1996559000
2076701668
2109727213
2141579258
2085480729
2103844605
2007557273
2029021020
1998014157
2081229144
2081229144
2103844605
2030533487
1886253038
2064238850
2064473733
1818692020
2144984318
2045356520
2144984318
2144984318
2045356520
1631338025
218618803
1779956264
1941937314
2005276046
1446667655
1947363676
2031321284
2007178877
2094841204
2016634490
1648557866
2089085948
2100204637
1978244155
1987006518
2089085948
1924096486
2089833000
1742777974
2044711716
2044711716
2084422548
2110994934
2145255182
2061345336
2114134893
1180854681
2111913129
2060930594
2134088559
2138173955
2060930594
1924084438
2143194023
2144282051
1745631684
1758204585
2101615528
2145255182
2144282051
2104250224
1323735587
2070133013
2123065807
2098192462
2144728940
2098192462
2144728940
2144728940
2145255182
1967923241
2095988434
1957505002
1968549388
2145255182
1705353923
2034628431
2120768805
2112511039
1683813541
1910446165
914420468
1882763193
1383236488
2141558072
1803707255
2135382117
2008506958
2129689136
2002910080
2092578850
1884621317
1540764834
2143688257
2031301555
2111158688
2095038627
2129403596
2143688257
1065130069
2115310889
1874007821
2038310465
1737382733
2127871125
1944590179
2088228835
1946501434
1617862563
1884768508
2062480613
2127269419
2127269419
1761005956
2078343151
827326107
2063331797
1565283112
2062496868
2094974411
2102365956
2102475028
2128384856
2102475028
2050379438
2080466144
2080466144
2052762166
1924998978
2147376473
2068781478
1984734059
1853800454
2040032069
2122399775
1445879717
1813231671
1488200591
2126060075
1780795226
1817999739
1912987758
2141751422
2104861109
2061276976
1858767804
2134102028
2134102028
2137169690
2134102028
2021296537
1919919583
2051615135
2123982923
1485875893
2079301243
2079301243
2063004775
2134575003
2140078326
1781998838
1803101814
2139270313
1775623995
2104025327
2104025327
1919811431
2104025327
2104897361
2122334806
2064438329
1536618626
2104897361
2043440541
2043440541
2126023657
2101833795
1688992406
1884879989
2117657182
1966267636
1100349823
1793616309
2101321732
2044236265
1883002014
1883002014
2121816301
1661464412
2127195144
2063164176
2143341651
926261834
2104863077
1815354187
1977464214
2104532422
1992210478
2127195144
2134260180
2017783089
2104880140
1417097054
2104880140
2087496294
1879842545
1939249047
2080736267
2080736267
2136214271
2052226149
1979732866
1166393169
1931725574
2137007237
2139854451
2130922999
2062271178
2031511504
1494486312
2117439231
2127214588
2127214588
1977580040
2146131054
2050953574
1941807692
1932382205
2039920936
2043298867
2073015709
2044548700
2026075246
2032112326
1898290436
2144300431
1896634508
2136366172
1112428587
1868866674
2134947288
2099273176
2097537705
2088516576
1970154172
2121758805
2135562391
2121758805
2121758805
1917524033
2121758805
2096912878
2037991939
2137778800
2134785811
2037529960
2123836073
2145713821
2109429660
2137778800
2116556037
2109429660
2132837467
2132837467
1803131328
2132837467
2135269111
2038467392
2015591362
2116181628
2114953958
1947507539
2061043083
2116181628
2099612777
2137778800
2023448527
2029538357
2029538357
2029538357
2035066331
1975938440
2035066331
1935453189
2124697335
2024761099
2017571490
2122552971
2133038604
2115127180
1976264633
1977714452
2072286159
1976264633
1995437886
2079093876
2137717201
2129955552
2029189707
2029189707
2029189707
2029189707
2029189707
1949293238
341106248
1962988154
2108829030
2025868067
2131713655
2075772236
2131713655
2098163886
2042004775
2104746884
2084428495
2042004775
2108829030
2044230178
2131713655
1988401442
1987478774
2096497111
1991868720
2137297039
2086462794
2090559850
1999079960
2133524107
2133524107
2124211515
2072521458
2133524107
2053057836
2101421231
2143613721
1725939528
2091211582
2131321704
2103739825
1991869089
2133847444
2049847832
2067354982
1997381383
1682819524
2008737470
2067354982
1974625264
2032185959
1998405461
2032185959
2034726434
2146076100
1982869197
1451407463
2030786546
2127831212
2066939833
2127831212
2127831212
2127831212
2047455340
2066939833
2103286422
2127831212
1976512081
283144762
2109419847
1980831500
1689470174
2039423692
1654389223
2039423692
2039423692
2127831212
2071485444
1971643849
2039423692
2140614650
2127831212
2120863851
2039423692
2127831212
2096130514
2120555431
2120555431
2120555431
2029309075
2108095585
2108095585
1847107171
2085133298
2130901539
2093610564
1559690363
1997923159
2062282762
2073208908
2116740837
2116740837
1926729175
2020133068
2058073428
1813940917
2099074000
2112799929
1991050437
2078940309
2058073428
2138330280
1641569174
1962218345
2129598037
2138330280
2103782737
2090013619
2007041524
2138330280
1571582787
2090745477
2138330280
1655847620
2103782737
2007041524
2138330280
2138330280
2118713854
1990008349
2138330280
1467795538
2138330280
2138330280
1990008349
2145007559
2064089459
1919403344
2096306911
1923438238
2096306911
2146090916
1329138407
2146090916
2078952266
2078952266
1773803256
2078952266
1743102237
1903991465
2067892546
2067892546
2067892546
2067892546
1974311885
2136883466
2125384578
2136339477
2136339477
2134424672
1966369733
2083710497
2110309776
1734748734
1823378933
2026571924
2037894677
2037894677
2102444423
2037894677
1960852741
2090320576
1969598497
2117444653
2117444653
2014509062
2019704381
1963741502
2146817766
2146817766
1980026284
2146817766
2146817766
2044051923
1878821088
2071639209
1847202398
2043090845
2147469037
2043090845
2071087097
2058910986
2112993794
2032811385
2136984414
2032811385
2011205670
2136984414
2081734908
2032811385
2081734908
2136984414
2086847667
1958171015
2137881988
2137881988
2083628983
2096072321
1743818663
961180676
2136096330
2050969495
2042375019
2052552807
2075464473
1871292719
2040247721
2040247721
2040247721
2040247721
2086847667
1970250863
2078438371
2136096330
1904828180
1888482703
2033628971
1975248048
1979551146
1975248048
2136096330
2136096330
1725407862
2055819066
2120269251
2010606987
1994924252
2106787531
1877789375
2030148142
1608451993
2117748549
1936749895
2068315737
2108558766
1918775988
2068315737
2108558766
2082434344
867051951
1816194919
2145647823
1916006423
2023742750
2052147695
2047599471
2136789255
2133303805
1878976639
1878976639
1957580476
1957580476
1957580476
2019814716
1957580476
1253016704
1701248651
2143636121
2110964878
1804091178
2067827509
1930230000
2147453618
2088228835
2083685238
1802382085
572697799
1802382085
1807271390
1900853953
2104466302
1610282687
1977856355
2135604974
1562637122
1887322618
2119449641
2135604974
2104101076
2104101076
2104101076
2129439763
2124973494
1908723377
2072844674
1774894083
1746370874
2066838649
2109858890
1794560518
2114150370
2114150370
2114150370
2114150370
2114150370
2114150370
2012373985
1919689362
2012373985
1114564499
2012373985
2037428058
1983306704
1757092992
2114886184
1995232697
1824197603
1936735977
1924610363
2140930182
2140930182
2140930182
2141312326
2133226704
2133226704
2037673784
2095676512
1930546999
2141461118
1908763608
1904982600
2055051747
1776698615
2141461118
2106926927
1796275456
2046551914
1829762130
2069524398
2100450221
2045688018
1980560468
1349286096
1989109502
2017101585
2137190831
2113303220
1987547738
1931939640
2132726884
1914983422
1946614690
2129198885
1899783172
2012414224
2107525660
2027266247
2012414224
2107525660
2126060547
2102714810
1921229152
1508963288
1834496777
1928712315
2052828591
2052828591
2052828591
2063729192
2063729192
1652245310
2082157190
1930497277
1929101745
1413396975
1902181933
1714871074
1935852741
2098377812
1800238872
1988654302
1757951525
1230847852
1976426043
1779836780
1979103488
2104687627
1985772317
2038731102
2094217573
2024251519
1898704137
1630076292
2103054066
2005902472
2005902472
2028082630
2108835297
1946054741
1731903812
2041763019
1955738607
2043036982
2031556565
2057604278
2105503498
2051202129
2094218104
2012603087
2089327965
2113192952
1881211430
2043036982
1780501733
2125643342
1988743334
1230607663
1994489279
1820153875
2104019179
2131007885
2036884163
2104019179
2135134808
2044383797
2100643377
2023682567
2100643377
1581832060
2128337555
2133576402
2100643377
2100643377
2071791718
2100643377
2073817454
2036196613
2023682567
1926533663
2135705834
2060620631
2079760554
1817909478
2140960746
1979080320
2058720998
2015257518
1975971259
2114211065
2134165934
1969346244
1956620363
1902008220
2098577095
1977771993
2049290929
1608093069
2041858730
2051817000
2051817000
2033144520
1532366293
1939288340
2033144520
2078077417
2038305932
2083221652
2112736912
2041273210
1994393879
1900190229
1893153979
2109511193
2057497636
2111245864
2111245864
1650302804
2134165934
2129899005
2109542918
2111245864
2111245864
2114194985
2106719631
2031464173
1876320379
1509301897
1380955283
2031464173
2132685329
1935880490
1518893497
2123320722
2135858062
2084791127
1974670221
2063096938
2063096938
2063096938
2039169433
2129652488
2129652488
2116558962
2116558962
2129652488
2107585084
2044133198
1971668223
2139889273
2139889273
2078155038
1759114585
2099126524
2138088517
2112415195
1917697053
1659204866
2146619183
2054527666
2146619183
2055866184
2114803011
1945782399
2064420171
2102169478
2111764721
2093342237
1967981866
2107481380
2124314670
2124229034
2124229034
2021945068
2124314670
2021945068
2021945068
2021945068
2004740477
2021945068
1857467404
2008521635
2004740477
1905464201
1783854964
1981926109
1767067961
2084928986
1981926109
1920215573
1887594887
1927345449
1760414116
2073381204
1568621187
2088500937
2135177737
2135177737
2107212326
2082988582
2088500937
2088500937
2088500937
2095796091
2042466488
2030888542
2111573837
2088500937
2126952794
2118232200
2063902729
2050743943
2104458423
1906912778
2124445698
1906912778
1906912778
2106392591
1995315195
2093804851
2074484141
2074484141
1836469600
2097290163
2056809027
2109422021
2016879877
2109422021
1973113576
1611490689
2142278928
1728056064
2080944389
2117179759
2080944389
2138899244
2080944389
2074671181
2117440017
2093280866
2020943407
1948682348
2019824072
1534975914
2088038905
2121389784
1977411011
2074671181
2072842141
2091919585
2074671181
1235923721
2018395080
2041209068
2111336810
1902847274
2038895454
1435560451
2132197828
2038895454
1832468958
2128553361
1986141069
2092889021
2102604919
1994281879
2079463474
1861530015
2114496966
1845360878
2131081183
2109383609
2143827776
1998554095
2088522822
2084431795
2088522822
1978480702
1464200216
2106011313
2106011313
2114985541
2139767233
2126518926
2126518926
1951440493
1969736026
2090669245
1654967886
1970761430
1970761430
2090669245
2131138315
1960687343
2130799288
1519258468
1877485826
1877485826
1877485826
1877485826
1331062259
2127124782
1881259427
2027726421
2027726421
1859907539
2008830377
2108334856
2100973010
2021806917
2122904249
2122904249
1854331633
1995483545
2041709212
2079375723
1777304322
2100973010
2002304181
2141233829
2110976008
1848521601
2082641188
2138755511
2107599899
2025682502
2083531785
917080660
1895354893
2139937761
1693339175
2139674363
1633205421
2109671843
2132357762
1643276523
2102830966
2074911744
2091551931
2139674363
2059545174
1940675887
1961011382
2025523491
2032043342
1764807511
1902353527
2126439200
2035935433
1313385575
2117525301
2068024578
2068024578
2101429325
2068024578
2113355174
2046295166
2068024578
2144412406
2021232293
1896049049
2101429325
2068024578
2124632861
2068024578
2124598242
2144521577
2014954273
2147233501
2147233501
2037597520
2037597520
1992340831
2095952508
1512145494
2133720501
2141811498
1984183136
1810705504
2103249186
2122178117
2078691544
2078691544
2076494068
2147286409
1791413500
1767398935
1941746582
1768182311
2128912779
2123993115
1578398611
2128118980
2121625362
2120270012
2093324610
2142991733
1920381480
2120680592
1996754233
2125473592
2140400376
1600125354
2048200433
1865532621
1891603833
2056961829
2056961829
1922399007
2048367542
2056961829
1334199404
2141541837
2141541837
1856226855
1159714716
2015676342
2135982301
2135982301
2135982301
2135982301
2135982301
2123665123
2111871402
2054810837
2021974507
1858884312
1910032295
2026447581
2009456318
1907277361
1889975037
1343054028
2012638772
2042429690
2088066467
1968855994
2095233130
2063154462
2071738005
2092317185
2141002427
1953539946
2064906421
1968878398
1971599522
2139399083
1845936627
2139399083
2139399083
2139399083
2139399083
1924376705
2137223381
2045404343
1977028607
1973097566
1973097566
2146648522
1626746811
1561768007
2115772290
1984714764
2072322202
2123979618
1807175901
2136877962
1661082053
2083118044
1976391464
1932253880
1889839341
2027451282
2027451282
1845989233
2027451282
1937506806
2040791362
2126457948
2031863157
1973931673
2087200093
1150631449
1777452076
2120867756
2049660085
2109468471
1091756642
2047945815
2026431689
1928547579
2003250228
2088218199
2043026997
2003250228
2043026997
1827041949
2086763756
1952444697
2100706025
2043026997
2138152421
1596814514
1956078229
2125276145
2129356273
2124025815
2051389171
2051389171
2051389171
1582449780
2043526990
1997408392
2070962117
2122429722
2122429722
2070962117
2002071680
1558973960
1506891858
1941485360
2093044926
1814455542
2093044926
1852529121
2113122031
2113122031
1064522563
2144921767
2041916370
1991046799
1909962704
2113122031
2113122031
2113122031
2112294579
2113122031
2130359775
2040990996
2112294579
2113122031
2118714641
1882811726
2117836943
1764149116
1927360485
1622567342
1764149116
2059191409
1353418853
1983272764
2129015087
2129015087
1530782527
1839489181
698540140
2130355661
2047687884
2127151671
1870984804
1691031167
1814226548
2068613777
1743714566
1817280518
1999672279
2096322385
2145188386
2115795611
2115795611
2115795611
1616931080
1916981941
1973638960
2006529146
1952467921
2073773600
1805743720
2073773600
2073773600
2110637807
2129183106
1869265909
2012819045
2108445934
2124847436
2126868303
2141732693
1781189458
2001984880
2102886443
2005977717
2136675426
1954076503
1863323977
1956204435
2013316035
2133394991
1858150626
1795010214
2063930465
1584393764
1469003986
2132070247
2085158587
2133713460
2104909719
2141350330
1943191856
2141350330
1934209482
1917418829
2080597563
2113050410
2121934529
2141350330
1905972027
2062613241
2059671837
1946790452
2086403028
2040700233
2105071436
2119534431
1755404601
1919762156
1711013831
2016807420
2119104265
2104640421
1972197922
2051246756
1991958944
1993491225
2114968097
2093348127
2130271040
2027771332
2093348127
2031694765
2132500750
2107232936
1891707721
1934977349
1987577680
1828416101
1918387403
2111447759
1882332167
1917110218
2007951702
2065584959
2004012415
1969174810
2145636909
1993750628
1937410281
2103226515
2145636909
2105738728
2023529716
1776041455
1314893537
2025181390
1811032212
2128800629
2145636909
2145636909
2128800629
1996347789
2145636909
1996347789
1986639394
1976040625
2138201048
2103655645
2033603096
1970500406
2125439106
2137605043
2137605043
2137605043
2118582525
2118582525
1376147379
2083054825
2077384540
1930124329
2128996883
1504546676
2081950063
2143545645
1828907079
2017368469
1983086706
1837088389
2121837065
2140885177
2121837065
2090261242
2121837065
2121837065
2121837065
2047560063
2121837065
2121837065
2140885177
2140885177
1012767129
1602366956
2133313059
2137168642
1889923938
2133313059
2133313059
2119628628
2085930183
2048731274
2143853564
2016952576
2140700797
2000327908
2116009486
1911905357
2129119910
2126238078
2041427862
2129119910
1441389720
2140266443
2086277539
1772336000
2147301811
1994524406
1908083561
1984803278
2107440849
1816075987
1888983901
2125400447
2125400447
2095223275
1998873432
1994583787
2138312431
1837793224
2108306442
1752339365
1854002049
2110220315
1921636683
2076902820
1483526476
2096933347
2096933347
2059383371
1682310530
2059383371
1145916389
1974582033
1759917970
1880060899
2062318389
2045343895
1369167623
2099886842
1912713879
1933502164
1932427567
1932647048
1985201340
1638836513
1777110566
2078344217
2065258059
2119127514
1743682517
2034371459
2119127514
2092950405
2100277438
2130615069
2113194973
1909440744
2102088689
1848571968
2102088689
1962464130
2059012815
2077349095
2102088689
1655360419
2102088689
1967686082
1880709938
2017178064
2147070263
2131768497
1872882023
2147070263
2147070263
2138765277
2138765277
2022153912
2108846857
2034858367
2079047899
1944307131
2049037270
2111098546
2065511687
1876523233
2095521249
2015659901
2005628399
2144647510
2112416988
2121793049
2111554976
2099512699
2118412636
2099512699
2036488186
2080508669
2080508669
2036488186
1941379860
2117900140
2117900140
2103531902
1990725271
1838162472
2095521249
2117900140
1566644613
1590555314
2139672923
2115969741
2117389846
2117389846
2121002965
2028078868
2053369106
2144791767
2129960679
2025395278
1987814323
2077849639
2018394203
1834767225
2144725885
2144725885
2145132732
1999222386
2145132732
2145132732
1990731883
2145132732
1999222386
1999222386
2081816629
1921391116
2144791767
2144577342
1393836131
2079364635
2144577342
2067882075
1944964695
2131795571
1889026895
1982788253
2105004489
1920743396
2109737267
2106033233
1959340556
1321288261
1975719655
1219267845
1678970825
2139294223
2051130189
2092017334
1863853132
1762197743
878831838
1949187827
1994136420
2146928114
2042864357
1795106525
2006889521
2064702879
2138044439
1885113890
2146092594
1548560880
2074481326
1967547115
1925081292
1857471331
1871915680
1986802145
1986802145
2140215870
1878253243
1932256061
2141831371
2075616921
2119394160
1821127496
2042933248
1549055478
1754286133
2114522190
1978552075
1961089622
2144726702
2144726702
2144726702
1976092917
2144726702
1976092917
2096612608
2144726702
2103141497
1681553950
2099512699
2107601979
1857647132
2107601979
2135883121
1994049381
1676217075
1446762761
1911591797
2003415693
1892216670
1899714676
2089995221
1217466834
1941164978
1940529549
2143097084
1946571083
1998959139
1947097724
1674234694
2070512774
2098541135
1994546946
1994546946
2100391142
2025330623
2129093569
2113564823
1711685681
2069901723
2012369135
1408727265
2087659181
1872263758
2087652012
2143056345
2097388744
2043205063
1979308003
1976766551
1795647546
1579709919
1491630524
1623627363
2113806063
2052115150
2031509546
2136805914
2136805914
1994523804
1875593039
2110035749
2053399597
2002710963
2136893030
2136893030
2053170094
1330582739
1817050132
2146497733
2145727869
1990503062
1792365820
2125289293
1770899361
2107817237
2107817237
2107817237
2127902121
1895050013
2107817237
2053363513
2054919799
1721805502
2053363513
2087364079
2122019862
2053363513
2125171451
1215910292
1729996259
2106230143
1944973645
1920494108
2053281072
2087364079
2053281072
1932141160
1864376041
2121801290
1932141160
1757816125
2122798818
2022353446
1570454521
2130783041
2058025695
1956264298
2070249473
2074915305
2130783041
2122019862
1538960404
2114773070
2061739834
2061739834
1613847545
2008575748
1471342875
2061739834
2061739834
1994811611
2135130391
2061739834
1466939003
2090515709
2080396728
2061739834
1716685917
2136355134
1987122951
1983901757
2136848371
1710867493
2136355134
2136848371
2136848371
1796065009
2123398689
1894916423
2037568391
2117232929
2117232929
2117232929
2053147570
2089431675
2140640991
2130892979
1926516471
2041408598
1938398371
2107520035
2041356711
2138599596
1935518802
1952426040
1935518802
2017068150
2064411329
2034990553
2034990553
2093633039
1827677237
1672717391
1902213029
1717563699
2038506045
1823952341
2051342855
1739342128
2145924730
753545057
2051342855
2145924730
2068926560
2107204400
2034990553
2132600155
2063939681
2034990553
2133123391
2107862449
2103770743
2133710302
2084298149
2084298149
2033848634
2001031808
2064902829
1946586637
2064902829
2133915154
2141612300
2099874362
2141612300
1585381678
2139304856
2143445239
1988383820
1864285187
2070081841
2064023408
2146220013
1823462292
1789256103
1888730761
1985592682
2146220013
2101915807
2037133329
1908557683
1908557683
2004850645
1999452753
2133122593
2072802052
1705227234
1895213472
2077548879
1773702328
1970898068
1663567833
2062657347
1781677319
2076416058
2139712410
1965032624
1851125228
1985816185
2140757938
1514302196
2059241726
2110519771
2110519771
1727943486
2110519771
2140757938
2140616183
2140757938
1905271986
1653429933
2065155873
2065155873
2123323764
1846418077
2145599369
1928664080
2108932944
1940739924
2118485217
1974166164
2094362338
2119155492
2146940921
2119155492
2119155492
2119155492
2092309507
2133950514
2136720191
2136720191
2119155492
1974575757
2136720191
1966714731
2003190577
2059576508
1317265145
2118485217
2136720191
2088779137
2097501855
2118485217
2136720191
2136720191
1117290139
2126358263
1925690956
1897815259
2121863359
2054963964
2089485645
2121772140
1911010862
2089485645
1911010862
1578874611
1920746907
1999470953
2121529910
1903159421
2125175264
2121529910
2121529910
1532131596
2021972129
1660696130
2045286961
1371014803
2109377476
1565466845
1977224118
1609302487
1794400266
2061130540
2065574002
1920746907
2065574002
2121092470
1660243997
1930551140
1897693992
2101045861
2107899976
1871459158
1912010131
1907261676
2060828557
2110872832
2060828557
2060828557
2145544698
2060828557
2060828557
2094059218
1995507692
1881010432
1881010432
2123736934
1597851571
2037050572
1866083595
2110432779
2076214967
2109724854
1977039029
861864034
2117243138
2109080721
2030013490
2109080721
1968623887
1981410715
1968120242
1969667125
1932295873
2099750709
2013016473
2117243138
1617159856
2117243138
1998342599
2141008367
2107374641
2115007159
2141008367
1684909607
2145087743
2100969932
2027283920
2141008367
2132051486
2107374641
2115007159
2079721164
2140690897
1877649775
2140690897
1879305143
2103584056
2022951089
2141020573
1933800028
2147040839
2143318252
1891935092
1916526570
1985847406
2101086662
2107803376
1894681490
1862653458
2089410121
2095473800
2015663952
2131165088
1901548647
1969045105
2132051486
1459972531
1805361804
1972289842
2085209901
2080722403
2064721351
2050701534
2128876539
2066060019
2029417920
2144948123
2066060019
2085384171
2085384171
1298332094
1909434084
2130531160
1934194987
2130531160
2130531160
2105997754
1207134007
2066981728
1859750313
2039924406
2074012875
1497491017
1763548487
2108781086
2103119325
1797308457
2053530871
1977110445
2061816772
1685252899
2127881914
1880598462
2127881914
1669876075
1937749434
2038693521
1960280814
1868350139
2026474114
2037187781
1906889855
1949963818
2041789721
2038548188
1891907172
1839713985
2081175545
2061470780
2017727380
2061470780
2133584059
2114905852
2048443953
1929777066
2133099281
2133099281
2070476660
2045165978
2065405394
2115460492
2115460492
1955181659
2145665220
2078752622
1963843354
2115460492
2115460492
1980877554
2106947648
1671552869
2115460492
2115460492
2053052319
2107623359
2089108088
2114905852
2114905852
2097384953
2097384953
1894330196
2114905852
1951737178
2098268569
2103697220
2139172829
1674990906
2099227505
2113052382
2075776935
2113052382
2147297770
1825637702
2077571239
2044736658
2113052382
2142676212
1930626991
2092265692
2091586404
1908237119
2020682974
2082671381
2096599157
2114794577
1314714376
1897524427
2047131920
1727486578
1897524427
2144226185
2024583130
294258932
1977333781
1936466179
1219815468
1219815468
1250107638
2120077255
1241077461
2120077255
1782457788
2142825747
1767540686
2145355681
1965869158
2125112900
2125112900
2123237159
1956007734
2125836054
2123237159
2136831701
2015969110
2015969110
1664475177
2116858944
2116858944
1819128570
2045055205
1941392041
2138877766
2138877766
2110851150
2138877766
2138877766
2109426924
1962757426
1703358831
1767730550
1879302126
2028449261
2128892744
1894445323
2032277491
1916931253
1997382933
2080798466
2140383726
2117407154
2056187902
2121547707
1972772369
1623252719
1941314881
2083077325
2097850430
2004148373
2081476934
2097972393
2018471529
2018471529
1517855476
2091922684
2016242158
1943522623
2135228374
1947485126
2007706907
2139582938
1162090482
1574430911
1777276887
1996236970
1925652419
2105533308
1852509071
1829086689
1928259149
2003016807
1931340850
1612307544
2053084102
2117591710
1825558584
1992166929
2036510466
1901949644
2119176831
2145199020
1970393356
2115947740
1937373445
2145454694
2123473704
1602386458
1966157190
2018272513
2062322315
2006994248
2145454694
1842709533
1879868986
1907565713
2035670825
2130732336
1487452358
2037896328
2118034795
1995528394
2052436488
2103023711
1872539657
1942126223
2057978080
1872539657
2111289603
2068708662
2111718337
2137182127
2137182127
2105527535
1806179147
2128468146
2061918410
1628084958
1850498879
1801700120
2097737016
2116148676
2120399860
1814867946
2095464432
1533027928
2054400636
1908350937
1984083593
2106029371
2115292128
1444298257
2109226327
1912480628
1907307255
2034024867
1994522686
1974252228
2084862208
2084862208
2122908249
2084862208
2084862208
2084862208
1936059371
1979489399
2116643571
2129604673
2100776180
2100776180
2116643571
2116643571
1881317809
2110230912
2048777957
2125666259
2122825379
2025853962
2025593786
2098126328
2132355593
2109306829
2109306829
2025853962
2109306829
2132355593
2132355593
2025853962
2051103554
2132355593
2132355593
1778530833
1944121083
2095238004
2095238004
1953994102
2090198350
1944121083
2095238004
1886666348
1824170128
1917481512
1917481512
1967518674
2143039894
2009185439
2117809374
1938760630
1943959938
2055063279
1961280563
1757647792
2098859921
2051603288
2024281173
2093280022
2093280022
1032110981
1956742581
2089980434
775610007
1988430765
1517496981
1272884770
2035379664
1790963861
2098077798
2124178885
2124178885
1595748518
2002640563
2090854379
2124178885
2083549509
2054202466
1960894747
2083549509
2112183577
2094034064
1995149786
2139765013
2105687931
2139765013
2139765013
1961491845
2086424692
2081214537
2067343000
2044665680
2044665680
1934788510
1677548156
2013740340
2121479389
2141881131
2141881131
1960479491
2121479389
2043693937
2030659328
2025375091
2137241105
2025375091
2025375091
2137241105
2137241105
1602702804
2132298512
2132298512
2137241105
2009504212
1813108586
1967580965
2069790592
2069790592
2104397432
1535003060
2135466310
1978976676
2117807525
2128458097
2108989728
2086135878
2108989728
2108989728
1512359385
1949920438
2108989728
1849052244
1891666224
1358805853
1554793238
2133282134
2118725868
1710491824
2081552028
1830784461
2100643136
2121075813
1992879427
1791223060
2068001209
1517280283
2144728722
1708172985
2120354159
2121762228
2121762228
2084658462
2120354159
2120354159
2120354159
2104794120
1799244382
2134152321
1974891309
2104794120
2104794120
2113539945
2010027345
2139629694
1978093692
2024774357
2024774357
2145227739
2137781450
2129566724
2129566724
2145369060
2111274675
1847154494
2036901778
1906229445
2069109627
2068935086
2132417362
1917570177
1993823847
1812923270
997040095
2107448650
1891226795
1913582364
2047210306
2025752847
2108913353
2019495813
2141464947
2106979995
2131591206
2131591206
2131591206
1939105854
1954186566
2062764781
2067802093
1995493969
2000506359
2132325936
2013836927
1796474360
2074690236
2132325936
2132325936
1957376977
2030281415
1538429649
1957673863
2128462534
2046277638
1731961300
2128462534
2081037497
2105033391
1923938578
2019162787
2105033391
2034203865
2116386047
2145990376
2100948706
1908663505
2000803245
2086384567
2131381599
2119970322
2119970322
1661479477
2119970322
2137839371
1828504484
2119970322
2099245398
2066939546
1782827548
2119970322
1918804697
2141798180
1604730165
2119970322
2004185374
1994881469
1971466900
2004185374
1267198711
2141798180
2027687447
2137837408
2141798180
2061999638
2118650895
2104956075
2135140469
2112563558
2135140469
2112563558
2135140469
2118650895
2135140469
1918346129
1780053654
2033171987
1642801746
2096246134
2127694711
2121455697
1952755539
1972732458
1984455501
1669863124
2104921520
1825563445
2128473527
2088793568
1760342941
2088793568
2107650338
1909132863
2104921520
1805577577
1989701442
2104921520
2104921520
1942489473
2047358207
2037672445
2140964181
1866040368
2130585787
2130585787
2020246105
2124160691
1126426653
2124160691
1875914807
1757298391
1913333291
2124160691
2139781934
1849971966
2120838612
2092977861
2131020322
2092977861
2124160691
1628901714
2092977861
2124160691
2077741225
2077741225
1583097628
1883862374
2071118750
2116763739
1946345733
2143300283
2143300283
2056982453
2143300283
2099606901
2056008860
2104326100
2093619305
2125485764
2104326100
2104326100
2136029461
2002075849
1949153079
1847159292
2074365468
2095939641
1994137685
1944580480
2021067353
2085675194
2145012094
2105487999
2044213300
1652687811
1798678945
2040030538
2008538005
1911075113
1911075113
2073898660
2073898660
1911075113
2098674389
2144515848
2013586914
2013586914
1924858364
2098674389
2070901346
2134810441
2134810441
2138124667
2138124667
1961866019
2117733874
2103137950
2088526329
1937196020
2129129324
2128813763
2088526329
2133068113
2133068113
2139707646
2139707646
2133068113
2133068113
2145360109
2101426269
2145360109
2129129324
2145360109
2145360109
2145360109
1944219570
2095022601
2094495756
2050334827
2068641808
1981215212
2129129324
2142483306
1993378947
2142483306
2129129324
2131949065
2031552745
2100993162
2025312135
1951857130
1902204437
1822307531
2084625640
2139763672
2141323748
2004975430
2143101030
1794346945
1609427215
2052621527
1133294878
2083090294
2100948706
1739713709
2059420845
1739713709
2135565603
2135565603
1914049825
1854925847
1854925847
2109167763
1880193438
2131997634
1611120431
1886531350
2102694855
2008868708
2060362039
2102694855
2136200522
2097598739
2038970364
2038970364
2047268965
2017722098
2058155007
2129284398
1874060806
2138517670
2058155007
1814891865
1884573720
1937583908
2125366592
2108426008
1764340220
2108426008
2087738401
2108426008
1869593324
1708396374
1869593324
2070542511
2144986573
2108426008
2108426008
1749299556
2146754027
2146754027
1328932703
1986975171
2046664317
1970266104
1970266104
1970266104
1898969838
2044360088
1989796378
1925182997
2049732999
2006712536
2098632492
2062711808
1450122620
2100207646
1758696222
2050698212
1860131902
2047369005
1917715146
1663481607
2086557029
1812846163
2114815351
1323504302
1909695022
2059765098
2071467201
1846049270
1902116860
2125546445
1681735537
1979433793
2140949986
2038620416
2019323587
2019323587
2038620416
1945939339
2068847985
2110608937
2046240528
2038164471
2104689354
2098551449
2109943281
2003611333
1919845394
1464064634
2062193896
2135455873
1677358309
2107663898
1946327224
1976114472
1964765152
2059312648
2080551857
1794305032
1808619103
2110065096
1712037831
2131258877
2103611686
2131258877
2131258877
1991872295
2103611686
2131258877
2122009189
1940953082
2068322007
2108185620
2122555917
2108185620
2122555917
1891280550
2081196743
1169490984
2081196743
2081196743
2076593811
2076593811
2076593811
1943310562
1939747542
2072486703
2139126458
2108396383
2143379770
1939747542
2072486703
1993399789
2144597317
2083586216
2083586216
2147081526
2143379770
1971561525
2107691800
2143100526
1865458608
2135980909
1965680832
1683140730
1292081735
1905911731
2080029721
2104346492
2105268420
2105268420
2105268420
2143379770
1733669911
2134733495
2134733495
2117441256
2097880688
2134733495
2097880688
2097880688
2083770759
1814948011
2081807894
2136441373
2081807894
2081807894
2123891541
2127825501
2004263745
1926896345
2134661865
2079372321
1914229364
2142509398
2058479615
2103101495
2114995743
2137572801
2043880334
2137572801
2133798755
2075358141
2073788335
2073788335
2063873733
2109906590
2109906590
2109906590
2045842290
2069258896
2023888616
2076835544
2100948706
2042923285
2124548706
2124548706
2091045310
1797707008
2018861560
2091045310
1900696608
1906172587
2071031178
2071031178
2071031178
1807165322
1942474818
2068861194
2068861194
2053038533
2061100606
2015712092
1972863129
2097800337
2072888697
2089865414
2093856114
2093856114
1812871272
1951187678
1960496357
2093856114
1992149646
2093856114
2146633804
1758769590
1649108384
1698446097
2098394819
2107297262
1681670185
2143379808
2109487417
2095208537
1899221001
1959814107
2147060491
2145494172
2145494172
2145494172
1796583274
2110031364
2145494172
2145494172
2116655924
2146493456
1138214275
2102332097
2119866531
2111732770
1635017595
2111732770
2097207480
2097207480
2067089822
1752311081
1985976715
2139642921
2069790096
2042791476
2083850251
1887324877
2051914690
1973983174
1633472664
2043968423
1998035360
2083541061
2083487725
2105577739
1576471663
1948230217
1948972539
1609886010
2090825017
2129031384
2145874407
2130690634
2145874407
2145874407
2145874407
2145874407
2097216089
2112487597
889872836
2146667047
2131022680
1861456290
1971846687
2049241266
1861456290
1943181784
1904297573
2049241266
1634764384
2129031384
1762230336
2116111304
2039027143
1859775737
2047380939
1846887335
2015312444
1807427249
2104227016
2003312559
2112752729
2141573790
2141573790
1868450213
2106625603
2135849923
2017876602
2135849923
2129878554
2116757353
1945758021
2044795800
2126529519
2053527180
2053527180
2066070157
1425709387
2054160812
1759457398
2102025136
2102025136
2102025136
2102025136
2023855056
2121917859
1833525783
1995784872
2027170512
1693935233
2127362369
2127362369
1830741776
1986914013
1894232481
2073165629
1866002493
2114345508
2010013762
2120519894
2039968796
1988546371
1783379832
2101664496
2101664496
1923884934
2035727170
2098545319
2098545319
2104551189
2098545319
2077329403
2007756388
2097091057
2022942476
1657148008
1934055553
1572851232
2068036679
2007004467
1843761646
1902298149
2034961162
1902298149
2050506377
2108633998
2108633998
2127581591
2130081826
2146908238
2146908238
2130081826
2146908238
2146908238
1902100029
1984051047
2122805414
2063420005
2142855972
1998301883
2124636040
1922291645
2007506042
2007506042
2104782630
2004285936
2025508888
2025508888
2072373201
1853971750
2135884169
2063593937
2121694040
2121694040
2041826836
1974529194
2011952867
1940983687
1982817622
2071176154
2071176154
2116050891
2116050891
2116050891
2116050891
2000225758
1649028520
2143824031
2112158260
2002830451
1282016403
2101220460
2123030739
2079874810
2051358377
856204802
2124542509
1483706323
1885967551
1824905769
1876117071
1182953697
2084967202
2038953415
2142934112
2040261146
2143095772
2036929820
2104594835
2145877334
1924912500
1924912500
1924912500
2114095048
2142436377
2142436377
2014917361
2032131402
2141182378
2000422035
2012815101
2107309355
2093594137
1984347686
2107309355
2066236087
2063476434
2127552743
1935758586
2072562783
2115846492
1814949180
2111079210
2093638823
2042003260
1711381854
2121469472
2106906199
2084766035
2116522792
2106906199
2144800498
2121663669
2109801412
2114658682
2092097885
2146384881
2016394817
1780655771
2119100767
2014624179
1944747274
1075938442
1500883032
1649620610
1904146752
1789942360
1943793509
1644312122
2143782718
1865279286
2136277024
2076118923
1832125849
1500134454
2143782718
2125620259
1863910786
2099822076
2090892667
2076118923
2143782718
1625444914
2070942897
2070942897
1950748728
1621977487
2117220287
2137451962
2137451962
2053389658
2053389658
1955534193
2137493565
2120866772
2143427058
2145842182
2109629957
2133149728
1655413232
2129246703
2067505997
2008146645
1898286704
2127132344
2127132344
2127132344
1988532802
2088624696
2100586506
814054110
1879263603
1766832998
2117220287
2117220287
1928458820
2126332099
2017843833
2017843833
1720557087
2036151133
2002478954
2035255246
1981033287
1934054923
1903754212
1897626666
2098823485
2143747990
1870928458
2120160528
2087360381
2076079289
2106505060
2135342926
2076520114
2121971880
1793083209
2106505060
2047388122
1915638321
2138705506
2066808345
2138705506
2115851688
2120339748
2044643009
2142001258
2109876447
2111703089
2111703089
2116996073
1990453798
2062807073
1850845888
1804197108
2132349069
1549865460
2138585994
2009816602
2104060848
1807540398
2104060848
2132196013
2104060848
1908227334
1979972065
1883601833
1882803930
2054836420
1855113540
1959563081
1760297446
1890987867
1933505216
1675111501
1924927009
2110564647
2108638279
1326248442
1992846309
2132344144
1458853709
2132344144
2132039805
1973715038
1955310447
2010687170
1891710613
1684702073
1756091077
1921906388
2133428335
1970374338
1970374338
2145446187
2145446187
2142530434
2097741387
1264153563
1518745939
2033576182
1712677334
2136575122
2041263198
2041263198
2113355411
2043063158
2051791588
2117072588
2103594414
1959167192
1864364325
2104572777
1376024379
2117072588
1765759179
1963213563
2123083604
2079735580
2137072599
2053131249
1824116808
1987714540
2065579336
2127311349
2017253591
2067500221
2141697857
2141697857
2141697857
2141697857
2141697857
2141697857
1738564941
1868807441
2095560903
1728552918
2116864768
2043300316
2014653235
1865978944
2143176138
2143176138
2143176138
1600180576
2124512565
1994011272
1875130642
2075548698
2110089562
2133369065
2112019830
2147164391
2050088535
2091677128
2110089562
1974946393
1903086299
2110893294
1974946393
2106365154
1701082520
2110893294
2034217025
2046956716
2089134044
2089134044
2074291525
2043019580
1720559726
1950695873
1720559726
2082001685
2095113647
2082001685
2029190892
2081710120
2110499652
2064279159
1817618778
2136836634
2091468673
2103988086
2126954036
1886072787
2097087598
1897013578
1934571790
1860949532
1634197325
2033715420
943780440
1977852911
1986466392
2024370469
1828792307
2026943100
2005415628
1946457272
1217930313
2021147446
1946457272
2044652525
2075770422
2141368055
2032782134
2111671016
2134771950
2097827975
2074248521
2066143902
1895552650
2091974645
2116870622
2075726703
1812432991
2116870622
2116870622
1472350111
2116870622
1567210625
2095068441
2095068441
2124049486
1896859803
2146538817
1989270896
2088614526
2119544685
2097630785
1869236981
1960761101
1964674745
2068136861
1995364895
1970178628
1964674745
1975474147
2120682854
2020219100
1327199063
2010390457
2112049045
1955714783
1689385485
2128254076
2098536218
2098536218
2145401796
2098536218
2132152972
1721351748
2132152972
2132152972
1787557147
2064081573
2004533382
1729410037
1822732154
2119541824
1852046900
2001633869
2126577259
2109081282
1985734527
1714983305
1997984435
2107867903
2107867903
2061019119
2061019119
2060305171
2061019119
1230301887
2140170935
1455413033
2140170935
2057841140
1922888119
1996248430
1956041614
1969181357
1956041614
1996248430
1876718664
1844515351
2061390294
2140170935
2140170935
2115330913
2115330913
1534744511
2036504985
1977198876
1488151539
2137771890
1304541359
2137771890
1950797153
2137771890
2137771890
2019061503
2124495447
2137771890
1664360116
2132494299
2060305171
2132494299
2028527893
2132494299
2041450828
1698389278
2128689915
1956449890
2119155966
2075780554
1962106227
2049468465
2092278996
2068617240
2092278996
2138822189
2138822189
2113653113
656667332
2126953304
2035787628
2092426333
2092426333
2092426333
2130659449
1868297284
1722119705
2125663531
2128194709
2128194709
1524754058
2128194709
2147318186
1256587436
2139453918
2115410015
2100438553
2140810042
1869462582
2095397265
2113891128
2008225420
2095397265
1947398856
1800351794
2046527208
1947398856
1844238273
1947398856
2010197798
2061495599
1835441096
2066394416
2041021814
1514887600
2146361669
1894836007
2146361669
1975113638
2122460936
2068960017
2068960017
2100695806
2100404453
2133061351
2133061351
2057244071
2022212971
2022212971
1906955059
1906955059
1089187874
2106528220
2146752886
2106528220
2065185792
2138229452
1843902513
2138229452
1370738036
2142949822
2137757395
2116757333
2090511687
2092502551
2116757333
1921372935
1621422278
1990121509
1978236440
2117091886
2090782078
2137861763
2137861763
2063856630
2064142469
1591566584
2043471017
2064142469
2032117445
2100429365
2085450078
2085450078
2113068328
1921778830
2067382531
2067382531
2067382531
2130067116
2072894965
2014691702
2060321061
2097003282
2065934349
2117673303
2060321061
2117673303
1902788265
2062290033
2127475784
2031710381
2025676667
2025676667
1519984538
2134679700
1761050592
2139009691
1974203334
2131240774
2049974192
2131240774
2097222056
1899416822
2059864092
2139412396
2139412396
2139412396
2122713202
1723118579
1586352473
1904253159
2088190710
2090893585
1993396008
1948589776
1594118256
1916595677
2123326029
2070231943
2115117715
1399343866
2056738266
2009034461
2122020115
2129331776
2129331776
1932013267
1070398873
2105092807
1954986730
1946709843
1867312868
1971493113
2054083261
1946709843
1971493113
1971493113
1944818877
2022787463
1971493113
1396495235
2127378434
2127378434
2082516993
2127378434
2082516993
2147315799
1651309420
1307156019
2060729158
2050227838
2000583658
2095354833
2095012700
2078591520
2100759892
2095354833
2098235294
2113055362
2079943657
1926965953
2084497376
1862054086
1583599479
2043590527
2030709790
2030709790
1790423417
2114558194
2071574577
2051549743
2059814936
1793233525
1775479990
2038856176
1540511042
1772268299
1772268299
1845117373
1662344135
1905192672
2138366253
1996337669
1134123083
2055068782
1996337669
2079121898
1996337669
1898818011
2102002646
2090815660
2141384312
2093876905
2038439339
2028708150
2084538314
2028708150
1924126707
2080730656
2077120957
2077120957
2136464528
2050837893
2146622015
1889364001
1783590829
2051846286
2132056057
2031925700
1992004577
1992004577
2072333716
1891895569
1757133022
2030162783
1913345135
1913345135
2030162783
880165228
1859172891
2041731147
2041731147
1933675238
2060506956
1849024686
1529008014
1932661831
2079176065
1932661831
2056383210
2131960526
2088740856
1689522903
2078372375
1781519376
1850353758
2116379425
2116379425
2116379425
1781086885
2111166668
2111166668
1737753247
2058503068
2058503068
2120322904
1390243286
1750296505
1991326835
1991326835
2043139796
2104447107
2107789800
1963378315
2001997617
1854783001
1887529541
2133713388
2142065446
965429953
2090409008
2045390818
2090409008
1886610034
2003525550
2029746041
2112904013
2122675606
2046643804
2122675606
2008578570
2057316347
2122675606
1930329240
1959825958
2096317514
2096317514
2096317514
1685381574
2094934461
2060383375
2015235450
1866910901
2084764653
1646694836
2060383375
2087662813
2060383375
2024464520
2042196737
1954718535
1844960787
2146627666
2065065181
2146627666
2065065181
2065065181
2053920276
2026373242
2114533030
2145906194
2145906194
1987074335
1931833793
2138363724
1515441234
1826238959
1826238959
1693611569
2072661198
2143341904
2129421820
2061807597
2049829447
2102428255
2067078411
2115367389
2022530387
1729779861
2102428255
1563090658
2073536378
2142269607
2006264958
1998797178
1684725482
1981122906
1686502579
2138363724
2116771416
1902424011
2106102670
2016041363
2099727224
2124010672
2105218216
2099727224
2144668379
2137144436
2137144436
2137144436
2011797741
1591876894
1903018421
1268484193
2099727224
2144938890
2144938890
2144776194
2030918562
1894011787
2022493998
2022493998
2066364204
2024711457
1887980534
2021350391
2079553815
2079553815
2088833807
2088833807
1674825750
2123795079
1749209371
1963290717
1939116580
2137104891
2127178733
2127178733
1837698408
2123795079
2069147946
1733847735
1720948919
1958427897
1864907222
1753125512
1720948919
2107375329
2079553815
1119463603
2079553815
2072961286
2072961286
1885217660
1842000476
2092214643
2100126091
2000649490
2047294665
2047294665
1172958659
2094611449
1956250722
2094611449
1686040289
2101856860
2140143169
1992457067
2144159007
2144159007
2144159007
2124027015
2144159007
1995991875
1292397397
2050316914
2134832068
1922830303
2103912501
2125687362
1919443080
2099871728
2065200240
2090585256
2090585256
2144079320
2090585256
2144849032
2144849032
2109187448
1579072262
1987557779
1995945286
2094256614
1591850023
2004729345
1809608912
2064876934
1877556470
2101509033
1903816334
1964733686
1785891129
2067869016
1635568448
1859381312
1983584459
1979759017
1892616629
2103799086
1806554031
2141195744
1919008642
2127996166
1858998814
2127996166
2016362442
2123013924
1865684377
1821408242
2107297772
2087593295
1896615835
2079419391
2059439837
2095585605
2059439837
1922642575
2063379566
1978738329
1806115790
2055308756
2081708437
2089899543
2139061313
2021911472
1982740259
2132178385
1978738329
2130713294
2132895355
1728213348
1455044766
1978738329
1934514482
1965421542
2120842385
2124830175
2124830175
2140360659
2120245693
2074782823
2114678192
2074782823
2123433344
2022804653
1920363943
1941786228
2140400436
2132178385
2082239256
2142370559
1404244756
2139673204
2082239256
2139673204
1434734632
2100525155
2140179058
2100525155
1892233831
2107780323
2100525155
1919573735
1503522633
2132178385
2105902528
1607715098
2109939294
2109939294
1981832919
1981832919
1814237594
2045681299
1981832919
2021026392
2021026392
2037031831
1892644203
1852631553
1892644203
1997082834
1823669461
1452180354
2140571519
2140571519
2017384210
2029263859
2140571519
2140571519
2140571519
2140571519
2101127448
1943625009
2022369203
2119047699
2133594278
2133594278
2133594278
1215470251
2136305968
2136305968
2136305968
1904688633
1874952778
1966334706
2027790371
2143886023
2129957598
2029841116
1801651621
1978689197
1976790198
2055023885
2144304286
2055023885
1789513361
1878243258
1996439514
2104408970
2092933000
2140394833
1778902661
2098754737
2026854851
2104323106
2098754737
2050706210
1976764062
1930502161
2102611291
2128990419
1967432767
2020336707
1958401265
2020336707
1689181021
2055311849
2053940791
2109128713
2021912080
1236205456
1236058595
1825354218
2133541766
2123782782
2125085325
2137323994
2129515900
2110603188
1624083909
2045242110
2110712223
1700289473
2110712223
2099980738
2126019348
2147130750
2147130750
1975975828
2137438135
1984986373
2088003916
1529143021
2010619026
2053326064
2052752874
2052752874
1377057037
2077967025
2002376581
2145848832
1982930519
2145848832
1882187796
2137438135
1792537456
2092640021
1854274647
1826682924
2128381354
2031573162
1998426061
1829418804
2123920571
2123920571
2117222054
2097275121
2076516200
2097275121
2073528304
1785399925
2115351833
2147193337
2097275121
2147443645
2013860200
2004796616
570234518
2013860200
2078315234
1972385002
2112607009
2097275121
1865588994
2073528304
2112607009
1881209244
1688898743
2136458619
2027475235
2092560178
2027475235
2027475235
2117186786
1477065721
1906164538
2100501570
2062382086
1629899320
2088173493
2088173493
2088173493
595777897
2058020621
1854734120
1745827631
1745827631
1998491259
1998491259
1970648817
2085891149
1855026229
1788759707
1173043895
2092139047
2066469508
2118053281
2055312498
1876011712
1876011712
2073219413
2066469508
1960918947
1887553913
2020340979
2128174840
2128174840
2112707990
2074360413
2128174840
2021987141
1523854580
2107683060
1749831106
2073207244
1921674742
2104332297
1835855458
1871676710
2115190446
2073207244
2143384674
2143384674
1963531510
2022064188
1765613107
2142859987
2001316387
2075583530
2020726735
1545509946
2146444514
1890204514
2126289154
2024395582
1840416288
2119702269
1700482408
1632644202
2119702269
1573905104
2014316104
1498018461
2115479239
660220477
1887273197
1908498308
2135378671
2051854762
2135378671
2023128282
2120152739
2120152739
2074312398
2146076707
1970320208
2120152739
2087507946
2106736829
2079361897
2066667475
2042687535
2074780122
1790877162
2126898748
2046615018
2105195476
2126898748
2126898748
1676573652
2074753468
2074753468
2039422090
1956549024
1676573652
2103513245
2043213480
1795390928
1573179074
2024215368
2078247469
1766977358
1041827322
2078247469
2091117121
2091117121
1845907674
1811702487
2032174830
2005365477
2005365477
2008442571
2020747902
1973056661
2124816087
1797821641
2140150865
2142255923
2118056192
1961808312
1271037542
2010058370
2010058370
2010058370
2097246961
2097246961
2111585153
2111585153
2081611052
2111585153
2019003380
2076558167
2042433021
1906026981
2068359661
2101444725
2011642027
1961531136
2074730624
2074730624
2074730624
2027158367
2074730624
2041904659
2129751305
2134640682
2134640682
2129751305
2076558167
1676085311
2141591871
2076558167
1855692893
2126830876
2134640682
2103837356
1806671107
2134640682
696409822
2003209333
2143021803
2084983955
2076985198
2141425486
1877241094
2141425486
2141425486
2141591871
2112863398
1450859508
1754827746
2029462203
2084694302
2101434557
2130553468
1842678223
2104629834
1867216284
2145080533
1789640697
2011116287
2100281886
2100281886
1440874759
2047346161
1722495707
1410752997
2141591871
2122728894
2054271469
1900027895
1901982068
2144533368
2141591871
1204754851
2097246498
2040003254
2046964349
2048918092
2016613439
2129971109
1872223901
2032028806
1872223901
1730618617
1949545395
1872223901
1637289465
1878359740
1839668207
2103175638
2103175638
2103175638
1866305972
1867974836
1648666890
1390715264
2120324332
1876248478
1997808338
953867181
2028642319
2120324332
1757874833
1938135808
1811218578
2120324332
2026052502
2050051504
2145962796
1378482703
2145962796
2145962796
1837466991
1870689017
2145962796
2129119992
2129119992
2073529223
1586690279
1596617730
2094376745
2147436286
2074122072
2113389275
1515514952
2100258846
1387634085
1993444506
1489838927
1897637446
2100258846
2114177005
2018160369
2089147195
2081918774
1937239805
1599275561
1970500552
2141457344
2081918774
2081918774
2089147195
2089147195
2104514470
2113451071
1830565497
2044342846
2059276913
2041715678
2029562382
2029562382
2048232356
2145724768
1474753654
2069239639
1954736607
2121868956
2146824516
1786226068
2121868956
1984226557
2121868956
1984226557
1984226557
1651520115
1851490956
1873655029
1867519281
1965219201
2133243091
2140826508
2080336106
2143461575
2069060014
2069060014
2140927457
1728389458
2102965063
2129101476
2026207905
2117222542
2140927457
1759119697
2108786501
2129051095
2108786501
2103876569
1910001294
2140826508
1846150270
2134207890
1624643032
2140826508
2140826508
2004287583
1372573481
2085817147
2077718912
2054489393
2141083249
1987653304
1775498211
1865559290
2132517271
1865051354
1865051354
1012775625
2023453753
1923334149
1962894573
1868536396
2046753126
1444210470
2134560506
2133119588
2119077017
2127948292
2090595222
1720470942
2082897134
1944407775
2119077017
2042712182
2030498990
2084505038
1302223033
2136120188
1814912690
1748770472
2096088008
1722145064
1543811121
1722145064
2138267619
2082059087
1739852343
1908975159
1787951523
2082059087
1980778218
1887960980
1776364719
1236616630
1504428438
1504428438
881539226
1800964488
1891348525
2074301480
1016258794
1904880995
1923994397
2043328487
2117966997
2086630908
1832332446
1847432278
2120305626
2090267550
1564640386
1939950714
1964874144
2090267550
1664185946
2115004282
2013037274
2052290411
1917792643
2131986393
2030835130
2090267550
2099561180
2132162064
2139646587
2093913281
2138267619
1956047739
2126390250
2068862235
2038314074
2076796458
2128200541
2138267619
2123776436
2009141595
2087711456
2123776436
2142783243
2126827984
2124000239
2082276957
1553847542
2138267619
2068665587
2061564799
2061564799
2112237961
2138267619
2138267619
2057156688
1980059303
2038659740
2025590527
2086116288
2138267619
1904628658
1856640582
2069325550
2042348602
1817218089
2145840624
2118543964
2016795475
2016795475
2016795475
2043988526
2115880134
2127524894
2102110960
2077058544
2144135387
1784752339
2144135387
2113689275
1932419451
2110958934
2133182982
2014928128
2003617855
1958455431
2060340852
2060340852
2060340852
2092211253
2145404096
2083168783
1806248395
1806248395
1806248395
2115833948
1806248395
1880370734
1989363258
1473005292
1831848195
2091099101
1976622482
2011807344
1893270147
1981244676
2086255966
2086255966
2142373139
2142373139
1945002189
1741341771
2111768882
1268410595
1477545673
2119717715
2008032315
1953358818
2145404096
1998139118
2110510730
2064464963
1861804921
2131263444
2131263444
1678101362
2128376721
2014043801
2128376721
2091235095
2091235095
1973740279
1973740279
2130477115
2140208243
1948380724
1713551678
1998847997
1855740613
1999656928
2080328906
2145170789
1933864819
1916215885
2058593080
2110238580
1741619064
1988850021
2092822182
2138248187
1931948926
2051488391
2123016202
1350997827
1967497538
2125942729
1923451167
2129053797
1837985377
1384972292
1972124422
1859559542
1910820389
2129053797
2118892838
2134501201
2031241696
1089767533
2105546476
2068713049
1946611332
2075963413
2089469630
2146778855
1623030088
2058146567
2129053797
1862094567
2131411737
2031702233
2110991369
2115546016
2110991369
2065656089
1768343682
2145290819
2145290819
2123436812
2069479629
2135724531
2135724531
2006974572
2135724531
2078372538
1573669508
2062678368
1654898379
2146573116
1914011989
1919783222
2038290810
2006272754
1229176572
2105131586
2145234491
873076120
2145234491
2145234491
2001523096
2001781829
2001781829
1611172417
2123490678
1939770923
1771837425
1251316451
1880570929
2123490678
2127503433
2092571748
2040770373
2047711425
2059393438
2092571748
2135045063
2092571748
2092571748
2082018437
1952112095
2115896235
2017500918
2078354100
1781727866
2146843569
2006855103
1948435873
1905922167
1587892374
2108720127
1973864453
2087436689
1601180802
2094749852
2094749852
2094749852
2133904049
1737412049
2134439497
2133232212
1972361555
2028750648
2139927786
2146506825
2110629979
2131298202
2147331049
2125388007
1992523064
1992523064
2054555630
2088796836
2090834689
2016826514
1993620865
2101410333
2124195979
1555755788
1944264955
2105208720
2118278651
1944264955
2004239665
2071795945
1959767552
2098870409
2117681050
2105208720
2004239665
2047953478
1933254767
2001269563
2003780348
2035432815
2107128817
2107128817
1997739480
799864363
2105208720
2107128817
1507777616
2107128817
2066837650
1690323795
2078216592
2073277742
1377948570
2073277742
1959802150
2073277742
2065879010
1687760557
1237501146
1681275157
1687760557
1746947921
1580978669
1162415392
1734096843
1990632585
2079530008
2062063445
1623504175
2124195979
2079530008
2079530008
2006897928
1985086223
2120965010
2089277842
2038441562
2127340622
2144168701
2132938678
2094454024
2139774843
2103286123
2103286123
2103286123
1930765130
866413816
2138734462
1865242782
2063017941
2102962838
1347874238
1920278862
1869075782
1920278862
2063930203
2060908556
1981915301
2060908556
2086537148
2094777828
1991648363
2046371617
2051021460
2100923845
1916499628
2100923845
2054728862
2051021460
2144832321
2114616118
1999740207
2053649385
2052469967
2054509328
2127251625
2127883541
2114992918
2125096551
2126652001
2137357848
2008666602
2104332297
2098250979
1786737388
2130114637
1845086231
1977350941
2087597603
2051561404
1982709656
2139184923
2128265772
1970451460
1908702230
2051946443
1970451460
1970451460
1903163498
2134726558
2053907594
2092894374
2128588321
2092894374
2092894374
1857458209
2109059316
2092894374
2039415969
2025084730
1946975989
1332212490
1941607312
2119425940
1941607312
1941607312
1821132397
1941607312
1704135926
1587104284
1798206556
2131263606
2112938633
2054527535
2131263606
2016295780
2145527158
2111178968
1982473675
1993886412
1560955258
1771838652
1982473675
1405634494
1959153251
2134165568
2061548271
2061548271
2077372453
2030707932
2088356200
2121633207
2081519907
2123785221
2123785221
2123785221
1890904243
2081903826
2119641565
2012028896
2125311905
2125311905
2077102996
2077102996
1939669879
1667388673
2115131681
2014975414
2021448897
2048123142
2027100794
1928677502
2115131681
2057637909
2027588640
1936796538
2048415037
1941777904
1273398465
1915593020
2139205287
1836061470
2009234233
2075378373
1575431492
2088042515
1796702540
2144607885
1278309851
2051124919
1683541092
2109128045
2051124919
2138765590
2138765590
1734417634
1975761309
1991900603
2090417058
1945179362
1752599826
1934897085
2084183699
2146022133
1881632621
1691267885
1809304483
2131427252
2107394282
2061886445
2137679899
2139647481
2135347103
2135347103
2010976279
2137019425
2060417607
1968450861
1715337357
2096794650
2010976279
2120681977
2115677169
-356341279
2135347103
2012983702
2134062186
2134062186
2023622097
1954059871
2134062186
2134062186
2037572380
2079872745
1994417865
1994417865
1787479419
2121841671
2106092545
2123693345
1904467608
2056554592
2123693345
2143641159
2123693345
1888574733
1622853922
1693039065
2007614572
2101196355
2102982281
2106062162
1800925813
2021381309
2006012690
2008129498
2005411081
2029380929
2077964607
2005867538
2112172649
2077964607
2049922626
2077964607
2077964607
2077351971
1692878076
1290074189
1963077898
2125619226
1679831916
2134019933
2099737932
2081444557
2120799479
2056220547
2108472200
2120799479
2120799479
1658040822
2120799479
2002385522
2026106914
1531471195
2114028334
2005975293
1825539180
1945412017
1764016889
2016865416
2127122494
1985583501
2147230635
1300085432
2074125391
2146265371
1844788158
2074125391
1946891055
1837182620
2136478293
1716779278
2136478293
1519582640
2136478293
2136478293
2144529988
1687795287
1612628029
2136478293
1424239233
1865012377
2125532167
2125532167
1806465074
2084392358
1974279873
1938020283
2084392358
1956286991
2138901766
1950165861
1503808278
2138955283
2127622252
2109271767
2015771315
2144457143
147274684
2032647374
2101047648
2144457143
2144457143
2015771315
2126496848
1458168992
2015771315
2122619113
2022500680
2096442973
2087310239
2051581524
2096442973
2096442973
1686539118
2031317100
2096442973
2147103206
2004397352
1807275728
1918002552
1587229813
1522588009
1647995037
1944831286
2062706886
1901278820
1862093533
2088301373
2054109914
1907531767
2103008902
2080582226
2070589378
2103008902
1692189539
2146616149
2130889078
2146616149
2030014231
2085579950
2145973546
1947191158
2092541266
1952895205
2029620682
2146616149
2114078971
2118093143
2098014206
2098014206
2098014206
2115680220
2114078971
2115680220
2078701023
2115680220
2146362440
2115680220
2110538136
2115680220
2135209601
2115680220
2115680220
2115680220
2115680220
2110538136
2115680220
2075317147
2105190874
1889102191
1350908617
2060252450
2060252450
2060252450
2052403193
2060252450
2053240008
2082055084
2082055084
1355619003
1517753543
1971539934
2082055084
2108252714
1963892516
1517753543
2050049148
2050049148
2129461558
1974054594
1978805397
2135774569
2097798461
1930424893
2085698497
2085698497
2085698497
1996071499
1824115385
2005908916
1953156620
2116357484
1721790983
1630336835
2092069603
1974613649
1946085299
1942028450
1877594749
1832181445
1942028450
1484637829
978404724
1942028450
1942028450
2091008612
2091008612
2094488629
2091008612
2001498311
2034107962
2091008612
2034107962
2091008612
2094488629
1809912960
1827577823
1559956875
2011403849
2104250347
2005366869
1447406744
1847268941
1988806637
2134217502
2076384575
1998965985
1977680936
1117716040
2103001155
1887722550
2085411954
2030207855
2103001155
2140148024
2084338856
2135830220
1891561104
2083912198
2004879264
2051064608
1546807456
1904386643
1631415660
2011881206
2039109121
2131776370
2107880136
2140449844
1953917742
1054313953
1671462975
1411268658
2034312674
1844605260
2036338895
2110787628
2110787628
1867525591
2078878564
2063756075
2128480055
2081725795
1932303572
2081725795
2033777982
1825847791
2033777982
2033777982
2033777982
2033777982
2081725795
1872541962
2103299903
2103950574
2089120420
2083024852
1936251934
1936251934
2045281972
2131567633
1851333449
1945132176
1881948298
2124119335
2045281972
1666709019
2129550858
2103751147
2019206783
1723021820
1724561764
2131567633
2063601843
2103950574
2058497196
2099592693
2147045828
1881406757
2099179534
2079368437
1192460599
1988753920
1988459069
1371453520
1916766982
2035451668
2025066870
1916766982
2002483713
1178832152
2137227478
2069370874
2140804640
2114594777
1857409882
2124541472
2137287642
2132355989
2028230541
1867204400
2024379684
2045094884
2130494769
2129228176
2098472819
1159915180
2146824115
1876970895
2146824115
2130977200
2123648847
2107801932
2107801932
2123336811
1447493638
2042686794
1945123257
2063983615
2063983615
2129439855
2020329597
2020329597
2129439855
2128079845
1664730849
2012870755
1947541960
1987018814
2125696871
2129439855
2099960782
1098189625
903308408
1673241385
2068885318
2134086324
1799978853
2108315992
2103291460
2041751555
1872934098
2041751555
2041751555
1211768947
2131567633
2071034165
1770876709
1593086136
1850266036
2131747729
1054981729
1909044502
1779943640
1675346779
2135731796
2135731796
2145369051
2116803369
2121150508
2121150508
1732284537
2116803369
2085348941
2085348941
2117321053
2143242863
2024324987
2113173036
2082827955
2068673245
2083817406
1795522100
2093854356
2101400783
1807018959
2067939163
2120731450
1937010203
2043786948
1905051436
2002984584
2120731450
2087436700
2120731450
2120731450
2120731450
2120731450
2040881068
2120731450
1547871552
2120731450
2120731450
2120731450
1821051596
2096344212
2137712348
2055569785
1808580698
2106169548
2083290596
2117376264
1437757839
2116327476
1457104387
2114149065
2095803157
2081380186
2114149065
2141932411
2112613093
1948211191
1921301596
2089118915
1900196365
2088812998
1985358295
2055644876
2055644876
2119308087
2054994498
1341425193
2143273768
2116869205
2143273768
1056845850
1958044786
1201911082
1768361494
2038333536
2103793013
2105197967
2084420323
1385820294
2056901163
2056901163
2106332465
1909243427
2056901163
1901445130
2106332465
2106332465
1562002483
2056901163
1912303332
1896012678
2096560921
1975030388
2091156450
1361711804
2142932751
1872139892
2019164824
2105414443
1542892961
1002215675
1567396897
2033265611
1779248262
2141460004
2047914857
2047914857
1997629089
2047914857
2047914857
1753787894
2104796108
2100347535
2067771502
1938670385
2007568625
1930877466
2108504520
2145677892
2031351352
2031481562
2058387211
2058387211
2082012396
2084273191
2012683652
1999683346
2071226216
2012683652
2134691735
2009275315
2044501380
1694104186
2019218812
1936600389
1824427652
2057897711
2117693485
2131458373
2131458373
2126867717
1729730216
1632934344
2028923879
2135516848
2135516848
2135516848
2135516848
2095500628
2023116939
1696939175
1907064057
2112393259
2060158435
1908162136
2028389862
2060158435
1908162136
2144036106
2144036106
2045474960
2144036106
2144036106
2142793001
1936831546
2001606959
2078426390
2132704671
2122462617
2031910705
2090918779
1841348726
2031910705
2120857086
2120857086
2120857086
2120857086
2137621924
1905798883
2114210424
2120694538
2114210424
2136380671
2126668366
2126668366
2123428108
2032697266
1834228496
1722139289
2140630385
1986107511
2129633355
397277067
2140630385
2140630385
2142331340
2142331340
2140630385
2140630385
2061530095
1876426393
1989239178
2128790220
2019128148
2019128148
2139121365
1271845272
2054457407
2124747891
2128790220
2128634968
2128790220
2103051498
2103051498
2088427754
2119038401
2024709939
2045534217
2080735667
1091958749
2020129178
1834232902
2031200650
1782715388
2128310040
1750843422
2140923934
1757688674
2140923934
2135292885
2025916475
2009300770
1780257731
2097721178
2140923934
2130360662
2136738195
2131825124
1998419624
1088551516
2084635648
1510471623
2140923934
2092993706
1999445230
2108870348
2140923934
2092993706
2140923934
2132613954
2135209014
2135209014
2140923934
2054062252
2108870348
2135209014
2131423842
1464613568
2144067882
2057342501
2028363966
2054857537
2031804703
2115917367
1924069596
2131861043
2134524382
2131861043
2090126871
2090126871
2088318686
2134524382
2134524382
2134524382
2090126871
2090126871
2077816095
2077816095
1963767558
1395589700
2134524382
1918668691
2108201566
2108201566
1271611513
1903263215
2120033220
2120033220
2030213638
2120033220
1959054806
2133410694
1879443389
2133410694
2133410694
2053512769
1729570692
2102926655
2133410694
2130546305
2130546305
2008893841
2103698287
2055452725
1918475844
2055452725
2137086717
1279811408
1901890553
1128611365
2005194472
1736763648
2055452725
2028237275
2086852619
2124280969
2052946333
2126678466
2129264188
1782095741
2145252076
2134818304
2134818304
2109045334
1831550690
2109045334
2134818304
2122583613
2109045334
2134772715
725394637
2000994335
2091281632
1614130921
2057836751
1611377157
1689771324
2045385614
2029995007
1973168050
2098474612
2098474612
2139252061
1965819108
2098474612
2029996755
2029996755
1886451780
2029996755
2073635616
2115821751
1350995888
1934895646
2086487303
2081135936
2093219250
2143726645
2145371626
2143726645
2104719521
2143082898
2031987720
1884300767
2031987720
2146988245
1895554107
2033292099
1840447603
1895554107
2142922381
2098576166
2098576166
2113380304
2112951844
2038857627
2112951844
1460864034
1807105555
1812607666
2112951844
1876428366
1936744121
1936744121
1726348419
2035474518
1931754908
1976127663
2137606870
1686165726
2084154757
1826310580
1822099955
2096728747
2140569314
2034185503
2034185503
2005388937
2111850371
1960669737
2067053548
2067053548
2067053548
2047839691
2109101903
2111850371
2070802963
2115525382
1997833127
1870333891
2013577297
1668445054
1759568344
2064257394
2066673552
2043406217
2080081551
1992317195
1931534313
1794694834
1597581761
1548563237
2042233802
1787119450
2132610504
1889264002
1709721733
2124693897
2105805409
1456545572
2041608546
1944880745
1944880745
2114312723
2040392663
1732996635
2137071385
1731396306
2049616446
2130220732
1910058704
1732996635
2090609129
2108586585
1748395158
2108586585
2020815011
1938388809
2085428085
2108586585
2108586585
1810354369
2053556402
2053616293
2143129495
1490625244
2143129495
1900221112
1991364650
2029111214
2113880024
2137478594
1780500306
2105908663
1567647631
2137567727
1972572909
1931604235
2078400334
2084352084
2078400334
1998749747
2078400334
1987465017
2060251768
2143731150
2042960406
1664928021
1813687463
2056680056
2015799883
2089361879
1934316402
1766478364
1963798127
2131004124
2085202369
2026694011
2044821269
2074255448
2074255448
2139315580
2095102755
2100575209
2102146105
2109937624
2109937624
2017187292
2038695283
2136575863
2133829909
2014111863
2055270563
2089489553
2089489553
2085707558
2085707558
2067261186
2087939694
2085707558
1630599980
1726944453
2002789306
1868372822
2145291108
2067559978
2145291108
2126125906
2067559978
2146404879
2086455334
2146404879
2086455334
2146404879
1895399424
1893423907
1884286141
2034009915
1248166701
1392676534
1713555957
2123881048
1918287888
1500664813
2046430573
1564693242
1903622328
1946580007
2094801837
2117872797
1869065238
1912292174
1907668721
2117223637
2114299522
2080314096
2084165684
1837861838
2132383147
2011344343
2058933570
1616290923
2132383147
1951529484
2047696071
2132383147
2026370654
2120252077
2058933570
2058933570
2128594471
2087899315
2139221170
2038440765
1814030872
2145640182
1648680947
1752338169
2125822511
2101538965
2049322712
2101451301
1528254459
1831196065
1311328520
1697772938
1965372582
2106038640
1190720293
2145795818
2132383147
1881585729
2145795818
2062778826
2132383147
1434694680
2116590519
2101747156
1746793249
2129604246
2129604246
1746793249
2069833425
1783083170
2078491961
2129604246
2144336498
2120264207
1973255176
1955753566
2100092450
1964681625
1964681625
1913569340
2100092450
2100092450
2031440181
2100092450
1964681625
2007392986
1454263582
2072374671
2114163491
2114163491
2142371963
2142371963
2047466564
1635802434
1897430614
2137563400
2047466564
2007597573
1637454736
2126098273
2132144662
1945639537
2029553571
2107597477
1930373765
1930373765
2092032233
2017754009
1357779007
2042123557
2147204146
1653815178
1722069109
2115631283
2079694086
2068929935
2016696119
1977565043
2143342351
2022315021
1842624743
1969831570
1721113649
2029393715
1907825623
2103779769
2134568951
2061495639
2082808571
2061495639
2061495639
2056808183
2143648699
2143648699
2143648699
2143648699
2002687132
2145294136
2074000431
2055633208
1992483246
1869983084
2092428309
2112575906
1915773386
1986897363
2092428309
1915748392
1944942494
2079545886
2041200078
1975750413
2040821333
1978999305
1978999305
2121766116
2121766116
2120841221
1983699905
2120841221
2039804099
2040316406
2140696034
2132364907
1718250018
2132364907
2132364907
2132364907
2132364907
1915941166
1932480946
2030005991
2131959093
2003291149
2042759910
2131959093
2070107622
1700815755
2114329033
2070107622
2073204884
1940177642
1755897555
2111133924
2120553987
1999440793
2120553987
2134650316
1965083757
1465270947
2134650316
2105469610
2111133924
2134201764
2111133924
2044568610
2087955244
1973199416
1860080299
1860080299
2008547255
1932553530
2031817138
2086331231
2116312273
1859214721
1938881854
2041574932
1938881854
2000100660
2116312273
2063267341
2035599684
2136863455
2136863455
2034344961
1973969133
1894172098
2132077264
1985664059
2087622818
2040943008
1880180093
2075469857
2073429037
2075469857
1999834411
1920174948
1838515469
2096587744
1918431557
1905944393
2028891647
2052518967
2144134155
2015159625
2029779575
2147190204
2065005430
2097514141
2133322795
1997522748
1927481837
2015159625
1680987035
1928676235
1883915073
2139703172
1542859057
2039418638
2025219781
2044078875
2142889474
2142889474
1274595403
1829932468
1851848115
2074111582
2086425184
1882710475
2086425184
2136258325
2041863695
1986252761
2065005430
2135245874
2087612258
1748120106
2065866330
2087612258
1812668596
2115855026
2065005430
1519257862
2095812504
1886906370
2087008040
2105024291
2070712197
2069026516
2058676226
2117107342
1895076474
1971355821
1288695312
2116248156
1929104126
2143004632
2043204064
1851552472
2087008040
2092917968
2106710479
2126066073
2106710479
2147175272
1929441582
2121796224
1966873794
2121796224
2128700274
1907314273
1954543305
1864915386
2136639521
2141542213
2136639521
2144934978
1800927377
1800927377
1968071616
2086177341
1874896312
1956393825
2129653771
1847586778
2107638657
1915081957
1950778372
2091966099
2023889637
2049552113
1991023831
1516998323
1806419626
2114655203
2112521036
2013499970
2124581975
2065005430
2082512792
2069785598
2069785598
2032154420
1555569475
2069785598
2058500181
2142003910
2051884935
2127190296
2065005430
2107711059
2107711059
1540363850
1991348402
2079462451
2006297075
1961912511
2096666201
2129370316
2043531266
1763495903
1997891178
2074962987
1367118949
2127033064
2114690976
1631940473
2127033064
1959534603
2031106784
2058614673
2106803496
2106803496
1853534122
2081760525
2137299125
2113721791
2067921440
1967147898
2143993945
2002237303
2070438769
2066216259
2046977062
2055607266
1874346844
2130733584
1616828974
1980129021
2110444005
2140138545
2140138545
2130733584
1790592040
1914471430
2061303572
2050611779
1957417898
1618873731
1886968151
1925725783
2132781408
2130657812
2068260961
2126593606
2126593606
2072927962
1888405598
2091239751
1445200613
1239065979
1744176918
2071019276
1904132871
2039706232
2103335565
1774191182
1993954667
2128571731
1937657794
2032040045
2032040045
1857360605
2032040045
1899683082
2134967874
2134967874
2134967874
2134967874
2134967874
2086616833
1675784967
1697875770
2052456820
2086616833
1902176618
1920334845
2138303102
2127488725
2069809338
2069809338
2069809338
1939962104
2064239604
2109724513
2092770529
1970159569
2089733248
2057198921
2094964306
2078982795
2045701106
2140545588
2086228129
1788026446
2093183745
2016552042
2093183745
1995979686
2131507903
2049250960
2087266003
2075445416
2075445416
2132433122
1735233754
2042212872
2060407666
2132433122
1900572607
2132433122
2121951760
2129038237
2087391008
2133536974
1835082988
2146065734
2132433122
2132433122
2057172092
1849522631
1629006488
2009856021
2139317110
2123454365
1518004074
2080892855
2123454365
2069793759
2123454365
888982589
2137566463
1510260991
2126169305
2123454365
2126169305
2126169305
2025288166
1733210905
2123454365
2085854795
2053721887
2053721887
2124765998
1507148943
1310802385
1774854533
1830256071
1911100587
1868113894
2054693527
2054693527
2090367661
1971251933
2090367661
2111223463
2008281839
1795038683
2132212819
1953549807
1953549807
1931491629
2105031093
2101157567
1896387184
1925225788
2054979946
1954824889
2023496264
2023496264
2055293665
2126216266
1676727527
2117513889
2117513889
1890163749
2117513889
2104011950
2117513889
1859441323
1875337151
1970887167
2030501691
2088384646
1752432345
2108850163
2099362285
2099362285
2147034669
2106304988
1999856156
1999856156
1961671650
2106304988
2106304988
2106304988
1975425789
1856616448
2040250719
2106304988
2126389950
1973587365
2063326690
2106304988
2129368892
1798341968
1961671650
2063326690
1961671650
1950931600
1551635566
1859510953
2103865490
1706021984
2004390351
1881091560
2140878714
1881091560
2140878714
2074785462
2135065997
2139322519
2135065997
2140642496
908083741
1774851718
1954971572
2140642496
2140642496
2075994371
2075994371
1534040443
2142531996
2140642496
2072460509
1490680480
2142531996
2072460509
2072460509
2072460509
2072460509
2143835014
2143835014
2143835014
2143835014
2143835014
1663703259
1526738673
1791206051
2019986811
2089965833
2086353914
2047518863
2021575243
2047518863
2133229527
1998915939
1981646504
2015082650
1839554397
2112634476
2112634476
2112634476
2112634476
1921416451
1877701526
1499371677
1831193358
1930250288
2134076658
2063737512
1898632286
2036062893
1620298707
1927725512
2109189942
2129983531
1988730037
1739481769
1967698231
2144722336
2140198329
1974476621
1906494118
2144722336
1920076751
2085924857
1837120775
1870997039
2126270807
2126270807
1977191839
2085084040
2085084040
2063234344
1754982961
1875888488
2139679716
1984108729
1754982961
2137610718
1870197884
1523705391
2015162213
2003300146
2003300146
1949772333
1901095376
2026532702
1967498697
2076626207
1925697928
391354632
2133933530
2133933530
2096011812
1930501731
1936652438
2138441183
1589084578
2082132519
2111144596
2111144596
2115776382
1957493920
2082132519
2137547837
2137547837
2137547837
1982453912
2074369324
1709229170
1957493920
2087172431
2035073352
2091020294
2091020294
1888857220
2123872556
2030754168
2085599370
1771972453
2139503621
2139503621
2147162934
1678125273
2030688637
1803127818
2034133966
1991367634
1599097845
2134606056
1991367634
1895838096
2015475884
1991367634
2087172431
2100601717
2132043070
2007917424
2080586051
2046958215
2067672113
2047150321
2047150321
1544814747
2079483874
2079483874
2111046234
2138904430
2116953831
2048785374
2116953831
2133642697
2116953831
2116953831
2116953831
1822342662
2133642697
2112792238
1644248107
2024050102
1961967712
1560459586
1671430851
2142517884
2057506509
2047394184
2047380377
2117340075
2080990719
2041249467
1202796915
1520844620
1929885952
2111870200
1959873113
2136384300
2011525563
2130561662
2062604597
1911726433
2050277151
2076117927
2049410519
1978758504
1306561567
2055589907
1986805662
1986805662
1931258554
1986805662
1990898649
2051693252
2057949726
1856888194
2075443749
2087622396
2082994965
2128995925
2128995925
2128995925
2147439149
2128995925
2105513499
2105513499
1724424439
1514255162
1981857933
1514255162
2077528229
1883016559
2077528229
2060786861
2053132876
2077528229
2113944929
2077528229
2027673784
2075225565
1460928772
2111410434
2144003528
2144003528
2069373250
2115092896
2144003528
2140555087
2020473170
1994085320
1893181526
1922163204
1932142901
2130647177
1982673650
2120296462
2120296462
2059513291
1773106345
2028381018
2138373520
2138373520
2059513291
2078669229
1976156258
2059513291
2059513291
1777941212
2037090008
1197623636
1998747037
1841142756
2056969451
2141087744
2141087744
1849229303
1989810979
1870777873
2100715745
2140555087
2049761345
2092890264
2122335829
1727831693
2122162267
2122162267
1183512353
1860970675
2114806031
2022729691
2116782270
2062649320
2041878717
2041878717
1620044308
2041878717
2070704833
1841421993
2130734170
2069421139
2113207756
2130734170
1994691949
1612547387
2126363172
1929293761
1968867177
2130070552
2128470154
1997144342
2085607700
2063492970
2035373533
2133522092
2040427845
1949174026
1873892965
2040427845
2132610504
1859748974
2093817172
1961849189
1953075002
2136281448
2027370180
2039740514
2144142045
2132610504
2096370923
1986685855
2102473988
2064652290
1971828375
2124010425
1971828375
1882122258
2121454769
2119716043
1506416284
2092914577
2119716043
2104603202
2104603202
1796500630
1984940899
2032963387
2030285340
1984940899
2131242693
1984940899
1957111992
1984940899
1992754766
1984940899
2140412125
1660803867
2140412125
1850786424
1982969071
1977518471
2130533260
2086246345
2019429305
2062501313
2062501313
1893291739
2111645732
2111645732
2111645732
2111645732
2115791371
2142841855
1893291739
2125510602
1882947895
1828915003
2079634489
1954837833
2005680591
2019866202
299779167
1898293599
1939190479
2019131546
1650978261
1659466192
2083983898
1951282602
2100303031
1798567682
1317031881
1147275252
1980927199
2138426646
1582205096
1965591778
1846096189
1927578361
1821393148
1880542870
2103466770
2023971670
1966627638
2077728194
1945941502
1687704419
2131276219
2120423075
2131276219
2002694380
2065820387
1651563287
2131276219
1867338796
1822132993
2050631502
2131276219
1980137129
2015554095
2140913605
1987894922
1761033046
2071706580
2126374693
2080610317
2080610317
2146228562
2146228562
2080610317
2058660477
2080610317
1914723298
1629273590
2002118264
2130124218
1914723298
2023433324
1347725565
2111583117
2012541402
2093686202
1388870164
2093070597
2058968847
1939701064
2083939671
1968213620
2087959006
1968213620
2100219797
1968213620
2146933747
2090192620
2031207696
2134035027
2046579120
1926166574
2068590872
1713590098
2125305830
1992266260
1975205804
2015934118
1975619629
2111145767
2093919832
1799824357
1869041167
2131552090
1778479302
2131552090
1661638151
2017264990
1926273714
1926273714
2062518041
1650103773
2138805482
1474229570
1917188880
2120252212
2122799006
2141397936
1819201483
2080025267
1992490186
1538778825
2111145767
1998309080
2141982380
2115363969
2049303028
2057352733
1768912126
2025037537
2115363969
2115363969
2095326381
2039700806
2057352733
2057352733
2006706726
2132050457
2067811811
2094828958
2031631314
1955086454
1675450572
2084443694
2128830241
2108368052
2084443694
2084443694
2141854139
2141854139
1880884837
2075717520
1989429843
1921613071
803157481
1941647955
2110983568
1666477637
1935637722
1685671428
2125666047
2042457382
2094365833
2042457382
2070788368
2094365833
2083180398
1947159810
2070077652
2137456191
2127622188
1464656046
2137456191
1852361986
2137456191
2029136468
1610673505
2062752878
2115789039
1784246401
1955915537
2146681987
2044196352
1950916442
2065424671
2139921231
2045417220
1626946803
1831939354
1989343426
2130749986
2127705808
2127705808
2129948776
2141117139
2109494442
2001521399
2141117139
2141117139
2145029307
2050436903
2128220097
2050436903
1863406999
2051885959
2011336704
1945140398
1743220533
2090106335
1475402628
2146792326
1789615627
2130707625
2070592186
457166271
2087004344
1632907850
2070592186
2095542723
2107496296
1948327875
2087434478
2070114862
2087434478
2110829900
2107496296
2133296108
2126849503
2138946536
2132852536
2146606545
2108425509
1639016519
2092912327
2092912327
1906307542
2146149587
1698026731
1901118501
2092156250
1930085069
2134931371
2145215886
2145215886
2107790081
2120671630
2086180898
2101352734
1832255115
2040277978
1691180899
2079740904
2006249322
2138027317
1928256457
1872128635
2138027317
2006249322
2010046087
2021319229
2006249322
1937653951
1937132299
1867529825
1937653951
2049919579
1939568067
2042770178
2015949424
1572152222
1812530209
2063093857
2082024611
1944685539
1624484006
1996271788
1855483850
1872877188
1970770784
1774385463
1855483850
1928882963
1928882963
2076724669
2092737174
1941119386
1842743944
2108432963
2126849503
2108432963
2144921741
2080821390
2080821390
2108432963
2048032472
2116219139
2116219139
2117549570
1370105574
2021234453
2027784660
1273372993
1859921200
1898877524
1926362199
2058109461
1914238128
2125235806
2128384249
2103309753
2056099618
1987926276
2072690973
2128773994
2017982270
2033546754
2028975308
1986867582
1728725359
1986867582
2128773994
1673950478
2076926504
2034686829
2139044213
1994292737
2034686829
2085873636
938473816
2095112071
2074392109
2127768282
2099926400
2127350749
2084130989
2099937264
2110584962
2141094694
1973090534
2110584962
2118564620
1996814071
2132247522
1304510769
2099937264
2099937264
1975441580
2110584962
1957673688
1985263709
1958176349
2050323692
2082773560
2110584962
2114843704
1761535054
2082773560
1968800921
1855278429
1786966522
2082773560
2082773560
1966614634
1946867977
2041161779
1628654089
2119349271
2119349271
2034006340
2044238483
1874243755
1796864445
2114262651
1929678892
2103496864
1929678892
2140597989
2132105262
2132990938
2132105262
2027326525
2014909516
2097354690
2001375014
1477793807
2047719918
2047719918
2047719918
2023530340
2095697678
1631789843
2128715929
2089382874
2089382874
2085171947
2113553602
2113553602
1986542187
2113553602
1617233419
1941486581
1924702405
2124494622
2113553602
2143047448
2124494622
2084690430
2085171947
2136718121
2084690430
2085171947
1695998501
2124494622
2113553602
1977038539
2030734439
2137847632
2035943526
2061088232
1675918008
2052274466
1745786473
2045021797
2123776399
2123776399
2031916398
1705163202
1950790620
1991318725
2057478935
2012173073
2009398882
2087362354
2076928968
1984357055
2010758495
2010758495
2142431023
2012173073
1550901748
2023579190
2091790567
1863754781
2143187356
1531888857
1863754781
2075546297
2087362354
1557946661
1769399715
1663396976
2012340671
1542719248
2093460705
1870232179
2098715573
2132130888
2122340605
2144119298
2132130888
2132130888
2100374997
1769792883
2132130888
2132130888
2090799292
2061370132
1703907353
2084974308
2133884251
2033658086
2133884251
2133884251
2086303208
2131175910
2052791836
2052791836
2107960692
2139786787
1855243302
1969780444
2088190319
2110400607
2125854685
1961255253
1947064382
2143834512
1978267050
2068900042
2044498007
2044498007
1389703798
1702997242
2143834512
1931384578
2108880939
2049752342
2115659294
2141341052
2143834512
2115659294
1758888082
944813073
1882898715
2106245532
2006314594
2006314594
2145516636
2006314594
1530991174
2059544694
2086266284
1906010457
2006314594
2106245532
2086266284
2059544694
2135140258
605980803
2047030626
1920446347
2061918862
2038570025
2131502047
2022438752
2022438752
2130677180
2130677180
2131502047
1856102964
2125898857
2122699871
1741324495
2057518707
1800374543
2112560829
2088629219
2001113928
1060208824
2001113928
2056805819
2114211088
2114211088
2114211088
1519489415
2133063101
1764276344
1837634416
1622174481
2071548408
1883093906
2071548408
2071548408
2047490551
2075144391
2065405819
2054653569
2065551042
1879754238
2113296260
2113296260
1751540769
2052048260
2103475033
2111102157
1996778785
1895571820
2113296260
2036094558
2007156451
2007156451
2113296260
2109692857
2113296260
2109692857
1897724645
1779362722
2095446178
2146086578
1950953065
2102155814
2030819383
2049160193
1389869268
2137333090
1939433073
2102155814
2141677823
1990943160
2127248677
1948063485
2146086578
2061577511
241719175
2139640441
1948063485
1406262851
1894453203
1752043200
1652957159
2053958019
2072783709
1967379685
2053958019
1487584179
1653170076
2113945514
2131001319
1563868413
1868511633
2130673916
2049449304
2130125620
2130673916
2138222398
2138222398
2138222398
1649677790
2068595219
1799022838
1949216722
1747600723
1929617612
1898044049
1983227314
1883271445
2026712423
2099431507
2121946453
2121946453
2121946453
2121946453
2124753438
2144277831
2068618343
2121946453
2006762064
2036537819
1399237336
1586629665
2137308483
2146551680
689241304
2016703297
1938065523
1784630538
2142177304
2064357360
2143111677
1751933670
2113604405
2146916851
2146916851
2146916851
2146916851
2146916851
1666579697
1863836915
2146916851
2135097133
1938899161
2146916851
2069203091
2069203091
2072060207
1887460739
2059836581
2069203091
2102103628
1459899112
1938899161
1998418217
2126266859
1995360337
1446614822
2019389700
2044086417
1498449108
1996639009
1877687913
1998976608
459281386
2094185887
1877687913
1827868398
2135986279
2135986279
2113869626
2131392857
2051983259
2131392857
2131392857
2131392857
1398899317
2124080790
2124080790
2124080790
2124080790
2130160918
1959096013
2124080790
2037675698
2121193593
1885590018
2043078741
1735883791
2080292237
2117851851
1188063635
2125765336
1099206952
1789777279
2015934112
2013684469
2015934112
2121383571
2122068530
1506828574
2015934112
2036297392
2128068758
1059164416
2093860562
2115438220
2145325702
2145325702
2145325702
2086913233
1928335623
2031448723
2077557768
2077557768
1879733467
1953820758
2118809338
977846797
2020687303
2020687303
2020687303
2121447967
1803667835
2020687303
2119113213
2140954444
2024455777
2122068024
1923878016
2127763414
2112813056
2112813056
2127763414
2024814657
1969081504
2089418291
2087722276
2097723034
1961460657
1854582307
2144427671
2144427671
2133438684
2133438684
2058230715
2125872667
2084547344
2144128944
2134483714
2072157953
2089988140
2048439656
1794412419
1940277869
1990772830
2130889755
2123795632
1985514089
2043357296
1986317585
1590957156
1840495650
2143345962
2091453429
1992787786
2109931583
2147453086
2138777050
2071037099
2145493620
2118773426
2081691866
1944911081
2117395545
1980313702
2081779585
1978574084
1992430921
2117395545
1863960518
1871813107
1928751667
1855072785
1658296737
2000254979
2127513662
1664595176
2134027860
2113403488
2071433698
2071433698
1782370089
2130428481
2130428481
2008922855
1988082567
1988082567
2105073437
1988082567
2011820096
2134515274
2092689068
2023742700
2095308864
2023742700
2092686375
2086874411
2023742700
2113614566
2064898284
1820099972
2011470230
2090812019
1783362365
2086874411
1681816644
2087543375
2010573450
2139234383
1640283698
2133530306
1771525186
2117104639
1867212397
1977273115
2102727803
2061936284
2102727803
942525877
2110951331
1966314662
2016766432
1966314662
2107006027
2089169433
1716531533
1548527620
1999565162
2086667020
2125451773
1115994694
2129034053
2041634868
2140035438
1989195189
2101423986
1773017039
1952812866
2134469604
2138350498
2066324633
2137356776
2109181795
2134469604
2109181795
2092521741
1831995969
1848439308
1978971852
2133542350
2105073437
2103910626
2125577793
1933419018
2072883134
2079102289
2052520295
2065331848
2014668038
1862061126
1943628303
1281282743
2080844931
1923233816
2124011123
1983466009
2061936284
2133645792
2032448402
2133645792
2133645792
2130880328
2133645792
2133645792
2099219118
1969021606
1387433222
2127527257
1908134194
2127527257
1932633686
1542928694
2094645938
2145301058
2025253599
2139879991
2079308510
2051002316
2142742453
2055809628
2139776294
1707593517
1988316676
2131945546
2010394816
2130284865
1809550471
2083781711
1835807270
1662338746
2129491646
1838236469
1967339447
1973100949
1590042210
1967339447
1967339447
1967339447
2131608174
2033281133
1966666373
1860097580
2135677295
2134712776
1857291071
2122982561
1857291071
2102631820
2102631820
2139395392
2103582344
1670152900
2130128016
2147241867
1969675043
2134712776
2103582344
2136880204
1996797272
1996797272
2142547647
1771750849
1804993476
1786294000
1837790302
1880729999
1786294000
1786294000
2128145808
1949977338
2000754185
1945176031
2085781986
2129967111
2079844176
1916243248
1946673384
2001919937
2062131406
2123172343
1890297049
2092682597
2011753357
1946673384
1703148134
1858029360
2079844176
2129255085
2129255085
2028711486
2100497970
2098659078
2100497970
2081619901
2127910308
2059591675
1469033997
2059591675
2059591675
2108578022
1724052135
2059591675
2141375103
1863111172
2031226211
2119711464
2119711464
1947504487
1873633599
1968174534
1986538619
2119711464
2103262312
2085997712
2111546948
2101701078
2119711464
2109803068
2096308522
1858083490
1836177775
1961529650
2145614098
2074774557
2141885634
2045851807
1847995186
2035119179
1998219654
1997711881
1944066736
2068255869
2068255869
2068255869
2124238899
2145947928
2145947928
2087876253
2009527695
1678641576
1987755044
1954667346
1954667346
1954667346
2029220864
2013661942
2137161531
2042789315
1826972892
1895209388
2143100239
-76961289
2117207472
2117207472
2093713025
2110429000
2110429000
2093072854
2110429000
1966604930
1882344381
2102971722
2107590411
2137316492
1837428022
2115463872
2137316492
1810907963
2115463872
1623867775
2064512521
1908542579
2064512521
2100774876
2141696059
2060798694
2069055649
1791895748
2090958112
1993213588
2063597148
1284945121
2137422010
1975415633
2101169555
2085088705
2085088705
2127741935
2085088705
2085088705
2085088705
1678502386
1678502386
2095410254
2118803936
2008542552
2109874894
2008542552
2146781395
2140687722
1821237892
2118803936
2120820183
2138578616
2138578616
2089310421
2049511527
2048993677
2127980079
2013408186
2118803936
1737103698
2094678113
2118803936
2060782382
1908201019
2119177147
2110256892
2087776450
2119177147
2066035003
2090994425
2066035003
2013680193
2100913547
2141281714
1868243150
2074680839
2137830543
2103343669
1477558310
1244812909
2141281714
2076172284
2107602689
2107602689
2137830543
2072460636
2072460636
1917592980
2115465534
1444708087
2027061938
2142305318
2142305318
2116959226
2125561882
2123836309
2123836309
2029582478
2123836309
2118065432
2123836309
2123836309
2029582478
2117709927
1847064216
2128070399
1956509741
2139517450
2115983619
2094029873
2144361086
2115983619
2134644879
2027394541
2134296756
2055760394
1618641486
2027394541
2117229640
2086326791
2099444391
2134493502
2099444391
2134493502
2051815367
1950606683
2063692346
2144454200
2107932209
2137881455
2137881455
2137881455
2137881455
1244819350
2086326791
2083416410
2137881455
2146302979
2087162670
2087162670
2137881455
2137881455
2141345990
2137881455
2137881455
2114292131
2137881455
2137881455
2137881455
2114292131
2084326251
1743098549
1393880275
2145992688
1691250723
1509402710
2050449419
2071719954
1582806828
2102226134
2102226134
2120220634
2102226134
2102226134
2145992688
2120220634
2137603936
2096637899
1244458570
2077242619
2131103738
2145992688
2092722136
2092722136
2092722136
2092722136
2092722136
2145992688
2128427278
1838485733
2010196328
2010196328
2077242619
2112418701
2145992688
2075027190
2120220634
2145724187
2145724187
2145992688
897847883
2145992688
2117682962
2133998313
2107139775
1769732526
2086976494
1769732526
2087738389
2125892717
1712093165
1894681196
1857260864
1962880180
1786828083
-1510412154
2144704979
2144704979
1929264461
2011608938
2036389148
2021171238
2139449629
2141712942
1332245107
2106629741
2146747451
2090481176
2089110290
2011608938
1631073833
1773633229
2107453386
1963221889
2102566052
2107453386
2117675768
2075803262
2111195300
1894149690
2105979822
2105979822
1914295404
1966767252
1327083296
1994142039
2145826462
2067072900
2145826462
1511642415
1971191779
2018138254
1882468261
2145826462
2058609058
2145826462
2145826462
2068735025
2068735025
2078643967
2039280600
2130582902
2074643755
1930654839
1796568573
1769324617
2065039788
2065039788
2049496871
2097831190
2079898194
2107973614
2083778557
2094124353
2141665133
1651917404
2130809526
2141665133
2083778557
1737210374
2120694289
2005067640
2141042646
1514040311
2121938418
1985173569
1934376666
2113617475
2110405039
2124926924
2146256441
1674172988
1802462143
2059833814
1726585966
2052538699
2067725602
2077621662
1889595468
2077621662
2101891353
1994340742
2017443377
2096159503
2008870561
2096159503
1981871087
1792332297
1489593852
2139329418
2056842576
2139329418
2082025450
1209356637
2046734975
2131293649
1216306700
2145035023
1857872118
2145035023
1857872118
2145684312
2145684312
2094172569
2142955551
2100982623
2145684312
2043944402
2145035023
2122341989
2144223302
2144223302
2092578253
2117538615
2080892329
1922054479
1922054479
2144347605
1808750981
1922054479
2063260666
2143043386
1832785087
2106555149
2144347605
2113323218
2116379386
2095190612
2095190612
2004930075
2008383429
1780607250
1877742040
2095190612
1420428999
2095190612
2086334464
1377827267
1952459307
2024875719
2061658352
2062114957
1932295787
2056326624
1932295787
2061631998
2144347605
2110895774
2144347605
2144913197
2144913197
2063691799
1727488749
1844746238
2139217838
2081572745
2081974690
2136756971
1794950160
2136756971
2129302314
2136756971
1831450774
1600604364
2005213389
1906684764
1949938965
1906684764
1846155482
2144347605
2138126855
1834698618
2031448315
2138126855
2143165897
2088248621
2136860567
2145345228
2080977216
2135296830
2060710360
2048193681
2141227388
2141194204
1972204419
1725882063
2058825057
2125591500
2115781088
2088933341
1972853544
1536757828
1944321272
1978813683
2063828786
2095070517
2063828786
1978813683
2139896251
2131919891
2131919891
2063709079
1918132086
1772405906
2080274504
2142007515
2034120308
1939061086
2031547557
2123150542
2119651846
2119651846
1996515996
1225015253
2146479455
2146479455
2136091333
2136091333
1263560392
2146479455
1930061005
2146479455
1930061005
2047257484
2106187465
2047257484
1930061005
2106187465
2106187465
2125266492
2106187465
2006587943
2081566152
2038755543
2043947749
2043947749
2043947749
2083932714
2059804437
2123207677
2021898717
2098103848
2123207677
1849714811
2052911774
2123150542
2121168634
2137428229
1527709339
1519921217
2052911774
1519850921
2113183204
2029287592
2086392836
2086392836
2029287592
2088954853
1949327999
1483398990
2146198798
1826216532
903411984
2017337848
2012374467
2028746625
2012374467
2103146305
2041261451
2012374467
2028746625
2077356374
1916644855
1845626865
2134695779
1960692069
2039733792
1635890624
2077356374
2041261451
1975799297
1197733851
977268987
1965580577
2077356374
2109072124
1531699384
1927295967
1960692069
2074989252
2041261451
2139766223
1993797653
2127433221
2088783573
2092452670
2092452670
2109366680
1679923180
1881608820
2109366680
1995772325
1445066290
2008326868
1714290193
2013347435
2014078139
1865299220
2000157213
2139478533
1804728207
1844361088
2082543443
1437346390
2139478533
2128289311
2128289311
2095382965
2128289311
1625141314
1949568617
2016841059
1993605915
2120633910
2120633910
1763816376
2037779272
2000318054
2057859969
2121667209
2136131202
1974937849
2125940677
1940581236
2125940677
2139626672
1930145843
2132263045
2125940677
2125940677
1819128325
2118011125
1969336290
1929234475
2091283055
1992144246
1735421190
2116530463
2128395483
2101476036
2014569111
2058145402
1979130909
2101476036
2101476036
2068334513
2099744182
1975816022
2072701987
2072701987
2128428083
1974900701
1985522082
2020352965
2099699101
1984673480
1994412572
2099699101
1984673480
2127235449
2040590225
2030028387
1980503352
2115515938
1889226885
1869107839
2115515938
2067893936
1855990242
2083018465
1972811669
1972811669
1940878121
2050313290
2109534743
2144893496
2144893496
1970299632
2002047697
1710518925
2095251985
1798183426
2095251985
1278949688
2061418181
1036626817
1846483590
1209193507
2127645714
1783021187
2127645714
2127645714
1846483590
1621037069
1842478516
2130053671
2130053671
2131160463
2130053671
2115515938
2128877312
2040959345
1862985772
2130053671
2130053671
2094994850
2130053671
1201313479
2133184429
2121629969
1905037211
1877141030
2106409361
2086672904
1846479696
2086672904
2032063038
2007473772
2111338208
2111338208
2123107031
2144342047
2096523229
2132899284
2133419661
2133286739
2096523229
2049706602
1889734990
2099972644
2099972644
2139048840
1953025304
1783459895
1844232710
2139048840
2072188297
2120878163
2097014624
2122019602
1941020104
2056621597
1686374294
2027654825
1829827739
957176108
2147080526
1722418931
2093599642
1980997639
2133036501
2035164838
1956353875
2143324093
2130967813
2008488092
2133215256
1950810428
2048927904
2141335283
2097466822
2088691372
1162066596
2048927904
2048927904
2048927904
1989919191
2048927904
2082713923
1879654208
2082713923
2095758615
1977514303
1996302354
2095758615
1977962945
2095758615
2142861597
2050327437
2143280190
2037409693
2095758615
2116171753
1951758763
2116287095
1676666124
1907458076
2143280190
2143280190
2116372527
2111521618
1782086105
2044299326
2111521618
1227215124
2127136386
2135268695
2135268695
2065028417
2128749235
2128749235
2128749235
2111706283
1914346438
1915666513
2128749235
1995462044
1045952674
2026840163
2131855527
2111014952
2128171160
2143280190
2090074035
1746498006
1991841875
2087015259
2034337693
2135294303
2115577354
1700562755
1401470987
2132961177
1960055748
2055452283
988571300
2145674902
2059303074
1971095049
1906865502
2059303074
2059303074
2042849788
1864134180
1788456223
2113229894
2127575807
2127575807
2057264016
2111865280
1723863303
2115609375
2108258004
2066494979
2109564320
1924488135
2001803381
1504717583
1971039730
2146710614
2138605405
2112259505
2059460186
2051824976
1852269123
1994598535
2057981531
2025625424
2013695789
2057981531
2048774896
2048774896
2048774896
2048774896
1864460078
1902637106
1838644951
1654233138
2122901654
2034489361
1684160039
2007281787
1626926614
1926376144
1786083428
2114777964
407576856
1146620364
2118113808
2063835735
700672429
1871953803
2075058851
2074475530
2121841418
2050899588
2145257257
2083519690
1949855034
2114889661
2081448582
2074946813
2081448582
2090056467
2047896970
2114889661
2047896970
2117599222
1972004761
2062419080
2062419080
1666743574
2114889661
1815531239
2062384999
1928665780
2145535984
2112526466
2108636589
2062150308
1949485282
1975143784
1825709289
2142996707
1889504012
2119628404
1993646820
1522198973
2027174692
1993646820
2007178830
1545250893
2078712109
2078712109
1829876972
1986033114
1843122635
1786621459
2081223754
1829911295
2082690831
2010395384
2058570581
2133690586
1535079809
2019457717
2136522649
1909303895
1909303895
2088480575
2108687750
2016774834
923710535
1942777124
2023707275
2134864018
2000780044
2124444334
2064821731
2094522652
1953330291
2099589549
2138882823
2139470175
1989734838
2023707275
2096128676
1976973705
1207987661
1972170020
2146348840
2094522652
2041728539
2064581573
2145733560
2145733560
2145733560
2094522652
2145733560
2085274411
2141319125
2085274411
2101608631
1029041835
1853822095
2085274411
2067263031
2066003750
2111840506
2105424485
1855650489
1985536620
2099242456
2137956136
2139235128
2114976206
1975124214
1953330291
2051659975
2014754558
2051659975
1718369855
1921279790
2089059138
1921279790
2126949280
2142456992
2071313185
2142456992
2092416190
1898929442
2092416190
2097732562
2097732562
2109705837
1943169766
2067733435
1951731904
1796487542
2068277750
2109912433
2089648626
2110039378
2114775009
2114775009
2026267521
2114775009
2038222272
1976551806
2091241177
2044398818
2091241177
2091241177
2079649782
1959931707
2094119376
1953294664
2094119376
1837223355
2052830887
2052830887
1838211567
2083980507
2044639225
2083980507
2123864126
2038222272
1878606486
1996881147
2129035278
1884028670
2145049489
1875528661
1964342468
2058134415
2116617664
2116617664
2116617664
2058134415
2138074373
1642921056
1892898068
2076657475
1967606257
1584914865
1855551113
2114028021
2146443169
2023240426
2138615965
2147240798
2138615965
1989247706
2138615965
2055191631
2030575044
2138615965
2138615965
2069423760
2101578888
2096692215
1975206275
1993275358
2111352331
2101578888
2096692215
1884849215
1820746725
2096692215
2095471692
1831459650
2002274033
1803447537
2036412615
1609341029
2062167778
1748752101
1974117646
2002778571
2138889394
2004909758
1732490550
1973210425
2117965615
1789406194
1859318551
1596470964
2136234608
2136234608
1809283541
2094170473
1941051380
2095102566
2067048550
2056586316
2056586316
1426343010
2067048550
2008667982
2033226957
2061084111
2058726614
2119159782
2052473436
2078230871
2119159782
2142413545
2114089969
1995946301
2128621666
1492535613
2008991635
2128621666
2141107143
1971794247
2004144276
1601205167
2141107143
2128621666
1965272974
2128621666
1965272974
1965272974
2062748011
1678084158
2004144276
1949403740
2026683181
2101834152
1942299172
2101834152
1933563587
2055072360
2008244779
1713751017
2139702257
2139702257
2131985916
2094901904
2094901904
2100318210
2122565610
2131985916
1709198829
1955719554
1858148547
2066276108
2138762683
2134938043
1787419694
2014725770
2139020791
1617074453
2139020791
2139020791
2009871948
2128301871
2019127674
2103346249
2104402241
2099097311
2121239348
2115953949
2141885689
2141885689
2141885689
2096165458
1885971577
2096165458
1779960647
2133048658
1984641818
2141294594
2096334953
1954479170
2002108322
1335984200
1682899495
2105881372
2101395475
2101395475
1848318823
2130940685
2130940685
1857367783
1981136447
1759724097
2104332578
2130940685
1953518959
2140441173
2087795280
2130072882
2087795280
2121406593
2092715237
2125219099
2055869907
2111594487
2126192402
2111025283
1801411754
1992894351
1927561846
2046876767
1983218650
2002941627
1755307318
2071586499
1927561846
2005156620
2074043956
2146925943
2094040172
2146925943
2068950188
2089742055
2103577941
2016239653
2079219386
2140909096
1558461404
2140909096
2034017379
2140909096
1549838872
1985248700
2139535402
2129261793
2038327717
2023722674
1883172902
2075199817
1820127171
2138307020
2061634541
2109820144
2138307020
2138307020
2138307020
2020285576
2127071877
2065534885
2036903787
1599868282
2125525977
2125525977
1945832570
1646424623
2139323937
1945832570
1817528786
1934124683
2052480657
1557166302
1984489334
1181201800
2095314729
2111642067
2095314729
1683189105
1895010289
1940354963
2142523397
1795941626
2124950617
2142523397
2014603587
1955643948
2130333263
1945832570
1989222093
2121948496
2061596893
2143272050
2132485475
2121857943
2049514852
2143272050
2025104287
2143272050
2013942552
2079054661
2013942552
2143272050
2147179766
2080603871
2143272050
2034871237
2070454471
2070454471
2142144670
1968758711
1737920245
2098676848
1816360214
2043764194
2098676848
2112065772
2065845607
2112065772
2104531480
1881295455
2130391309
1907103638
2128317864
2128317864
2128317864
2128317864
2025264951
2128317864
1952775925
2102635696
2128317864
1775959924
1976547303
2024548153
2076469759
1912874142
1936986614
1936986614
1775959924
1775959924
1345090153
2101566367
1659910108
1935634407
2115730625
2115730625
1659910108
2049701085
1939768343
1999802961
2037458313
2101231874
2132345671
1951882198
1974244255
1795492180
2098837478
2042044629
2130890287
2116241292
2130890287
2131662362
691792308
2116241292
2105522361
2090637784
1988883799
2088357927
2112582843
2112582843
2082878872
2112582843
2128334556
1868516579
2011635561
2134318626
2018969332
2134318626
2059340750
2146042548
1566348421
2146042548
2137476205
2095878149
2006915106
1631746949
1315861881
2015037792
2136937875
1864616232
2056391795
1664403095
1434098040
2119294695
2126122886
2118695262
2064339282
1880501143
2056391795
2056391795
2115659333
1663181022
2055382556
1837368728
1986973311
2127855258
1899042413
2053167914
1844367817
2085900983
2014868472
2022737387
1942991808
1942991808
1962300821
2040801493
1860162015
2078932610
2115659333
2037017639
2092309167
1912749881
2071452339
2141696969
2060693433
1542153654
2060693433
1840304950
1323587781
1988587960
2106279527
2128174318
2044296148
2014452322
2093244275
2059940541
1938727472
2093312825
1971994556
1974976908
2126837634
2120090077
2120090077
2114195053
2121008434
2113354265
1935395289
2135668862
2091762561
2096480243
1878275542
1802269720
1978874602
1957104787
1672997550
2070092513
1880277567
2128273073
2118613656
2000514972
2122084935
2122084935
2110682442
2146399720
1947454265
2137412348
2146399720
2107997151
2146399720
2144941850
2145263004
2052109331
2120808879
2144175660
2144175660
2020659854
2144175660
2107997151
2144175660
2144175660
2129792179
2116068181
2109641368
1299216109
1761118680
1456589161
2049469185
2088267588
2118613656
2128259953
2008981570
1581242471
2146284328
2141240939
2146284328
1907295640
1882738523
2146284328
1243102999
2119285629
1682191074
1658548762
1512390139
2059731345
2130427341
2045614141
2094717597
2124908092
2141605907
1808441762
2089528275
2040996487
2141605907
2094717597
2094717597
2141605907
2117277035
2107286074
2085980265
2107286074
2142122404
2105530463
2142122404
2142122404
2063532163
2124756918
2124756918
1973659987
2124756918
2087801524
1939718203
1552857500
2124756918
2044209470
2038988939
1532035186
2038988939
2140981001
2083886460
1795251794
605224791
1944285586
2088845214
2055340776
2139740045
2139740045
1679289662
2088845214
2055340776
1459199479
2132503728
2102209929
2099524257
2082060828
1566693775
2051943666
2133634461
2075629226
2140798135
2140798135
2047080652
2140798135
2140798135
2040740297
2092346930
2145107329
2111131951
2145107329
2070788195
1992668440
2111131951
2111131951
2010075811
2093795142
1303924527
2093795142
2093795142
2129744159
2012071336
1987897850
2130452358
2078722656
2040856442
1725513980
1725513980
2121343586
1553226311
1523616190
2138890882
1488170529
2059871543
1657412689
1991485997
1832373802
2057668323
2127052745
1895608929
2126821068
2070720278
2081860354
2146702126
2085910226
1998126146
1304525847
2146702126
2146702126
2144726583
2050366917
2146702126
1695250145
2050366917
1675105505
2038268277
2140841352
2012761048
1262593287
1886375219
2048214999
2010820279
2010820279
2132253988
2023355747
2102169618
2052642190
2123620485
273372673
2019323293
2039331534
2003383583
2003383583
2145516160
2081077480
2003383583
2141226075
1980838935
2003383583
1768264430
1947918304
2142123768
1472308028
2075767058
2033313597
2033313597
2075060703
2056792793
2056792793
2081626454
2081626454
-100564334
1887238690
1887238690
2144740313
1665616664
1873443609
2128111841
2128111841
2030745205
2138931728
1608907467
1885612604
2098091438
2110210620
1926283635
2118620265
2008666657
2098276999
2138075256
2043911814
2098264043
2043911814
2043911814
2044953469
2143462050
2093296421
696565950
1974464088
2093775528
2070496251
2083073770
1948545997
2000109652
1831549334
2126558211
2133571890
1842081776
2143232059
2119484649
2138761293
1927887490
2017721907
1997935406
1427185588
1759501108
2057380197
2000866403
2000602676
2137070892
2008464292
2138408614
1887656502
2106656886
2115825379
2052622613
1832328654
2133867818
1822023717
1822023717
2027868567
1955601029
2128507669
1851877070
2092774483
2060779343
2137610589
2060779343
1946547021
2138543018
2138543018
2128832270
1943433898
1864253538
2137488396
1798207236
1998665054
1844273564
2032776754
2116296130
1998665054
2133556466
2133556466
2044796363
2135823060
2129046466
2066281429
2086120749
1555865069
1857744320
2144866427
2104796748
1856280357
1483514123
1457597957
1945287267
1945287267
2130816631
1945287267
1945287267
1778144532
1594003349
1984237614
2090812499
2136312982
1463073475
2059405237
1573741369
1964143228
2103472705
2063071113
1543025134
2129512504
2129512504
2062067289
2062067289
2000478459
2027584046
2144446142
2026174404
2056373437
2119266329
1898005647
2039511427
1953516343
2061027932
1922347315
2125311135
1963314946
1540067502
1978138219
1914162782
1732245650
1716459303
1989902188
2032553431
2017127271
1563615299
2125886016
1930807610
991877083
1970507483
1646506966
2059012480
2057654419
2059012480
1833753298
1940210620
2078262940
2131051414
2057654419
1591396330
2046491019
2064563146
2103734804
2103734804
2140129667
2112667496
2140129667
2146450925
2100217446
2078952889
1229584682
1695237980
2140793314
2101158743
1524014827
1959063986
2138180949
1755473648
1597133395
2059478524
2058235685
2058235685
1705515953
2120384956
1826384627
852276611
2058936626
1850587903
2122418368
2123568091
1077533152
2066264225
2123568091
2112293717
2122061036
2122061036
2112293717
2132095787
2132095787
2132095787
2132095787
2101562014
1728473595
1872793098
2119837806
2036827262
1741977919
1872793098
2065741374
1881095180
2065741374
1932397757
1165428374
2018969155
1616884842
2125591063
1509675983
2014520658
1649067056
2014520658
2029183900
2014520658
2076897267
2109194890
2142951875
2073745831
2109194890
1766515545
2119790416
2147209025
2086195530
2146268190
2130359757
2010211477
2040040589
2146701901
1905106139
2022270572
1923814305
1923814305
1960359104
1888506589
2106083662
1922366297
2100106087
2049691589
2146009509
1871779060
1753533858
2040365214
2042721119
2025317246
2116848783
1652248261
1988599118
2140895690
394890140
2120973949
1940135098
1905906988
2145571608
2132934940
2132934940
2057084699
2141229256
1897861751
2024259994
2100213749
2071578693
1932210725
2105814301
1973258965
2145571608
2143139094
2133662781
2133662781
2133662781
1734557815
1482787294
1107329672
1774523752
1770875954
2100604756
1746363620
1746363620
1446149022
859912324
1966163591
2116148913
2095927507
2042225480
2053753236
2076116268
1987817188
2032206250
2053753236
2053753236
2053753236
2091243934
1908251421
2076892105
1855440571
1501081566
2016456439
1538901548
2043076052
2089989614
2080678751
1726429818
2127990685
2098353771
2109801582
2080678751
2080678751
2080678751
2091061063
2088519862
1893294039
2088519862
2120579570
2088519862
2088519862
2146660565
2088519862
2040640796
2040640796
2047547457
2040640796
2088519862
2088519862
2063731401
2088477477
1342682170
2111655346
2111655346
2111655346
2080885418
2136750906
2101792223
1915639110
2120628192
1892967832
1937582586
1492034826
2075363300
1919218129
1969474968
1967647910
1984124121
2106999634
1618036336
2106999634
1452159534
1965324753
2126823890
1923430304
2048269046
2070881031
2035147457
2126823890
2070881031
2117938430
2117481308
1917105113
1675063400
1854594004
1636785228
1852651998
2005653139
2060255412
1932897957
1920862717
1943260368
2092207012
2080821843
2127718977
2078026820
2084095901
2078026820
2109733224
2068314123
1525563521
2126855128
1719515846
2123203419
2121736377
1761741414
2121736377
2121736377
1864477418
2059286941
1349228202
2016793524
2121736377
1849492738
2007775848
1735696971
2035716795
2035716795
2134751435
2013552575
2027874345
2074052358
2027874345
2108304665
2027874345
2027874345
2122067784
1621150561
1849198886
2081619182
2073359197
1993118293
1906614041
2073359197
2145469038
2145469038
1878607268
1719686954
1130586675
2014951619
2106881326
1976956489
2105163105
2063397642
2115463272
2063397642
2063397642
1830776736
2080386467
2028647090
2041617992
2003074502
2048269342
2048269342
2082712572
2082712572
2085611610
1865872296
1823658210
2118876235
2022231384
1833799939
2118912425
2112268092
2113152523
2112268092
2144706167
2112268092
2145064485
2115568539
2120676043
2016230824
2104705056
2104705056
2104705056
1802961558
1443936954
2055324651
2076934346
2040771248
1960565428
2110383162
2074831300
1621694632
2134336980
2078786576
2078786576
2078786576
1679330954
2078786576
1945344821
1927098082
2099550206
2024508100
2099550206
1873790589
1812894018
2144555276
1536474330
1941097639
2099550206
2065103670
2103463667
2144797688
2124882909
2012883293
2144797688
1763216109
2144797688
2144797688
1855932977
2144638630
1510316638
2062853235
2144638630
1686447285
2143207794
1661430750
2127073381
1733583623
2071219687
2080996065
1995883779
1995883779
1873430749
1416487645
2008742490
2146619881
2146619881
2096405342
1700717568
1712476092
2101631600
2063938532
2047628724
2058555106
2077345984
2142733648
1940309830
1822063905
2117670785
2143158960
2007894706
2141774219
2141774219
2104469927
1971099405
2104745558
2019281687
2104745558
2104745558
2115412682
1670686340
2009120735
2129159227
1883826088
2020945911
2104469927
1205239761
2067140064
2088918501
2088918501
2136596883
1772932870
2042181022
2130781361
1914093315
2093092703
2084431522
1888461548
2070209494
2042181022
1768530663
2133392703
2057943493
1500752862
1991320999
2109065129
2123467975
2121885917
2140180184
2102499613
2054923999
2017491029
1667147604
1529927604
1970136383
2105065408
1990634450
2090320927
2085863622
2089201015
2124356690
1923397708
2085863622
2085863622
1999413919
2068120553
2137077932
2099673887
2129434738
2087950343
2137379864
2087950343
2137379864
2087950343
1977079203
2093755783
2111823658
2053248989
2043582458
1932504659
1954310046
1945201588
2113150932
1969135786
2051623138
1988003982
2117128087
2124278944
2105832463
2027374899
1967253854
2027748013
1894568492
2095778304
2140527473
2073658109
1677531210
2125344015
2079803117
2031967114
2125344015
2079803117
399830785
2091309680
2079803117
1440305866
2059476319
2059476319
2139955994
1945942372
2009000229
2111361868
2049241603
2136790270
1759297812
1719674870
2122480400
2035051018
1759297812
2009732422
2135994170
2134148029
2004428331
2086203468
2075335551
1917423605
1917423605
1917423605
1893542630
2052409870
2052409870
2091359705
1914835073
1835409919
1924859414
1998118940
2067027883
2074897027
2143965263
1859331092
1233778388
2140169156
1824189693
2128299577
1954213432
2023133311
2136427324
2136427324
2137190039
2137190039
952178123
2108895480
1869078817
1402452408
2085455956
1888376176
2119195276
2134413791
2083714035
1969090400
1969090400
1740158266
2083714035
2146329170
1817131571
2091314813
1889148666
2025012410
1665224507
2111259375
2111259375
2111259375
1925979487
2132839810
2131244388
1715215438
2131244388
2070970555
2031301486
2031301486
2143546707
2122082263
2143546707
2121881179
1844949660
806415826
2105376828
2102128736
2069405564
1982387659
1149966856
2137591689
1803523588
2137591689
2137591689
2122581179
1497182186
2135644043
2122466352
2122466352
2143546707
1539103788
2103772707
1915556946
2103772707
844146339
1976000404
2121749073
1109453182
1854869366
1884466001
2110630827
1917968684
1884466001
1998632975
374301044
1638850780
2101309715
2105325962
1200584002
2137530438
1307585782
2134015472
2128619462
1481278019
2130511910
2061257990
2134015472
2130511910
2091671700
2121328265
1627022261
2082829010
2116522207
2116522207
2116522207
2116522207
2108554878
1998680202
1998973928
2009491029
2049933376
2023694731
2124483251
1309864785
1905515281
2023104602
1966144777
2086092654
1704429018
1952496020
2025977601
2091597183
2116291802
2023104602
2021899318
1883414746
83349247
1953101288
2124013722
1883414746
1802467314
1970435285
2027821511
2124013722
2066464007
2066464007
1707521099
2133879618
2092810526
1673455774
1818809163
1918884462
2120810091
2020743099
1562884877
2020743099
2112477487
2113287628
2040787998
2060624688
2094581760
2146613774
2127039546
2129964809
2088575576
1988783172
2039996510
2063228090
1954729386
1633995818
1949778453
2063228090
2068473264
2133715728
1973425964
2133715728
2063228090
1710700958
2126737829
2129964809
1627900604
1475329545
1891231902
1813553518
1740168082
1924216831
2107585177
2135025728
2037901035
2135025728
1716139893
1774146911
1732704808
1611454774
2144561188
1732704808
1635608585
1810028866
1732704808
1735237830
1909872312
2117066507
2105752494
1818687428
2086589602
1732071545
2079584854
1996215476
1938922589
2022863634
2086162021
2125615452
1335406368
1984953187
1642669787
1734560131
2082632713
2057442829
2125615452
1861899582
2020341486
2016621021
2040275087
2065963123
2120329055
1945764026
2062585775
2004285750
1401425426
2053966201
2075874006
2109417970
2061645013
2026011003
2129520086
1864162800
2090203085
2143155547
1987536135
2099697165
1716430891
1969905935
1862524912
2132245037
2109366997
2099697165
2068360891
2091681746
2091681746
2089899704
2064671234
2138621063
2104021301
1750361545
2085574025
2113633874
2137017339
2047967864
2137017339
2133557704
2118163862
2137017339
2050429076
2137017339
2115817370
2093761312
2093761312
2140606847
2100886882
2093761312
2022461412
2133002556
1894205987
1827064894
2132910673
1753482098
1832443911
2063837559
1923314704
2008578921
2092340742
2092442232
2092340742
2092340742
2100098122
2067504945
-180513303
2120563792
2046676704
1432753012
2110352733
2147349939
2147349939
2147041511
1580527394
2078406430
2136066331
1681281878
2049955898
2121842978
2049955898
2145947276
1923600358
2022051535
2145993304
1613969812
2087087772
2045486190
2073228153
2136066331
2058974533
2046906406
2121527730
2068290367
2068275241
2060708151
2132705777
2046906406
2046906406
2068290367
2068290367
2114307598
2068290367
2014207804
2014207804
2039466190
1950455651
1993569384
1950455651
1993569384
2140626245
1649676537
2106944476
2063049183
2063049183
2106944476
2063049183
2063049183
2122313907
2063049183
1518977552
1974904299
1493589065
1975991356
2121969283
1998320839
2037324161
2070782411
1845130837
2101487000
2097305743
2061871112
2073152889
1964278621
2144532634
1947040160
2092897927
2063793385
1983194108
2131854769
2063737561
2131854769
2017600326
2141121406
2141121406
1556034014
2009554520
2113252335
2046465441
2035916057
2136626345
2136626345
1447761295
2136626345
1995602399
1855281677
1951513168
2123809586
2123809586
2082216255
2123809586
2123809586
2123809586
2123809586
2123809586
2123809586
2117294893
2143142134
1910529705
2046998915
2046998915
2130024693
1500995445
2130024693
2130024693
1967102047
2133499697
2092428501
1620942482
2083977076
2131531849
1984809257
1572411057
1904179765
2126943751
2083977076
2103956905
2103956905
2087953220
1995730550
1995730550
1995730550
1995730550
2137236480
2132014849
1943604756
2132014849
2132014849
2035381950
1822265548
2143001645
1939158419
2023542528
2135497663
2135497663
2120070321
1920823223
2077323608
2048636602
2077323608
1688936498
2089354045
2089354045
2077323608
2077323608
2077323608
2100682401
2100682401
1468748182
2041647161
2012437888
1846811790
1786465284
1906180286
1736956321
1833457000
2110340286
1866931797
1806218117
2108308946
1837929023
2081744920
2029714030
1844518823
2039097422
2078789176
2029714030
2071887227
1964603512
2136600883
368846625
1997596653
2138744223
2049012239
1997596653
2138744223
2138744223
2018274362
1857531575
2138744223
2138744223
2136476251
2071863731
2140717454
2132520945
2038172919
2138225268
2038172919
2127278865
2099075268
2099075268
1742595667
2144599681
2129385625
2129385625
2134387251
2136403053
2090347270
1389881966
1789823537
2120184402
1960802717
1902561069
2020291898
2061769295
1166281304
2113003501
2064299694
2137798798
1815902006
1704740600
1899743566
2077100655
1997768043
2016896676
1960891563
2022949797
1775856235
2083748172
1827258046
1260553892
2135889028
2084084335
1770973778
2101679105
2079599413
2117787051
2117787051
1599130662
1668094783
2060688435
2117787051
2147204197
1887693050
2117787051
1326035728
2101782177
1892024087
2102275605
1686871504
2097442751
2120299961
2021114352
2138282134
2060063501
1833541511
2079599413
2109468924
2087650004
2130960754
1596867895
2130960754
1968859199
2135486413
2006413108
1895091254
2025890592
2099840758
2103016772
2103016772
2103016772
2103016772
2103016772
2103016772
2058317321
1713795952
2070165875
2135486413
2056473057
2012017889
2004034151
2101776883
2092972292
2070533461
2066885464
2114894516
2003017046
2093653269
2066885464
2091656719
1738037501
2058533013
1752019620
2114044808
2126633230
1826727710
2123513029
2015633173
2036028780
1752851389
1743196869
1869339581
2096026334
2096026334
2081462555
1896847324
2081462555
2081462555
1809576529
2126633230
2019903944
2105630452
1930997097
1928405820
2123616901
2052347881
2130283033
1861106051
2081748212
1715942846
2081748212
1309438737
1828361097
2044071854
2124100214
1890698980
2125140555
2144332905
2144332905
2135371803
2140037003
2146699342
2094687818
2084572133
2114046833
2094687818
2039943820
2034705815
2128935165
1813681160
1337117646
2074859398
2074859398
2074859398
2074859398
319607423
1995208695
2098873457
1980345063
1915037842
1966487315
2115919761
1798622970
2115919761
2046446316
2119057195
2107503664
1956078637
2068493130
2132399397
1999489270
2103114376
1931828756
2019114817
2018641755
2138746989
2012500250
2138101692
2109198342
2002199452
2005042186
2070939016
2075933269
1981788835
1987878057
1516462143
1862012883
2029780701
2029457271
1726407586
1830569956
2094998102
1893193266
2145506942
2124933349
2145506942
2002120669
2141868905
1485702227
1993512116
2138101692
1993512116
1984511426
2145387679
1930780103
1480536014
1406744134
2046993786
2046993786
1893264208
2046993786
2121863910
2046993786
2126039949
2098597906
2000954302
2135246187
2100928596
2038828369
2135490453
2069280348
1833085393
2140099002
2128020850
1517004959
1816491166
2079383343
1595083471
1942473497
2079383343
2134648396
2099880286
2107495425
1924997599
2079383343
2079383343
1446899011
2047278048
2142711294
1612988419
1967945459
2137485150
1853172352
2102972153
2026348881
1639637391
1589658383
2059630827
2059630827
2089230726
2097675469
1659239882
2057439259
2108930924
2108930924
2102619386
2145184759
1880937962
1979942740
2102619386
2103846486
2130772225
1952264390
2136257025
2143919800
2045110491
2097215993
2130772225
2136257025
2136257025
2012807889
2049318678
2010882390
2130772225
2130772225
1898267670
2101584867
2101584867
2077459252
2142160772
2142160772
2142160772
2067214360
1750747900
1835740056
2139296880
2081580593
1841600901
2129483705
2129483705
2129483705
1928116138
1804655075
2041392848
2109976394
2109976394
1825026446
1900255513
2124490962
1796814538
2124490962
1981857349
1442014989
2132362792
2085121040
2085121040
2085121040
2085121040
1850738067
1748442276
2079894814
1908640758
1942048630
2078683271
1701068255
1701068255
2047842894
2101595262
2080816668
1712459360
1804351764
1804702171
1804702171
2141405815
2145722515
2071650096
1718290528
1711544394
1655476770
2064114160
1917992212
1841713304
1849123751
2116097279
2123479400
2009246642
1717704238
1773430604
2087468321
2146960826
1965019868
2112784615
1838548563
1951587063
2075533807
1928597907
2145605873
2106146045
1812807966
2091251678
2106146045
2131905911
1793631567
1962490997
1887097456
1842409511
2110773205
2110773205
1986439602
2087469039
340851886
2090238682
2110773205
1762185540
2085538403
1678061624
1988149596
2097040558
2040361094
1726380151
2097205146
2097205146
2035923234
2040361094
2079533864
2095444040
2097205146
2079533864
2117757000
2079533864
2128148311
2018071471
2139963497
1779727063
1993371276
2079533864
2143839509
2089992512
2045938367
2108805344
2101327574
2101327574
2101327574
2025248902
2144925623
2142663100
2142663100
1699247911
2142663100
1837446489
1982850495
1727768707
1940135763
2034861939
2121532685
2092469345
1960272027
2109428210
2096612157
1652496061
2104527276
2104527276
1863465171
2104527276
2119436525
2098145977
2110976324
2098145977
1847110960
2098145977
2065732409
2065732409
2018883352
2061164552
1221325543
2084758701
2036896661
2041142418
2105677990
2117896929
2117896929
2095394403
1545104353
1901429944
1912353106
2108593980
1810858922
2095394403
2126438733
2095394403
2126438733
2127968814
2014788512
1871307062
2044989503
2102817561
2102817561
2086355398
2083242192
2086355398
2131106564
1940016090
2131106564
2112431011
2115584950
2131106564
1850478141
2131106564
2111550101
1217627268
1442499286
2070178636
2067485514
1650038001
2117669673
1944957701
1946013452
2090068166
2123306374
1927818422
2120141079
2101827355
2127991831
2127991831
2127991831
2027611081
1810815358
2139834056
1848038654
1974345279
2142827797
2081624952
1984152829
2118026605
2074107838
1906207298
2039078773
1963801888
2060714248
1891830245
2084497410
1746548748
1778914736
2056778136
2101042363
2045179954
1599191175
1882120570
1882120570
2073469352
2121402839
2121402839
1936360867
2112182472
1593694014
2099874095
2114974357
2050022392
2056637068
2050022392
1991012604
1965354218
1965354218
2000790059
773321868
2106963980
2104352808
2108614487
2098728476
1074406973
1869283322
2139181945
1798994169
2123448106
2014199909
2039087838
1905826715
1958908036
2109752014
2086863604
2144029795
2025303979
1726453871
2088828045
2107777632
2045914419
1972596448
2137977822
2107777632
2032402575
2017992406
2003459273
2116894852
1867066087
2140587794
1464992672
2130060807
2139121425
2142510786
2142510786
2142510786
1799057762
2130259107
2079547622
2011511248
647506299
2090970988
2046245479
2046245479
1907029529
1969689329
1999691022
2121952199
2074054638
1999691022
2072723410
2038733354
2128897241
2075447252
1911700232
1971294656
1998946235
1983614127
2091511186
2121690280
2094051381
2128384616
1217064691
1847091596
2135670500
1417598554
2121690280
1849331736
2136085979
2136085979
2097214605
2034808216
2142202923
2088789901
2101474512
2140726263
1730445476
1963563799
1976995058
2104352808
2047714782
2065195172
1945179892
2140968315
1369507504
2109870912
2121186563
2132670210
2109870912
1953215345
2117486497
2109870912
1909456606
2109870912
2090290865
2090290865
2090290865
1870577637
2092100274
2143658106
2143658106
2072167106
1317648662
2113639341
1442957073
1750721971
1220810557
2130425134
2053967650
2009943072
2053967650
1628140281
2055132430
2076520340
1901705146
2055132430
2109556158
2109556158
2123974713
2145894708
2082764503
2109556158
1990960337
1934572134
2090555119
2112836449
2109556158
1566879867
2136094398
2098679918
2119463982
1517480702
1988365480
2094610883
2022066935
2054306744
1892702546
2102090805
2029906510
1957807562
1549448190
2044703554
1863326023
2079872610
2139223163
2133799674
2099070560
2132965587
2094901832
2094901832
2049231689
1870310539
2035774250
1688653336
1980694145
2136884236
1719303663
1980694145
2031209954
2031209954
2093540134
1291396339
2031209954
2031209954
1793379010
2143709365
1542017924
2022792276
2089911270
2137424122
2096483863
2109734088
2087949099
1825917433
2049672096
2136246365
2109734088
2109734088
2110480908
2132523708
2096882805
2066777090
2066777090
2104134305
2056741280
1851274111
1617300701
2087744542
1804300403
2087744542
2087744542
2087744542
1925075857
1658489158
1804300403
2087744542
2087744542
1151566359
1723497419
2120626079
2038036135
2077922436
2038036135
1626907832
2043761724
1739454807
1626907832
2075752233
1987516749
2109902618
1653452421
1045980741
1447798725
1947130957
2037311688
1600079305
2095487059
2044706007
2097053823
1948029657
2109853474
2109853474
2143642085
1955211583
2123083087
1784111858
2137028153
2082693772
2120861305
2137819504
2128222143
2079638048
2121424968
2079638048
1854377525
2096366543
2079638048
2000965215
2045283780
2141189351
2141189351
2052093492
1955448656
2123095508
2123095508
2123095508
2145186120
914065620
2145668152
2123095508
2146946718
2123095508
1529170043
1608110433
1746462364
1214474739
1876254697
1500722395
2053365663
1821508113
2137460626
2030099808
2137054470
2077166402
2037377076
2140302801
2140302801
1323515003
2058089821
1974693063
2077982065
1913555472
2058643205
2085738665
2104823951
2072963533
2040489854
2137658917
2137658917
1912564405
2122970188
2065090738
2111089048
2145631372
2145631372
2123526154
2097839239
2140744839
2089111637
1993895532
1950134261
2055317422
2086753073
1950134261
1950134261
2133126115
2142946372
2142946372
2132398984
1668256606
2132398984
2132398984
1868441580
1876982571
2145751847
2039929454
2124341169
1949665321
2039929454
1633502829
2032792297
2041941921
1999378284
2088575473
2104667864
1810974265
2104667864
1779568240
2104667864
1919598180
2104667864
2104667864
1662435105
2126496246
1992100068
2108474610
1625345297
2014088884
1985663334
1985663334
2071263058
2108474610
2108474610
2029419485
2071263058
2147352179
2147352179
1491687318
2147352179
2055454679
2112771300
2082441753
2108474610
2088721407
2098411777
2082323860
2135343791
1964337224
2147152155
2147152155
2134022271
1972046204
2019434119
2020591625
1957894094
2119455763
1896465774
2119455763
1957514201
2134238649
1461344962
2116494496
1951029285
1602924924
2103533361
2143295962
2143295962
2020458210
1515437352
1914044718
2113942293
1920498590
2097841222
2066647637
1994931218
2128461282
2066647637
2128601652
2144581751
2144581751
1342509623
2140905311
2105079604
1486894415
2105171997
2011945135
2139526019
2105079604
2005723120
2105079604
2004071340
2004071340
2114353481
2130570078
2130570078
2092144716
2112283434
1579144565
2073999673
2073999673
2113194369
1573675350
2073999673
1765707136
2121120097
2143413836
2143413836
2086915349
2147348350
2143413836
2068348195
1854798045
2127980426
2104785783
2031319213
2132950937
2072991590
2072991590
1931880618
2125182860
2072991590
2026398737
2113268903
2134570295
1817453256
2092201407
2139057920
1913669535
2029177166
2117786646
2106515176
1810199596
2123564277
2089347718
2044407481
2125231774
2141111395
-18761094
2123310984
1996452679
2128098616
2059520219
2106137217
2090935120
2104909081
2104909081
1843383769
2104909081
1197301935
1978246920
2104909081
1973785099
1836401379
1821744456
1956985897
2146157282
1780112709
2134411890
2122771506
1980891023
2082041892
1904118684
2057145871
2065243521
2147414135
2065243521
2064389615
2132999294
2132999294
2132999294
2010093569
1020434224
1957707388
2132999294
2106440737
2078107175
1911532690
2036833480
1807058988
2017843833
1514599465
2126098304
1935457066
1602717309
2136085992
2133775822
2084551921
1901099724
1998538226
2120812546
2120812546
2120812546
2144002441
1971368420
2090500776
1944178792
1900552816
2041293652
2122634418
1678052457
1905928631
1963337638
2122634418
2013938887
899841654
2102735994
1978336059
2017002096
2139373362
2072542135
2090278598
2135651777
2035991690
2035991690
1666680072
1995345838
1995345838
1894388476
2020650852
2020754768
1799791814
1982578919
2071611095
2102787322
1992312562
2041525909
2040463465
2090880642
2071611095
1853050186
1989052442
2118802369
1722399969
2086648694
2049244105
2071611095
2037390977
2095488683
1913036366
2007506919
2013588753
1873315377
2059643194
2071611095
1960765994
2057588328
1993316402
2059943469
2057784461
1431238815
1898921993
1368122952
2063661796
2078381789
2028761670
2118119926
1989628066
2143459769
2078510782
2143459769
2138221330
1978231700
2138221330
2016942261
2138221330
1738469972
1976781842
2028820662
2122675152
2041489197
2028484248
2124480860
2033872595
2046176277
2046176277
2113719594
2082643296
2115427447
2113719594
1934810428
2118317839
2112585004
2081651092
1894882282
1953816032
1836740743
2066196285
2104152531
2096502749
1991647105
2096502749
2092295876
2132874965
2039329676
2133922980
1944250693
2135829878
1927236022
1934864572
1877468098
1602302690
2139773757
2135829878
2135829878
2098150535
1989072847
2050058527
1844041677
2050058527
2063595633
1217846996
2104502270
1543832979
1993702980
1693609033
1924233841
1995788732
1995788732
1998024061
1998024061
2112761745
1505729683
2142050912
2140963686
2108778438
2142050912
2075025085
2142050912
2119437550
2092402694
1992102137
2108301017
2132605876
2127670333
1419355702
2067936442
2146659561
2135947910
2067936442
2146659561
2146659561
2126078079
2141897628
2136480812
1953640221
2060537328
2131206380
2136480812
2144521224
2097604359
2049288318
2130120207
1731369248
2070706842
2140095395
2140095395
1985285019
1839985478
2070473397
2088902750
1723088111
2117390262
2141252227
2091780230
2091780230
1867692470
2115522614
1851572756
1839985478
2131965331
1980016739
1992653756
2065936599
2058589204
1980016739
1460896241
1460896241
1910593516
2131965331
2001613456
1918930997
2117260734
2080134551
1993277213
2111050712
2083435341
2010005973
2131965331
1041453401
2142354065
2011360146
2043263104
2008943120
1856847342
2113140745
2006751998
2003959713
1801785153
2086963645
2129420163
1512083980
2105236035
2105236035
1565189373
2076546959
2126665021
2003374864
1777619700
1976841586
2040349764
2090011713
2145966019
1987333857
1978047108
2137963687
2068317561
2068317561
1824515968
2021317441
2031001159
2133623625
2133623625
2117858450
1631860477
1996728948
2146083756
2039653205
2107317377
1886691357
2086579813
2100129783
2036393756
2032596087
2130173767
2090989109
2108114216
2090989109
2100129783
2083585084
1731420279
2100129783
2100129783
2116074462
1741781889
1745887150
1837029303
2002529071
1313296003
2122837884
2122837884
2054238238
2120169892
2061940200
2064066406
2065532724
2119839146
1742986190
1954396050
2026029556
2126803888
2100097371
2144880310
2125908570
2045621889
2021747790
2125908570
1482933454
2045621889
2080157553
2142044605
2142044605
2142044605
1887688871
2102906415
1823160526
1903763010
2015388101
2135508987
1910184147
1255494491
2036964398
2127067222
2116554010
1908169944
1253311672
1583522413
2126408959
2126408959
2126408959
1731476489
1910502689
1654784682
2083949100
1645873553
1824348613
2089130517
2067428268
2061403923
2016786570
2016786570
2109561979
1765617804
1916429437
2113393760
1927653105
2117738571
1848187676
2083430332
1974367211
1855845368
2088141242
2119528486
1973083133
2112300278
2090192892
1809164593
2142066522
545851437
2140004961
1229427377
2111240232
2115529736
1312195648
1985118341
2026088262
1975765972
2135064401
2075169253
1723808783
2073454971
2133074661
2077290999
2133074661
2072298813
1943878778
1779760828
2133074661
2133074661
2019427353
2111411298
2111411298
2118608626
2132659961
1821098531
2132659961
2055085826
1852163465
2082153754
1948187590
1948187590
2103056234
2103056234
2142239226
2037528975
2103913268
2138983251
2068357280
2142239226
2140567424
2112299297
2103913268
2103913268
2106329955
2011107693
2125597639
1848273876
2147428653
1792571739
2147428653
1243033264
2109097885
2131996781
2117445963
2131996781
2117445963
2019875171
2047294911
2047294911
1883941610
2117182637
2103111864
2089071636
2053332875
2057074068
2086317627
2087625158
2141032598
2042032731
2070630980
2103075913
1629159623
2141044930
2142006029
1881326747
1346590940
1993030159
2121331235
2043845344
2012242727
1593426092
1877249688
1777675254
2093345140
1715259311
1623908187
1931259761
2093345140
2023631949
2122546809
2002879395
2023631949
2130527298
2130527298
2130527298
2130527298
2116237881
2091427786
2130527298
1877349334
2130527298
2060880562
2083835353
2128093854
2093146413
2122727141
2012257065
2054818156
2054818156
2054818156
2054818156
2076185690
2076185690
2033385886
2042855661
2031489238
2005719949
2042855661
1968919594
1994413775
2042855661
2032836443
1968919594
597091654
1818969673
2069338163
1941804851
1803260528
1973011170
1649896323
1815002168
1962258055
2005719949
1965688332
2098766461
1839448229
1994589559
2117867460
2049351953
2138885183
1870089480
2046651534
1489941322
2046651534
2133247229
2105060744
2133247229
2137053602
1628505034
2083156038
1604630775
2137053602
2137053602
2137053602
1966088591
1650699860
2056771272
2081848730
2040087890
1803159204
1850859652
1652506534
977609511
2063742505
1891561749
2063742505
1414144446
1965992955
2113425654
2092810024
2092810024
2027022922
2133153996
2126944194
2133183745
1870150398
2138634911
2141304853
2131382970
2138315708
2066939952
2131382970
1911760718
2131382970
2109081495
2066939952
1859747488
2074781469
2074781469
2041430875
1978794963
2105678883
2137373308
2059290336
2109932220
2109932220
2021610346
2138436319
2138436319
1525576259
1497072160
1695288545
1722835091
2101193932
1369518489
1744443943
2078140890
2031858951
1940312556
2114622571
2114622571
2045363318
2114622571
2045363318
2114622571
1682961790
2114622571
2114622571
2051898156
2114622571
2045363318
2115186685
2045363318
1867766694
2039919415
1807100086
1876509925
1510724329
2069806544
1917232131
2069806544
2080481764
2069806544
1826852670
2059052299
2138920389
2069806544
1976542021
1611735257
2010158086
2103211037
2107047370
2107047370
2021536642
2095003624
2092215803
1529827818
2006286473
2092215803
1776949198
1871761772
2092215803
2092215803
1986096135
2132643985
2132643985
1902275083
1747400900
2094802605
2111638090
1877122078
1913439023
2011189891
2119063062
1854295315
2141869303
2118021089
2118021089
1814572636
2118021089
2095076300
1945952558
1688953689
2048543539
2140468561
2140468561
2140468561
2072968349
2104861366
2116584387
1894640115
1931362990
1760775803
2137229683
1710821560
2040257097
2066998674
2104895186
1498842612
1950961311
2121622446
1994046432
1617586586
1409723880
1949343884
2099873470
2026718645
2026718645
2041615124
2076339374
1673547177
2088834766
1967535342
2061048527
2106403356
1492327750
2071824142
2106403356
1492327750
1868717317
2006167359
2006167359
2007617065
2006167359
1873757779
2115877689
2098981182
2055489627
2055489627
2135311783
2055489627
1616489446
1968681013
2052706456
2012989993
1968681013
2111987476
2142232266
2010928275
2142232266
2142232266
2121154087
1985961719
1784169036
2017463578
1534655351
2091310758
1882157545
1784169036
1933748913
2147322948
2100432758
1945985004
1675908834
1403737459
1632295307
2002559160
1584806138
1930702264
1889331250
1871118820
2104847759
2104847759
2104847759
2035885289
2100001903
1923443701
2022535194
1923443701
2071129452
1647826643
2105446382
2040768716
2099622585
2091163822
2123715408
2106771502
1517548823
2043797019
2101299013
2114650442
2053148118
2140101381
1562627292
2082197191
2113012768
2053148118
1683995964
2120211678
1884528426
2129407063
2122061750
2122137927
2122061750
2119483140
2119483140
1978625281
2136212389
2128479099
2069726358
1964262715
2032294498
1958937741
2053291363
1828683011
1800036255
2022151490
2098515947
1908447990
2046455139
2133048324
2133048324
2117013137
2008410836
2119742065
2133048324
2145497255
1687397909
2118155145
1915878920
1848695302
2083022242
2023592489
1700935294
2112622018
2086408790
2083155316
2074731270
2113988158
2083155316
2144796283
2113988158
2113988158
2113988158
2113988158
2070410642
1977102524
2045346180
1763601507
1845619123
1540723658
2106371309
2054424955
2106371309
1631961406
2144493233
2142255474
2135299073
2007789229
1821405982
1952124117
2064146941
2097342339
1806559344
2109653677
2109653677
1761294167
2013984544
2101492901
2035238734
2132297845
2101492901
2101492901
1902742537
2009379277
2104399392
2104399392
2091086961
2067341760
1968618310
2107996095
1988335306
2015711210
2030478520
1949315316
1943281502
2100153659
1900811354
2093409372
2094733476
1904083948
2069533711
2131564746
2121965903
1664709747
1976232482
2077362262
2145045489
2070782574
2122842703
2122842703
2059671473
2099898054
1551768678
1680811795
2112177456
2040660175
2040660175
1966994805
1752074922
1726513790
1978993682
1752074922
2114112260
1726513790
1845184771
2143827353
2143827353
2115168465
1990930944
1754537801
1243596583
2146321414
2012760547
2012760547
2146321414
2035772850
2146321414
1957909535
1957909535
2009765960
1953776884
2084143035
1953776884
1991298768
2051255966
2051255966
2117558881
2123960867
2046597278
2123960867
2123960867
2105661839
2105661839
2046267855
2105661839
1927910635
1421911354
1985868998
1959067468
2047838156
2105843874
1653430874
2119309495
2027094630
2017823351
2027094630
2134663715
1947427834
2134663715
2123101736
2070421284
1594696300
1580872960
2123101736
1991185261
2141013656
2141170078
2141170078
2128144125
1924909025
1736801855
2079454110
2134930969
2134930969
1913250460
2008953866
1819761365
2102714037
2036226412
1888505161
2111765232
2008953866
2133461891
2008953866
1734045619
2011000642
2122079584
2122079584
2122079584
1302082921
2129393083
2016700380
2129393083
1697056430
2129393083
1980255973
2129393083
2074030301
2129393083
2053111571
1875425789
2053111571
2125323938
2092908493
1925982181
1897972231
1973255415
1725256810
1872231668
2047572125
2125340323
2125340323
2147259323
2015045276
1771553486
1656932935
2019784324
2079465314
2137532913
2137532913
1796024551
2000016296
2000016296
1932112148
2083596516
2123329676
2093970003
1925748119
2070901286
2070901286
1704749534
2034395534
2111879229
2111879229
2087783360
2038576113
2049108249
2125423994
2132786322
1903654549
2146149269
2146149269
2146149269
2126585508
2146149269
2146149269
2146149269
2104698882
2146149269
2146149269
2146149269
2146149269
1694544017
2134167362
2133076740
2145580995
1715752147
1872904637
2129779074
2091212493
2126431640
2145580995
1224685447
2145580995
1866471170
2117605636
2070478005
2116987229
2142885170
1947808725
2088874793
1911852907
2092170343
2056199774
1711300571
2141985902
974222749
1419313438
1763583506
1881159603
2056199774
2062011359
2056199774
2056199774
2075502192
1872635870
2141985902
1907638123
2056659745
2133344219
1691860045
1499741866
1932384459
1926264797
2118750495
2133744483
2053600236
1747737377
1455270329
1785519624
2141109767
1785519624
1859283739
1911014808
1743586734
2011550517
1869532852
1545426643
1400975215
1683035076
2037249965
2028797205
1935014303
1925182041
1900516384
2005751581
1991663840
1991663840
2011401867
1847202598
2142232086
2097361734
2062732315
2062340039
2062340039
1872926626
2107559240
2021942945
2062340039
2062340039
2142638460
2021942945
1930632717
1962737990
2123174770
1916875175
1838827358
2130306410
1843275083
2122946396
2099649634
2130493301
2130493301
2130493301
2009638081
1836941746
2113581697
2005247896
2110828946
2038961220
2042661867
1757432642
2127668203
2038961220
2038961220
2113596657
1989386495
2016264101
2091942540
2107763776
2109389750
2107763776
2107763776
2047621559
2120458723
1739374884
2139500817
2107763776
2091623138
2137846611
2135935488
2137846611
2108424689
1866552741
2065414724
2097713864
2097713864
2050385548
1841941229
1943084408
1893168434
2073680911
1891984798
2137468738
2137468738
1891984798
1893168434
2032864681
2084380598
2032864681
1984622720
2104255295
2089818238
2089818238
2063191979
2113934239
2084380598
1452371749
1972790546
1964769076
1692582161
2002336874
2018802652
2018802652
1556773409
1784645959
1968080089
1968080089
1991331397
1555812725
2014797262
2014797262
1996208728
1996208728
2062666626
1905739733
2127676022
2117902187
2092640508
2068906151
2092640508
1973851070
2036173542
1989090787
1671386719
2127689801
2127689801
2127689801
2143988527
1963096035
2045725208
1896117458
2147218938
2031500452
2135549368
2135549368
2135549368
2008310122
2135549368
2084306782
2102957031
2014398782
1797870640
2116933748
1962850463
2130822031
2142843011
1904925421
2076913668
2036093855
2016314103
2016314103
2134631956
2057830745
1900627255
2016314103
2124844177
2134950958
1645891686
2055817055
2048653185
1764805466
2101390842
2135876942
1905456577
1771992678
1881938899
1881938899
2027774505
2124905548
1699075354
1396075021
1695983283
2104098281
2104098281
2100545841
2147244959
2100545841
1860249231
2080158607
1861645831
2136899562
1970915637
2118458589
2140178032
1796751128
1733438749
1399135347
1968793547
2044959856
2118458589
2118458589
2118458589
2083385796
1895930408
2106901639
2083385796
2139987530
1219525437
2122053527
2129652412
2070334639
2146526562
2146526562
1769565627
2124214313
2122751810
1639617635
1841688677
2058555798
2058555798
2060142648
2142762439
2098324730
2098324730
1322552568
2143751468
1793456640
1991847455
2042801287
1802528003
1833188766
2047492500
2033296648
2019681066
2014498625
2091001330
2128331383
1404248196
2128331383
2128331383
2111119661
1560416342
1501701176
1863434004
2045048638
1970649182
2107893800
2039102159
2123437539
1864866698
2115640339
1895127320
2123437539
1893400709
2052636088
2074835583
2115640339
1370713960
1920598639
2115603302
1992836585
1820911075
2115603302
2127192731
2053393367
2071674530
2071674530
2143486858
1901602351
1990220046
2130330359
2123940153
2044376908
2123940153
2123940153
1904288988
1691297445
1817971080
2125065974
1263154230
1911205511
2132767925
2122895954
2008393277
2049692007
2049692007
1976470629
2034964002
2136093087
2033064889
1542348815
1534715496
1904460661
1873252268
1933039533
2051865083
1958073113
1978833474
1632155207
2142175802
1779429005
1968758873
2134429225
2136582595
2136582595
1748364150
1924546944
2022924774
2020730066
2130093682
1706788228
2130093682
2118058616
2008493932
2147402456
2008493932
2054391004
2054391004
2147402456
1868845092
2057806284
2144047436
1928983728
2125105780
1671723164
1680403651
2141031514
2118058616
2129783914
2141031514
2118072675
2120654315
1905710502
2087413944
1905710502
2086358097
2086358097
2086358097
2086358097
1565894648
2066619010
2008384711
1923224344
2046853883
1832801477
2097563726
2087413944
2091113709
1658695545
2105735415
2098593867
1221166067
2118072675
2113520046
2085938223
1930591902
1883025943
1802872887
1847899160
1947080909
2132326332
1947080909
1882358839
1540808573
2011467836
1711995845
2096100604
2085686933
2050578025
2085686933
2115709302
1751425673
2104371108
1552622463
1736960268
2098091460
1833023960
2011316651
1911472859
2030515601
1904268651
2118381107
2040937621
2043592795
1821806720
2080586797
2032846891
2080586797
2080586797
1551979826
2072961554
1689350310
2080586797
2032846891
2143795941
2080586797
2080586797
2079736601
2070934692
2107125601
2092701661
2080586797
2092701661
2070934692
2092701661
2092701661
2147038486
2128733597
2128733597
2084507316
2107572820
2128733597
2115057358
2118763706
2124806776
1936602237
2093843468
1749916176
2051799803
1687375677
1952769839
1805985096
2129704705
1708211356
2137836124
2098776728
1990204742
2081287608
1914878893
1889543342
2015506921
2117631600
2133204405
2081287608
2117631600
2081287608
2006638308
1807899948
2132982832
2132104851
2043607212
2044454890
2009987139
2119450593
1999276510
2115891198
2107841187
1429146879
2095067144
2095067144
2088912989
1624596131
2081202127
2088912989
2098118857
1924261806
2086514080
2088912989
2088912989
2088912989
2037574832
1218348149
2130636056
2062586991
2097734751
2129170850
2129170850
2129170850
1988558390
2129170850
2076593844
2006282807
1968376728
1695136926
2046580728
2106218496
2000413089
2114331306
1863041177
2081506098
2035076249
1649760669
1963848685
1991416658
2109773767
1838804157
2090815966
2042229104
1506021905
1980796012
2098577917
2104680720
2063566200
1674916628
2104680720
2038885401
2017653806
2104680720
1689205467
1962440443
2117286733
2101528016
1755758153
2074290819
1994420371
1987292207
2112861126
2112861126
2112861126
2112861126
2112861126
2017404840
2094009638
2061401144
2138099907
2138099907
1994728513
2138099907
1983998486
1885883578
2083563730
2095704741
2128621398
2118270980
2097629108
2118270980
1490469844
2009892046
1751076639
1812012146
2137248147
2137248147
2105279233
2004201887
2132270360
1890440801
2132270360
1481682778
1288248906
1996434212
1828200796
2107337735
2135435281
2039369867
1685054350
2084837080
2084837080
2036145407
2084837080
1509043696
2084837080
2084837080
1679266577
2061208117
2115361889
2127710617
2001490008
1945467571
1457739863
1861125789
2033244577
1891936354
1906027431
2147418809
2033458536
2106793168
2141476483
1944167528
2089241886
2141476483
2141476483
1672368903
2020224754
2128497658
2046114264
2042126090
2046114264
2091988875
2091988875
2091988875
2137683270
1900118493
2070339586
2030019474
2044470286
2069579125
1600819953
1861127655
2051351828
2011783370
1929246504
1970649657
1550404436
2102866856
1976531297
2000678283
1976531297
1549134638
1636654153
1976531297
1976531297
1808561242
2001315278
1946539414
2090426996
1911102442
2137307957
1661973440
2137307957
1911102442
2137307957
2023785718
2059280346
2089989343
1585186096
1180185145
1962814992
1910431019
2141815989
2133136701
2133136701
1945934407
1999385596
1362861940
1964461742
2025406179
1611767235
1979088207
2109871727
1984361278
2036970031
2036970031
1767914096
2036970031
2021024784
1915270264
2102127773
1893101254
2043124797
2091962206
2055077649
2077481145
2024664289
2097179034
2065153818
1913267010
1913267010
1990839608
1979587789
2029030673
1722120535
1596129313
2073301156
2073301156
2133161143
1919686895
1867960132
2127997580
2127997580
1890084771
1940914242
2077476614
2077476614
2077476614
2077476614
1984825240
2091701348
2052351953
2065876205
1863365194
1793447747
2106509987
2098334953
2098334953
1976118220
2125659625
2084400674
1988195388
2043956711
2141883422
1921293678
1352502040
2134316928
2134316928
2131064529
1990241082
2135402288
1990241082
2092517938
2092517938
1990241082
2096935508
2117396415
2062664255
2077626668
1811975461
1887615106
1765011400
2078779385
1986090533
2138050871
2140007495
2071334015
1972950669
2011054098
2068080527
2063176510
2004153922
2068080527
2004153922
2068080527
1818270509
2046721691
2099275110
2131887027
2135152845
2120769946
2135152845
1988103907
2135152845
1859671928
2133308251
2135152845
2110225496
2135152845
2133308251
2135152845
2133308251
2135152845
2133308251
1773411269
1901495782
1805188177
1904443871
2135152845
1716160476
2083720653
2130268127
2130906581
1575558399
1819663004
2005381325
2105190840
2068915883
2132915663
1283511453
1974263523
1933946411
2096189137
1904514360
2096189137
1904893167
2096189137
1485782236
1260428698
1905277955
2096189137
1498998520
2080864712
2044908287
1717546840
1830113186
1937749525
2038058619
2011342135
2011342135
1801391671
1972705405
2147121183
2133425556
1995005384
2102439369
2102439369
2036994088
1984178112
2015827432
2107232208
2107232208
1914265300
2136979009
1840386642
2135600928
923123202
2135600928
2135600928
2135600928
1839658665
2041169142
1856158283
2062209936
2045968792
2041169142
2041169142
1922039915
1923693294
1067515023
1687132644
2114697541
2008044673
2136873485
1884851091
2128713744
2128713744
2051262960
2106110968
2057509662
2128713744
1402760383
2128713744
2142047552
2123124222
2123124222
2143430341
2143430341
2143430341
2143430341
2110818898
2143430341
1817016570
2068643917
2101255360
2101255360
2110283683
2139328949
2110283683
2068643917
2126701679
2065403808
2068643917
2138263059
2068643917
2084498572
2016633855
1780684971
2133814571
2133814571
2061108281
2131469616
1954390722
2086316404
2086316404
1943095332
1947064073
2047530834
2030263869
1888947871
1794450610
2047530834
2137747328
2137747328
1888947871
1888947871
1888947871
2026199927
1946720284
2026199927
2047530834
2111764705
1921841637
2111764705
2137747328
2111764705
2086316404
2004101399
2080127383
2143572931
2086316404
2143456285
2086316404
2074083484
2144490193
1882824501
2092581847
2102932808
1106679515
1627024663
2101810298
2092581847
2128035083
2136058352
2116538910
2083845767
2136058352
283814907
2086932513
1985794311
1995322310
1741029157
2052751924
1995322310
1742665059
1733576751
2005194150
2131803426
1484583555
1963253056
1965426946
2038403196
2038403196
1975345513
1924582564
1786096627
1359123782
1503969676
1965086543
1827091614
2136952821
777071376
2117813008
2117813008
2132897971
2139096557
2139096557
1988861262
2055842827
2144640308
1801450265
2121675020
1667245928
1964678753
1972268363
2131693864
2008760828
2008760828
2008760828
2117520835
2024276082
2055277099
2086056759
2125285245
1794205805
2127994920
1794205805
2102787636
2102787636
2108682713
1967833219
2124859592
614064903
1853004575
2072645811
2104526550
2042311504
2020876703
1445303838
1073064973
1707956397
1034023588
1926265302
1393190621
2008940565
1797595712
1905867719
1952442445
1834927189
1896968829
2034080060
1670322082
1972851022
2127062887
2100028435
2084778248
2108144422
1899026885
2124009875
1724774964
1632894020
2030201888
1965550136
1802263764
2011074049
1772286193
2139317279
2044587007
1908926508
2131708111
2131708111
1842971679
2108668425
2130619739
2030954304
2105450346
2111575784
2082398335
2082398335
2078751978
2082398335
2017678627
2046585592
2089637996
2119905332
1992694127
2139247130
2139247130
1219946404
2017678627
1442196927
2055750658
2069244141
2032880839
2141391879
2138762706
2069244141
2138762706
2069244141
1907184996
2069244141
1171273131
1708103730
2052558554
2079710757
1529721516
1071581345
2078073266
2128417617
2040183725
1814331247
436870414
1966117894
2040183725
2041557155
1686438763
1861910719
2132794188
2130587696
2021450109
2130587696
2144341288
1999236091
1808722026
2144341288
2069532094
2133659212
1827517372
2109158357
2099910822
2138903748
2138903748
2126983389
1965502387
2047579480
1332309660
1827539867
2145714453
1827539867
2002956850
2072875033
2047579480
2130934138
2083217302
2083217302
2083217302
2047579480
2071222107
1880721213
2049466883
1973887727
2064092826
1945677925
2117423915
1615666057
2091446269
2082212715
2098188712
2098188712
2091446269
2141649326
1597728665
1961582295
2098188712
1994433133
2098188712
1877300209
1994433133
2098188712
1877300209
2086045750
2072369381
2072369381
2120357911
2095986446
2080624287
2132247083
2132247083
2132247083
2142823791
2142823791
1967440563
1970564757
2144938128
2060794473
2144493343
2002279353
2002279353
1915492086
2002279353
1648252390
2144493343
2113122218
2144493343
2113122218
2088185048
2113122218
2075266524
1995049465
1900810574
2041947556
1954566043
2070745888
2070318995
1966104918
1966104918
2106645523
2097344455
2097344455
2102820161
1987699648
2102820161
1937028826
2102820161
1697030190
2106386875
2128020543
1615649193
1771450573
2075241239
2128020543
2106386875
1886696803
1697727477
2080460407
1871959720
1843423252
1989363893
2080460407
1953968961
2051017712
2080460407
2010604983
1972079290
2059920826
2028383259
1964429298
2004089427
1665940286
2004089427
1451254927
2004089427
2062491568
2004089427
1245529328
2138683448
2130035470
2133156989
2062886972
2133156989
2044939523
2044939523
1908350795
2082283164
2102483812
2001924099
2011769371
2102483812
2011769371
2081263527
2098364352
1504577428
2032053493
1715983499
1996379587
2072351154
1836021436
2127516673
1792687769
2047051010
2124058277
1209275781
1974416435
1209275781
2110323251
2041987817
964691301
2110323251
1964098652
2124296875
2071239588
1912181183
2036970462
2124296875
1364102073
1893942387
1893942387
2136685086
1777340434
2008571777
2108620794
2061897299
2108620794
2108620794
1616698866
2061897299
2049812319
2134755884
1819440020
1626614404
2015291793
2127049165
2065206967
2145364823
2145364823
2091177552
2015873550
2145364823
2075838498
1808558088
2080938766
2138673773
1703670870
1959017964
2147096169
2138673773
2147096169
1933781852
2141002517
2093099994
1924423760
2133673642
2137375864
2137375864
2082405178
2137375864
2082405178
2071112293
2110436141
2092628416
1963874658
1926744641
2080078854
2139653989
1713843672
2078554526
2090785718
1039820760
2138952518
2138952518
2138952518
2138952518
2138952518
2135768897
2135768897
1810521821
1338664075
2135768897
2135768897
2144537815
2135768897
629475023
2135768897
2128608795
1638783745
2021445644
2091090524
2108129917
1516122739
2073697960
1790915797
2098251736
2088818541
1985341035
2135315682
1421841026
2096745757
2096745757
2096745757
2096745757
2096745757
2106024954
2096745757
2124058575
2096745757
2096745757
2124058575
1814192370
2033239997
1979475927
1317235651
2107942254
2125402045
2004777421
1846593704
2107942254
2136524792
1999544654
2004777421
1961062717
2077625340
2016162702
1748588528
2016162702
1910702865
1894913765
1987286931
1909692364
2119000738
2011368788
1944534706
2075108356
1832252596
2039028173
1945870626
1751739511
2081155486
2029914949
1992820377
2042239473
2143418752
2143269522
2053970111
2130033324
2130295610
2079861619
1798328437
2014762396
1851048866
1815929619
2058171515
2139901097
2058171515
1828847502
2129553372
2074871624
2030017187
2030017187
2143498115
2135371957
2143498115
1862057249
2091187205
1904317435
2015274399
2015274399
1949203187
2139461090
1980325339
1980325339
2045737492
2139461090
2021060164
2139461090
2133703240
2004220422
2053760186
2110783231
2075735769
2005216598
2065523522
2133703240
2097553648
2097553648
2028750599
2124229145
2144179028
2057386466
1962960761
2119224238
2045751834
2139874946
2045751834
2053681919
1692111183
2042880751
2099856624
2045751834
2045751834
2094080779
2061314825
2008785276
2061314825
2083393673
2123969555
1625950874
2134569579
1402889592
2119790790
2145614847
2133884736
2093238931
2054950809
739384391
1972222082
2128586487
2051374204
2071966852
2071966852
2071966852
2051374204
1981629511
2087346876
1946783627
2139750072
2021467510
2051092377
2118707507
2143867693
2116223721
2045959438
2138610277
2045959438
